2026-07-01T11:46:29.230 thread=140243694140352 event=logging.enabled path=PosixPath('/home/xircon/dmnts/twotb/scripts/pyside/fm/fm.log') version='0.92'
2026-07-01T11:46:29.230 thread=140243694140352 event=settings.accepted file_logging_enabled=True
2026-07-01T11:46:49.086 thread=140243694140352 event=drag.start pane='Left' count=1 paths=['/home/xircon/dmnts/twotb/scripts/pyside/fm/Test2gb.file']
2026-07-01T11:46:52.629 thread=140243694140352 event=drop.received pane='Left' action='DropAction.CopyAction' paths=['/home/xircon/dmnts/twotb/scripts/pyside/fm/Test2gb.file'] destination=PosixPath('/home/xircon/dmnts/twotb/scripts/pyside/fm/TestDir')
2026-07-01T11:46:52.629 thread=140243694140352 event=drop.copy pane='Left' count=1 destination=PosixPath('/home/xircon/dmnts/twotb/scripts/pyside/fm/TestDir')
2026-07-01T11:46:52.629 thread=140243694140352 event=copy.request pane='Left' count=1 destination=PosixPath('/home/xircon/dmnts/twotb/scripts/pyside/fm/TestDir') paths=['/home/xircon/dmnts/twotb/scripts/pyside/fm/Test2gb.file']
2026-07-01T11:46:52.629 thread=140243694140352 event=collision.none source=PosixPath('/home/xircon/dmnts/twotb/scripts/pyside/fm/Test2gb.file') destination=PosixPath('/home/xircon/dmnts/twotb/scripts/pyside/fm/TestDir/Test2gb.file')
2026-07-01T11:46:52.630 thread=140243694140352 event=copy.start_dialog pane='Left' targets=[('/home/xircon/dmnts/twotb/scripts/pyside/fm/Test2gb.file', '/home/xircon/dmnts/twotb/scripts/pyside/fm/TestDir/Test2gb.file')]
2026-07-01T11:46:52.630 thread=140243694140352 event=operation.dialog.create pane='Left' operation='copy' targets=1 title='Copying files...'
2026-07-01T11:46:52.630 thread=140243694140352 event=operation.begin active=1 queued=0
2026-07-01T11:46:52.633 thread=140243694140352 event=operation.thread.started pane='Left' operation='copy' targets=1
2026-07-01T11:46:52.633 thread=140242501924544 event=operation.worker.start operation='copy' targets=1
2026-07-01T11:46:52.634 thread=140242501924544 event=operation.worker.sized operation='copy' total_bytes=2000000000 total_units=30518
2026-07-01T11:46:52.634 thread=140242501924544 event=operation.target.start operation='copy' source=PosixPath('/home/xircon/dmnts/twotb/scripts/pyside/fm/Test2gb.file') target=PosixPath('/home/xircon/dmnts/twotb/scripts/pyside/fm/TestDir/Test2gb.file')
2026-07-01T11:46:52.634 thread=140242501924544 event=copy.file.start source=PosixPath('/home/xircon/dmnts/twotb/scripts/pyside/fm/Test2gb.file') target=PosixPath('/home/xircon/dmnts/twotb/scripts/pyside/fm/TestDir/Test2gb.file')
2026-07-01T11:46:52.635 thread=140243694140352 event=drag.done pane='Left' count=1
2026-07-01T11:46:53.667 thread=140242501924544 event=copy.file.done source=PosixPath('/home/xircon/dmnts/twotb/scripts/pyside/fm/Test2gb.file') target=PosixPath('/home/xircon/dmnts/twotb/scripts/pyside/fm/TestDir/Test2gb.file') bytes=2000000000 elapsed_seconds=1.033
2026-07-01T11:46:53.667 thread=140242501924544 event=operation.target.done operation='copy' source=PosixPath('/home/xircon/dmnts/twotb/scripts/pyside/fm/Test2gb.file') target=PosixPath('/home/xircon/dmnts/twotb/scripts/pyside/fm/TestDir/Test2gb.file') done_bytes=2000000000
2026-07-01T11:46:53.668 thread=140242501924544 event=operation.worker.done operation='copy' completed=1 elapsed_seconds=1.034 done_bytes=2000000000
2026-07-01T11:46:53.668 thread=140243694140352 event=operation.completed.signal pane='Left' operation='copy' completed=1
2026-07-01T11:46:53.669 thread=140243694140352 event=operation.cancel_requested operation='copy' targets=1
2026-07-01T11:46:53.669 thread=140243694140352 event=operation.end active=0 queued=0
2026-07-01T11:46:53.669 thread=140243694140352 event=operation.finish pane='Left' operation='copy' completed=1 warning=None
2026-07-01T11:47:18.187 thread=140243694140352 event=operation.begin active=1 queued=0
2026-07-01T11:47:19.676 thread=140243694140352 event=operation.end active=0 queued=0
2026-07-01T11:47:30.626 thread=140243694140352 event=clipboard.paste.empty pane='Left'
2026-07-01T11:47:47.405 thread=140243694140352 event=clipboard.paste.empty pane='Left'
2026-07-01T11:48:23.002 thread=140243694140352 event=move.request pane='Right' count=1 destination=PosixPath('/home/xircon/dmnts/twotb/scripts/pyside/fm/TestDir') paths=['/home/xircon/dmnts/twotb/scripts/pyside/fm/Test2gb.file']
2026-07-01T11:48:23.002 thread=140243694140352 event=collision.none source=PosixPath('/home/xircon/dmnts/twotb/scripts/pyside/fm/Test2gb.file') destination=PosixPath('/home/xircon/dmnts/twotb/scripts/pyside/fm/TestDir/Test2gb.file')
2026-07-01T11:48:23.002 thread=140243694140352 event=move.start_dialog pane='Right' targets=[('/home/xircon/dmnts/twotb/scripts/pyside/fm/Test2gb.file', '/home/xircon/dmnts/twotb/scripts/pyside/fm/TestDir/Test2gb.file')]
2026-07-01T11:48:23.003 thread=140243694140352 event=operation.dialog.create pane='Right' operation='move' targets=1 title='Moving files...'
2026-07-01T11:48:23.003 thread=140243694140352 event=operation.begin active=1 queued=0
2026-07-01T11:48:23.005 thread=140243694140352 event=operation.thread.started pane='Right' operation='move' targets=1
2026-07-01T11:48:23.005 thread=140242501924544 event=operation.worker.start operation='move' targets=1
2026-07-01T11:48:23.006 thread=140242501924544 event=operation.worker.sized operation='move' total_bytes=2000000000 total_units=30518
2026-07-01T11:48:23.006 thread=140242501924544 event=operation.target.start operation='move' source=PosixPath('/home/xircon/dmnts/twotb/scripts/pyside/fm/Test2gb.file') target=PosixPath('/home/xircon/dmnts/twotb/scripts/pyside/fm/TestDir/Test2gb.file')
2026-07-01T11:48:23.007 thread=140242501924544 event=move.start source=PosixPath('/home/xircon/dmnts/twotb/scripts/pyside/fm/Test2gb.file') target=PosixPath('/home/xircon/dmnts/twotb/scripts/pyside/fm/TestDir/Test2gb.file')
2026-07-01T11:48:23.007 thread=140242501924544 event=move.rename.try source=PosixPath('/home/xircon/dmnts/twotb/scripts/pyside/fm/Test2gb.file') target=PosixPath('/home/xircon/dmnts/twotb/scripts/pyside/fm/TestDir/Test2gb.file') source_size=2000000000
2026-07-01T11:48:23.007 thread=140242501924544 event=move.rename.done source=PosixPath('/home/xircon/dmnts/twotb/scripts/pyside/fm/Test2gb.file') target=PosixPath('/home/xircon/dmnts/twotb/scripts/pyside/fm/TestDir/Test2gb.file') elapsed_seconds=0.0
2026-07-01T11:48:23.007 thread=140242501924544 event=operation.target.done operation='move' source=PosixPath('/home/xircon/dmnts/twotb/scripts/pyside/fm/Test2gb.file') target=PosixPath('/home/xircon/dmnts/twotb/scripts/pyside/fm/TestDir/Test2gb.file') done_bytes=2000000000
2026-07-01T11:48:23.007 thread=140242501924544 event=operation.worker.done operation='move' completed=1 elapsed_seconds=0.002 done_bytes=2000000000
2026-07-01T11:48:23.013 thread=140243694140352 event=operation.completed.signal pane='Right' operation='move' completed=1
2026-07-01T11:48:23.013 thread=140243694140352 event=operation.cancel_requested operation='move' targets=1
2026-07-01T11:48:23.013 thread=140243694140352 event=operation.end active=0 queued=0
2026-07-01T11:48:23.013 thread=140243694140352 event=operation.finish pane='Right' operation='move' completed=1 warning=None
2026-07-01T11:49:29.032 thread=140243694140352 event=app.close.request active_file_operations=0 queued=0
2026-07-01T11:49:29.035 thread=140243694140352 event=app.close.accepted
2026-07-01T11:49:29.038 thread=140243694140352 event=operation.cancel_requested operation='copy' targets=1
2026-07-01T11:49:29.038 thread=140243694140352 event=operation.cancel_requested operation='move' targets=1
2026-07-01T11:49:32.110 thread=140659421150144 event=logging.enabled path=PosixPath('/home/xircon/dmnts/twotb/scripts/pyside/fm/fm.log') version='0.92'
2026-07-01T11:49:32.110 thread=140659421150144 event=app.start version='0.92'
2026-07-01T11:49:35.161 thread=140659421150144 event=app.close.request active_file_operations=0 queued=0
2026-07-01T11:49:35.179 thread=140659421150144 event=app.close.accepted
2026-07-01T11:51:16.729 thread=140668809759680 event=logging.enabled path=PosixPath('/home/xircon/dmnts/twotb/scripts/pyside/fm/fm.log') version='0.93'
2026-07-01T11:51:16.729 thread=140668809759680 event=app.start version='0.93'
2026-07-01T11:51:19.062 thread=140668809759680 event=app.close.request active_file_operations=0 queued=0
2026-07-01T11:51:19.077 thread=140668809759680 event=app.close.accepted
2026-07-01T11:51:22.068 thread=139929746209728 event=logging.enabled path=PosixPath('/home/xircon/dmnts/twotb/scripts/pyside/fm/fm.log') version='0.93'
2026-07-01T11:51:22.068 thread=139929746209728 event=app.start version='0.93'
2026-07-01T11:51:24.218 thread=139929746209728 event=app.close.request active_file_operations=0 queued=0
2026-07-01T11:51:24.230 thread=139929746209728 event=app.close.accepted
2026-07-01T11:54:35.676 thread=139682280127424 event=logging.enabled path=PosixPath('/home/xircon/dmnts/twotb/scripts/pyside/fm/fm.log') version='0.93'
2026-07-01T11:54:35.676 thread=139682280127424 event=app.start version='0.93'
2026-07-01T11:54:49.732 thread=139682280127424 event=clipboard.move pane='Right' count=1 paths=['/home/xircon/dmnts/htpc-mech/TV/50mb/gentoo_root.img']
2026-07-01T11:54:55.992 thread=139682280127424 event=clipboard.paste pane='Left' source='internal' operation='move' count=1 destination=PosixPath('/home/xircon/dmnts/twotb/Downloads/Completed') paths=['/home/xircon/dmnts/htpc-mech/TV/50mb/gentoo_root.img']
2026-07-01T11:54:55.992 thread=139682280127424 event=move.request pane='Left' count=1 destination=PosixPath('/home/xircon/dmnts/twotb/Downloads/Completed') paths=['/home/xircon/dmnts/htpc-mech/TV/50mb/gentoo_root.img']
2026-07-01T11:54:55.992 thread=139682280127424 event=collision.none source=PosixPath('/home/xircon/dmnts/htpc-mech/TV/50mb/gentoo_root.img') destination=PosixPath('/home/xircon/dmnts/twotb/Downloads/Completed/gentoo_root.img')
2026-07-01T11:54:55.992 thread=139682280127424 event=move.start_dialog pane='Left' targets=[('/home/xircon/dmnts/htpc-mech/TV/50mb/gentoo_root.img', '/home/xircon/dmnts/twotb/Downloads/Completed/gentoo_root.img')]
2026-07-01T11:54:55.992 thread=139682280127424 event=operation.dialog.create pane='Left' operation='move' targets=1 title='Moving files...'
2026-07-01T11:54:55.992 thread=139682280127424 event=operation.begin active=1 queued=0
2026-07-01T11:54:55.995 thread=139682280127424 event=operation.thread.started pane='Left' operation='move' targets=1
2026-07-01T11:54:55.995 thread=139681043838656 event=operation.worker.start operation='move' targets=1
2026-07-01T11:54:55.996 thread=139681043838656 event=operation.worker.sized operation='move' total_bytes=50000000 total_units=763
2026-07-01T11:54:55.996 thread=139681043838656 event=operation.target.start operation='move' source=PosixPath('/home/xircon/dmnts/htpc-mech/TV/50mb/gentoo_root.img') target=PosixPath('/home/xircon/dmnts/twotb/Downloads/Completed/gentoo_root.img')
2026-07-01T11:54:55.997 thread=139681043838656 event=move.start source=PosixPath('/home/xircon/dmnts/htpc-mech/TV/50mb/gentoo_root.img') target=PosixPath('/home/xircon/dmnts/twotb/Downloads/Completed/gentoo_root.img')
2026-07-01T11:54:55.997 thread=139681043838656 event=move.rename.try source=PosixPath('/home/xircon/dmnts/htpc-mech/TV/50mb/gentoo_root.img') target=PosixPath('/home/xircon/dmnts/twotb/Downloads/Completed/gentoo_root.img') source_size=50000000
2026-07-01T11:54:55.997 thread=139681043838656 event=move.rename.failed source=PosixPath('/home/xircon/dmnts/htpc-mech/TV/50mb/gentoo_root.img') target=PosixPath('/home/xircon/dmnts/twotb/Downloads/Completed/gentoo_root.img') error="OSError(18, 'Invalid cross-device link')" elapsed_seconds=0.0
2026-07-01T11:54:55.997 thread=139681043838656 event=copy.file.start source=PosixPath('/home/xircon/dmnts/htpc-mech/TV/50mb/gentoo_root.img') target=PosixPath('/home/xircon/dmnts/twotb/Downloads/Completed/gentoo_root.img')
2026-07-01T11:55:18.923 thread=139682280127424 event=logging.enabled path=PosixPath('/home/xircon/dmnts/twotb/scripts/pyside/fm/fm.log') version='0.93'
2026-07-01T11:55:18.923 thread=139682280127424 event=settings.accepted file_logging_enabled=True
2026-07-01T11:55:31.092 thread=139681043838656 event=copy.file.done source=PosixPath('/home/xircon/dmnts/htpc-mech/TV/50mb/gentoo_root.img') target=PosixPath('/home/xircon/dmnts/twotb/Downloads/Completed/gentoo_root.img') bytes=50000000 elapsed_seconds=35.095
2026-07-01T11:55:31.092 thread=139681043838656 event=move.remove_source.start source=PosixPath('/home/xircon/dmnts/htpc-mech/TV/50mb/gentoo_root.img')
2026-07-01T11:55:31.138 thread=139681043838656 event=move.remove_source.done source=PosixPath('/home/xircon/dmnts/htpc-mech/TV/50mb/gentoo_root.img')
2026-07-01T11:55:31.138 thread=139681043838656 event=move.copy_delete.done source=PosixPath('/home/xircon/dmnts/htpc-mech/TV/50mb/gentoo_root.img') target=PosixPath('/home/xircon/dmnts/twotb/Downloads/Completed/gentoo_root.img') elapsed_seconds=35.142
2026-07-01T11:55:31.139 thread=139681043838656 event=operation.target.done operation='move' source=PosixPath('/home/xircon/dmnts/htpc-mech/TV/50mb/gentoo_root.img') target=PosixPath('/home/xircon/dmnts/twotb/Downloads/Completed/gentoo_root.img') done_bytes=50000000
2026-07-01T11:55:31.139 thread=139681043838656 event=operation.worker.done operation='move' completed=1 elapsed_seconds=35.143 done_bytes=50000000
2026-07-01T11:55:31.140 thread=139682280127424 event=operation.completed.signal pane='Left' operation='move' completed=1
2026-07-01T11:55:31.140 thread=139682280127424 event=operation.end active=0 queued=0
2026-07-01T11:55:31.140 thread=139682280127424 event=operation.finish pane='Left' operation='move' completed=1 warning=None
2026-07-01T11:58:22.413 thread=139682280127424 event=app.close.request active_file_operations=0 queued=0
2026-07-01T11:58:22.431 thread=139682280127424 event=app.close.accepted
2026-07-01T11:58:30.885 thread=139675542174656 event=logging.enabled path=PosixPath('/home/xircon/dmnts/twotb/scripts/pyside/fm/fm.log') version='0.94'
2026-07-01T11:58:30.885 thread=139675542174656 event=app.start version='0.94'
2026-07-01T11:58:40.313 thread=139675542174656 event=clipboard.move pane='Left' count=1 paths=['/home/xircon/dmnts/twotb/Downloads/Completed/gentoo_root.img']
2026-07-01T11:58:43.829 thread=139675542174656 event=clipboard.paste pane='Right' source='internal' operation='move' count=1 destination=PosixPath('/home/xircon/dmnts/htpc-mech/TV/50mb') paths=['/home/xircon/dmnts/twotb/Downloads/Completed/gentoo_root.img']
2026-07-01T11:58:43.829 thread=139675542174656 event=move.request pane='Right' count=1 destination=PosixPath('/home/xircon/dmnts/htpc-mech/TV/50mb') paths=['/home/xircon/dmnts/twotb/Downloads/Completed/gentoo_root.img']
2026-07-01T11:58:43.846 thread=139675542174656 event=collision.none source=PosixPath('/home/xircon/dmnts/twotb/Downloads/Completed/gentoo_root.img') destination=PosixPath('/home/xircon/dmnts/htpc-mech/TV/50mb/gentoo_root.img')
2026-07-01T11:58:43.846 thread=139675542174656 event=move.start_dialog pane='Right' targets=[('/home/xircon/dmnts/twotb/Downloads/Completed/gentoo_root.img', '/home/xircon/dmnts/htpc-mech/TV/50mb/gentoo_root.img')]
2026-07-01T11:58:43.846 thread=139675542174656 event=operation.dialog.create pane='Right' operation='move' targets=1 title='Moving files...'
2026-07-01T11:58:43.846 thread=139675542174656 event=operation.begin active=1 queued=0
2026-07-01T11:58:43.849 thread=139675542174656 event=operation.thread.started pane='Right' operation='move' targets=1
2026-07-01T11:58:43.849 thread=139674374895296 event=operation.worker.start operation='move' targets=1
2026-07-01T11:58:43.850 thread=139674374895296 event=operation.worker.sized operation='move' total_bytes=50000000 total_units=763
2026-07-01T11:58:43.850 thread=139674374895296 event=operation.target.start operation='move' source=PosixPath('/home/xircon/dmnts/twotb/Downloads/Completed/gentoo_root.img') target=PosixPath('/home/xircon/dmnts/htpc-mech/TV/50mb/gentoo_root.img')
2026-07-01T11:58:43.868 thread=139674374895296 event=move.start source=PosixPath('/home/xircon/dmnts/twotb/Downloads/Completed/gentoo_root.img') target=PosixPath('/home/xircon/dmnts/htpc-mech/TV/50mb/gentoo_root.img')
2026-07-01T11:58:43.869 thread=139674374895296 event=move.rename.try source=PosixPath('/home/xircon/dmnts/twotb/Downloads/Completed/gentoo_root.img') target=PosixPath('/home/xircon/dmnts/htpc-mech/TV/50mb/gentoo_root.img') source_size=50000000
2026-07-01T11:58:43.869 thread=139674374895296 event=move.rename.failed source=PosixPath('/home/xircon/dmnts/twotb/Downloads/Completed/gentoo_root.img') target=PosixPath('/home/xircon/dmnts/htpc-mech/TV/50mb/gentoo_root.img') error="OSError(18, 'Invalid cross-device link')" elapsed_seconds=0.001
2026-07-01T11:58:43.870 thread=139674374895296 event=move.copy_delete.start source=PosixPath('/home/xircon/dmnts/twotb/Downloads/Completed/gentoo_root.img') target=PosixPath('/home/xircon/dmnts/htpc-mech/TV/50mb/gentoo_root.img')
2026-07-01T11:58:43.919 thread=139674374895296 event=copy.file.start operation='move' source=PosixPath('/home/xircon/dmnts/twotb/Downloads/Completed/gentoo_root.img') target=PosixPath('/home/xircon/dmnts/htpc-mech/TV/50mb/gentoo_root.img')
2026-07-01T11:59:21.924 thread=139674374895296 event=copy.file.done operation='move' source=PosixPath('/home/xircon/dmnts/twotb/Downloads/Completed/gentoo_root.img') target=PosixPath('/home/xircon/dmnts/htpc-mech/TV/50mb/gentoo_root.img') bytes=50000000 elapsed_seconds=38.005
2026-07-01T11:59:21.924 thread=139674374895296 event=move.remove_source.start source=PosixPath('/home/xircon/dmnts/twotb/Downloads/Completed/gentoo_root.img')
2026-07-01T11:59:21.927 thread=139674374895296 event=move.remove_source.done source=PosixPath('/home/xircon/dmnts/twotb/Downloads/Completed/gentoo_root.img')
2026-07-01T11:59:21.927 thread=139674374895296 event=move.copy_delete.done source=PosixPath('/home/xircon/dmnts/twotb/Downloads/Completed/gentoo_root.img') target=PosixPath('/home/xircon/dmnts/htpc-mech/TV/50mb/gentoo_root.img') elapsed_seconds=38.059
2026-07-01T11:59:21.928 thread=139674374895296 event=operation.target.done operation='move' source=PosixPath('/home/xircon/dmnts/twotb/Downloads/Completed/gentoo_root.img') target=PosixPath('/home/xircon/dmnts/htpc-mech/TV/50mb/gentoo_root.img') done_bytes=50000000
2026-07-01T11:59:21.928 thread=139674374895296 event=operation.worker.done operation='move' completed=1 elapsed_seconds=38.078 done_bytes=50000000
2026-07-01T11:59:21.929 thread=139675542174656 event=operation.completed.signal pane='Right' operation='move' completed=1
2026-07-01T11:59:21.930 thread=139675542174656 event=operation.end active=0 queued=0
2026-07-01T11:59:21.930 thread=139675542174656 event=operation.finish pane='Right' operation='move' completed=1 warning=None
2026-07-01T12:01:51.696 thread=139675542174656 event=clipboard.move pane='Right' count=1 paths=['/home/xircon/dmnts/htpc-mech/TV/50mb/gentoo_root.img']
2026-07-01T12:02:01.559 thread=139675542174656 event=clipboard.paste pane='Left' source='internal' operation='move' count=1 destination=PosixPath('/home/xircon/dmnts/twotb/Downloads/Completed') paths=['/home/xircon/dmnts/htpc-mech/TV/50mb/gentoo_root.img']
2026-07-01T12:02:01.560 thread=139675542174656 event=move.request pane='Left' count=1 destination=PosixPath('/home/xircon/dmnts/twotb/Downloads/Completed') paths=['/home/xircon/dmnts/htpc-mech/TV/50mb/gentoo_root.img']
2026-07-01T12:02:01.560 thread=139675542174656 event=collision.none source=PosixPath('/home/xircon/dmnts/htpc-mech/TV/50mb/gentoo_root.img') destination=PosixPath('/home/xircon/dmnts/twotb/Downloads/Completed/gentoo_root.img')
2026-07-01T12:02:01.560 thread=139675542174656 event=move.start_dialog pane='Left' targets=[('/home/xircon/dmnts/htpc-mech/TV/50mb/gentoo_root.img', '/home/xircon/dmnts/twotb/Downloads/Completed/gentoo_root.img')]
2026-07-01T12:02:01.560 thread=139675542174656 event=operation.dialog.create pane='Left' operation='move' targets=1 title='Moving files...'
2026-07-01T12:02:01.560 thread=139675542174656 event=operation.begin active=1 queued=0
2026-07-01T12:02:01.563 thread=139675542174656 event=operation.thread.started pane='Left' operation='move' targets=1
2026-07-01T12:02:01.563 thread=139674374895296 event=operation.worker.start operation='move' targets=1
2026-07-01T12:02:01.563 thread=139674374895296 event=operation.worker.sized operation='move' total_bytes=50000000 total_units=763
2026-07-01T12:02:01.564 thread=139674374895296 event=operation.target.start operation='move' source=PosixPath('/home/xircon/dmnts/htpc-mech/TV/50mb/gentoo_root.img') target=PosixPath('/home/xircon/dmnts/twotb/Downloads/Completed/gentoo_root.img')
2026-07-01T12:02:01.564 thread=139674374895296 event=move.start source=PosixPath('/home/xircon/dmnts/htpc-mech/TV/50mb/gentoo_root.img') target=PosixPath('/home/xircon/dmnts/twotb/Downloads/Completed/gentoo_root.img')
2026-07-01T12:02:01.564 thread=139674374895296 event=move.rename.try source=PosixPath('/home/xircon/dmnts/htpc-mech/TV/50mb/gentoo_root.img') target=PosixPath('/home/xircon/dmnts/twotb/Downloads/Completed/gentoo_root.img') source_size=50000000
2026-07-01T12:02:01.564 thread=139674374895296 event=move.rename.failed source=PosixPath('/home/xircon/dmnts/htpc-mech/TV/50mb/gentoo_root.img') target=PosixPath('/home/xircon/dmnts/twotb/Downloads/Completed/gentoo_root.img') error="OSError(18, 'Invalid cross-device link')" elapsed_seconds=0.0
2026-07-01T12:02:01.564 thread=139674374895296 event=move.copy_delete.start source=PosixPath('/home/xircon/dmnts/htpc-mech/TV/50mb/gentoo_root.img') target=PosixPath('/home/xircon/dmnts/twotb/Downloads/Completed/gentoo_root.img')
2026-07-01T12:02:01.564 thread=139674374895296 event=copy.file.start operation='move' source=PosixPath('/home/xircon/dmnts/htpc-mech/TV/50mb/gentoo_root.img') target=PosixPath('/home/xircon/dmnts/twotb/Downloads/Completed/gentoo_root.img')
2026-07-01T12:02:14.513 thread=139675542174656 event=operation.cancel_requested operation='move' targets=1
2026-07-01T12:02:15.570 thread=139674374895296 event=operation.worker.canceled operation='move' completed=0
2026-07-01T12:02:15.572 thread=139675542174656 event=operation.canceled.signal pane='Left' operation='move' completed=0
2026-07-01T12:02:15.572 thread=139675542174656 event=operation.end active=0 queued=0
2026-07-01T12:02:15.572 thread=139675542174656 event=operation.finish pane='Left' operation='move' completed=0 warning=None
2026-07-01T12:02:19.872 thread=139675542174656 event=operation.begin active=1 queued=0
2026-07-01T12:02:20.543 thread=139675542174656 event=operation.end active=0 queued=0
2026-07-01T12:02:31.724 thread=139675542174656 event=clipboard.move pane='Right' count=1 paths=['/home/xircon/dmnts/htpc-mech/TV/50mb/gentoo_root.img']
2026-07-01T12:02:35.659 thread=139675542174656 event=clipboard.paste pane='Left' source='internal' operation='move' count=1 destination=PosixPath('/home/xircon/dmnts/htpc-mech/TV') paths=['/home/xircon/dmnts/htpc-mech/TV/50mb/gentoo_root.img']
2026-07-01T12:02:35.659 thread=139675542174656 event=move.request pane='Left' count=1 destination=PosixPath('/home/xircon/dmnts/htpc-mech/TV') paths=['/home/xircon/dmnts/htpc-mech/TV/50mb/gentoo_root.img']
2026-07-01T12:02:35.668 thread=139675542174656 event=collision.none source=PosixPath('/home/xircon/dmnts/htpc-mech/TV/50mb/gentoo_root.img') destination=PosixPath('/home/xircon/dmnts/htpc-mech/TV/gentoo_root.img')
2026-07-01T12:02:35.668 thread=139675542174656 event=move.start_dialog pane='Left' targets=[('/home/xircon/dmnts/htpc-mech/TV/50mb/gentoo_root.img', '/home/xircon/dmnts/htpc-mech/TV/gentoo_root.img')]
2026-07-01T12:02:35.668 thread=139675542174656 event=operation.dialog.create pane='Left' operation='move' targets=1 title='Moving files...'
2026-07-01T12:02:35.668 thread=139675542174656 event=operation.begin active=1 queued=0
2026-07-01T12:02:35.672 thread=139675542174656 event=operation.thread.started pane='Left' operation='move' targets=1
2026-07-01T12:02:35.672 thread=139674374895296 event=operation.worker.start operation='move' targets=1
2026-07-01T12:02:35.672 thread=139674374895296 event=operation.worker.sized operation='move' total_bytes=50000000 total_units=763
2026-07-01T12:02:35.672 thread=139674374895296 event=operation.target.start operation='move' source=PosixPath('/home/xircon/dmnts/htpc-mech/TV/50mb/gentoo_root.img') target=PosixPath('/home/xircon/dmnts/htpc-mech/TV/gentoo_root.img')
2026-07-01T12:02:35.681 thread=139674374895296 event=move.start source=PosixPath('/home/xircon/dmnts/htpc-mech/TV/50mb/gentoo_root.img') target=PosixPath('/home/xircon/dmnts/htpc-mech/TV/gentoo_root.img')
2026-07-01T12:02:35.682 thread=139674374895296 event=move.rename.try source=PosixPath('/home/xircon/dmnts/htpc-mech/TV/50mb/gentoo_root.img') target=PosixPath('/home/xircon/dmnts/htpc-mech/TV/gentoo_root.img') source_size=50000000
2026-07-01T12:02:35.694 thread=139674374895296 event=move.rename.done source=PosixPath('/home/xircon/dmnts/htpc-mech/TV/50mb/gentoo_root.img') target=PosixPath('/home/xircon/dmnts/htpc-mech/TV/gentoo_root.img') elapsed_seconds=0.013
2026-07-01T12:02:35.695 thread=139674374895296 event=operation.target.done operation='move' source=PosixPath('/home/xircon/dmnts/htpc-mech/TV/50mb/gentoo_root.img') target=PosixPath('/home/xircon/dmnts/htpc-mech/TV/gentoo_root.img') done_bytes=50000000
2026-07-01T12:02:35.695 thread=139674374895296 event=operation.worker.done operation='move' completed=1 elapsed_seconds=0.023 done_bytes=50000000
2026-07-01T12:02:35.696 thread=139675542174656 event=operation.completed.signal pane='Left' operation='move' completed=1
2026-07-01T12:02:35.697 thread=139675542174656 event=operation.end active=0 queued=0
2026-07-01T12:02:35.697 thread=139675542174656 event=operation.finish pane='Left' operation='move' completed=1 warning=None
2026-07-01T12:02:47.223 thread=139675542174656 event=clipboard.move pane='Left' count=1 paths=['/home/xircon/dmnts/htpc-mech/TV/gentoo_root.img']
2026-07-01T12:02:53.759 thread=139675542174656 event=clipboard.paste pane='Left' source='internal' operation='move' count=1 destination=PosixPath('/home/xircon/dmnts/htpc-mech/TV/50mb') paths=['/home/xircon/dmnts/htpc-mech/TV/gentoo_root.img']
2026-07-01T12:02:53.759 thread=139675542174656 event=move.request pane='Left' count=1 destination=PosixPath('/home/xircon/dmnts/htpc-mech/TV/50mb') paths=['/home/xircon/dmnts/htpc-mech/TV/gentoo_root.img']
2026-07-01T12:02:53.962 thread=139675542174656 event=collision.none source=PosixPath('/home/xircon/dmnts/htpc-mech/TV/gentoo_root.img') destination=PosixPath('/home/xircon/dmnts/htpc-mech/TV/50mb/gentoo_root.img')
2026-07-01T12:02:53.962 thread=139675542174656 event=move.start_dialog pane='Left' targets=[('/home/xircon/dmnts/htpc-mech/TV/gentoo_root.img', '/home/xircon/dmnts/htpc-mech/TV/50mb/gentoo_root.img')]
2026-07-01T12:02:53.962 thread=139675542174656 event=operation.dialog.create pane='Left' operation='move' targets=1 title='Moving files...'
2026-07-01T12:02:53.962 thread=139675542174656 event=operation.begin active=1 queued=0
2026-07-01T12:02:53.965 thread=139675542174656 event=operation.thread.started pane='Left' operation='move' targets=1
2026-07-01T12:02:53.965 thread=139674374895296 event=operation.worker.start operation='move' targets=1
2026-07-01T12:02:53.966 thread=139674374895296 event=operation.worker.sized operation='move' total_bytes=50000000 total_units=763
2026-07-01T12:02:53.966 thread=139674374895296 event=operation.target.start operation='move' source=PosixPath('/home/xircon/dmnts/htpc-mech/TV/gentoo_root.img') target=PosixPath('/home/xircon/dmnts/htpc-mech/TV/50mb/gentoo_root.img')
2026-07-01T12:02:54.309 thread=139674374895296 event=move.start source=PosixPath('/home/xircon/dmnts/htpc-mech/TV/gentoo_root.img') target=PosixPath('/home/xircon/dmnts/htpc-mech/TV/50mb/gentoo_root.img')
2026-07-01T12:02:54.310 thread=139674374895296 event=move.rename.try source=PosixPath('/home/xircon/dmnts/htpc-mech/TV/gentoo_root.img') target=PosixPath('/home/xircon/dmnts/htpc-mech/TV/50mb/gentoo_root.img') source_size=50000000
2026-07-01T12:02:54.480 thread=139674374895296 event=move.rename.done source=PosixPath('/home/xircon/dmnts/htpc-mech/TV/gentoo_root.img') target=PosixPath('/home/xircon/dmnts/htpc-mech/TV/50mb/gentoo_root.img') elapsed_seconds=0.171
2026-07-01T12:02:54.481 thread=139674374895296 event=operation.target.done operation='move' source=PosixPath('/home/xircon/dmnts/htpc-mech/TV/gentoo_root.img') target=PosixPath('/home/xircon/dmnts/htpc-mech/TV/50mb/gentoo_root.img') done_bytes=50000000
2026-07-01T12:02:54.482 thread=139674374895296 event=operation.worker.done operation='move' completed=1 elapsed_seconds=0.516 done_bytes=50000000
2026-07-01T12:02:54.482 thread=139675542174656 event=operation.completed.signal pane='Left' operation='move' completed=1
2026-07-01T12:02:54.483 thread=139675542174656 event=operation.end active=0 queued=0
2026-07-01T12:02:54.483 thread=139675542174656 event=operation.finish pane='Left' operation='move' completed=1 warning=None
2026-07-01T12:04:40.130 thread=139675542174656 event=clipboard.move pane='Right' count=1 paths=['/home/xircon/dmnts/htpc-mech/TV/50mb/gentoo_root.img']
2026-07-01T12:04:46.517 thread=139675542174656 event=clipboard.paste pane='Left' source='internal' operation='move' count=1 destination=PosixPath('/home/xircon/dmnts/htpc-mech/TV') paths=['/home/xircon/dmnts/htpc-mech/TV/50mb/gentoo_root.img']
2026-07-01T12:04:46.518 thread=139675542174656 event=move.request pane='Left' count=1 destination=PosixPath('/home/xircon/dmnts/htpc-mech/TV') paths=['/home/xircon/dmnts/htpc-mech/TV/50mb/gentoo_root.img']
2026-07-01T12:04:46.852 thread=139675542174656 event=collision.none source=PosixPath('/home/xircon/dmnts/htpc-mech/TV/50mb/gentoo_root.img') destination=PosixPath('/home/xircon/dmnts/htpc-mech/TV/gentoo_root.img')
2026-07-01T12:04:46.853 thread=139675542174656 event=move.start_dialog pane='Left' targets=[('/home/xircon/dmnts/htpc-mech/TV/50mb/gentoo_root.img', '/home/xircon/dmnts/htpc-mech/TV/gentoo_root.img')]
2026-07-01T12:04:46.853 thread=139675542174656 event=operation.dialog.create pane='Left' operation='move' targets=1 title='Moving files...'
2026-07-01T12:04:46.853 thread=139675542174656 event=operation.begin active=1 queued=0
2026-07-01T12:04:46.856 thread=139675542174656 event=operation.thread.started pane='Left' operation='move' targets=1
2026-07-01T12:04:46.856 thread=139674374895296 event=operation.worker.start operation='move' targets=1
2026-07-01T12:04:46.856 thread=139674374895296 event=operation.worker.sized operation='move' total_bytes=50000000 total_units=763
2026-07-01T12:04:46.856 thread=139674374895296 event=operation.target.start operation='move' source=PosixPath('/home/xircon/dmnts/htpc-mech/TV/50mb/gentoo_root.img') target=PosixPath('/home/xircon/dmnts/htpc-mech/TV/gentoo_root.img')
2026-07-01T12:04:47.256 thread=139674374895296 event=move.start source=PosixPath('/home/xircon/dmnts/htpc-mech/TV/50mb/gentoo_root.img') target=PosixPath('/home/xircon/dmnts/htpc-mech/TV/gentoo_root.img')
2026-07-01T12:04:47.256 thread=139674374895296 event=move.rename.try source=PosixPath('/home/xircon/dmnts/htpc-mech/TV/50mb/gentoo_root.img') target=PosixPath('/home/xircon/dmnts/htpc-mech/TV/gentoo_root.img') source_size=50000000
2026-07-01T12:04:47.404 thread=139674374895296 event=move.rename.done source=PosixPath('/home/xircon/dmnts/htpc-mech/TV/50mb/gentoo_root.img') target=PosixPath('/home/xircon/dmnts/htpc-mech/TV/gentoo_root.img') elapsed_seconds=0.148
2026-07-01T12:04:47.404 thread=139674374895296 event=operation.target.done operation='move' source=PosixPath('/home/xircon/dmnts/htpc-mech/TV/50mb/gentoo_root.img') target=PosixPath('/home/xircon/dmnts/htpc-mech/TV/gentoo_root.img') done_bytes=50000000
2026-07-01T12:04:47.405 thread=139674374895296 event=operation.worker.done operation='move' completed=1 elapsed_seconds=0.549 done_bytes=50000000
2026-07-01T12:04:47.406 thread=139675542174656 event=operation.completed.signal pane='Left' operation='move' completed=1
2026-07-01T12:04:47.406 thread=139675542174656 event=operation.end active=0 queued=0
2026-07-01T12:04:47.406 thread=139675542174656 event=operation.finish pane='Left' operation='move' completed=1 warning=None
2026-07-01T12:06:09.968 thread=139675542174656 event=operation.begin active=1 queued=0
2026-07-01T12:06:12.680 thread=139675542174656 event=operation.end active=0 queued=0
2026-07-01T12:12:35.496 thread=139675542174656 event=app.close.request active_file_operations=0 queued=0
2026-07-01T12:12:35.508 thread=139675542174656 event=app.close.accepted
2026-07-01T12:12:38.356 thread=140023353396160 event=logging.enabled path=PosixPath('/home/xircon/dmnts/twotb/scripts/pyside/fm/fm.log') version='0.95'
2026-07-01T12:12:38.356 thread=140023353396160 event=app.start version='0.95'
2026-07-01T12:13:03.494 thread=140023353396160 event=clipboard.move pane='Left' count=1 paths=['/home/xircon/dmnts/htpc-mech/TV/1923/Test2gb.file']
2026-07-01T12:13:06.723 thread=140023353396160 event=clipboard.paste pane='Right' source='internal' operation='move' count=1 destination=PosixPath('/home/xircon/dmnts/htpc-mech/TV/50mb') paths=['/home/xircon/dmnts/htpc-mech/TV/1923/Test2gb.file']
2026-07-01T12:13:06.723 thread=140023353396160 event=move.request pane='Right' count=1 destination=PosixPath('/home/xircon/dmnts/htpc-mech/TV/50mb') paths=['/home/xircon/dmnts/htpc-mech/TV/1923/Test2gb.file']
2026-07-01T12:13:06.761 thread=140023353396160 event=collision.none source=PosixPath('/home/xircon/dmnts/htpc-mech/TV/1923/Test2gb.file') destination=PosixPath('/home/xircon/dmnts/htpc-mech/TV/50mb/Test2gb.file')
2026-07-01T12:13:06.761 thread=140023353396160 event=move.start_dialog pane='Right' targets=[('/home/xircon/dmnts/htpc-mech/TV/1923/Test2gb.file', '/home/xircon/dmnts/htpc-mech/TV/50mb/Test2gb.file')]
2026-07-01T12:13:06.761 thread=140023353396160 event=operation.dialog.create pane='Right' operation='move' targets=1 title='Moving files...'
2026-07-01T12:13:06.761 thread=140023353396160 event=operation.begin active=1 queued=0
2026-07-01T12:13:06.764 thread=140023353396160 event=operation.thread.started pane='Right' operation='move' targets=1
2026-07-01T12:13:06.764 thread=140022107862720 event=operation.worker.start operation='move' targets=1
2026-07-01T12:13:06.765 thread=140022107862720 event=operation.worker.sized operation='move' total_bytes=0 total_units=1
2026-07-01T12:13:06.765 thread=140022107862720 event=operation.target.start operation='move' source=PosixPath('/home/xircon/dmnts/htpc-mech/TV/1923/Test2gb.file') target=PosixPath('/home/xircon/dmnts/htpc-mech/TV/50mb/Test2gb.file')
2026-07-01T12:13:06.774 thread=140022107862720 event=move.start source=PosixPath('/home/xircon/dmnts/htpc-mech/TV/1923/Test2gb.file') target=PosixPath('/home/xircon/dmnts/htpc-mech/TV/50mb/Test2gb.file')
2026-07-01T12:13:06.775 thread=140022107862720 event=move.rename.try source=PosixPath('/home/xircon/dmnts/htpc-mech/TV/1923/Test2gb.file') target=PosixPath('/home/xircon/dmnts/htpc-mech/TV/50mb/Test2gb.file') source_size=0
2026-07-01T12:13:06.788 thread=140022107862720 event=move.rename.done source=PosixPath('/home/xircon/dmnts/htpc-mech/TV/1923/Test2gb.file') target=PosixPath('/home/xircon/dmnts/htpc-mech/TV/50mb/Test2gb.file') elapsed_seconds=0.013
2026-07-01T12:13:06.789 thread=140022107862720 event=operation.target.done operation='move' source=PosixPath('/home/xircon/dmnts/htpc-mech/TV/1923/Test2gb.file') target=PosixPath('/home/xircon/dmnts/htpc-mech/TV/50mb/Test2gb.file') done_bytes=0
2026-07-01T12:13:06.789 thread=140022107862720 event=operation.worker.done operation='move' completed=1 elapsed_seconds=0.025 done_bytes=0
2026-07-01T12:13:06.793 thread=140023353396160 event=operation.completed.signal pane='Right' operation='move' completed=1
2026-07-01T12:13:06.793 thread=140023353396160 event=operation.end active=0 queued=0
2026-07-01T12:13:06.793 thread=140023353396160 event=operation.finish pane='Right' operation='move' completed=1 warning=None
2026-07-01T12:13:27.062 thread=140023353396160 event=clipboard.move pane='Right' count=1 paths=['/home/xircon/dmnts/htpc-mech/TV/50mb/Test2gb.file']
2026-07-01T12:13:29.835 thread=140023353396160 event=clipboard.paste pane='Left' source='internal' operation='move' count=1 destination=PosixPath('/home/xircon/dmnts/htpc-mech/TV/1923') paths=['/home/xircon/dmnts/htpc-mech/TV/50mb/Test2gb.file']
2026-07-01T12:13:29.835 thread=140023353396160 event=move.request pane='Left' count=1 destination=PosixPath('/home/xircon/dmnts/htpc-mech/TV/1923') paths=['/home/xircon/dmnts/htpc-mech/TV/50mb/Test2gb.file']
2026-07-01T12:13:29.911 thread=140023353396160 event=collision.none source=PosixPath('/home/xircon/dmnts/htpc-mech/TV/50mb/Test2gb.file') destination=PosixPath('/home/xircon/dmnts/htpc-mech/TV/1923/Test2gb.file')
2026-07-01T12:13:29.912 thread=140023353396160 event=move.start_dialog pane='Left' targets=[('/home/xircon/dmnts/htpc-mech/TV/50mb/Test2gb.file', '/home/xircon/dmnts/htpc-mech/TV/1923/Test2gb.file')]
2026-07-01T12:13:29.912 thread=140023353396160 event=operation.dialog.create pane='Left' operation='move' targets=1 title='Moving files...'
2026-07-01T12:13:29.912 thread=140023353396160 event=operation.begin active=1 queued=0
2026-07-01T12:13:29.915 thread=140023353396160 event=operation.thread.started pane='Left' operation='move' targets=1
2026-07-01T12:13:29.915 thread=140022107862720 event=operation.worker.start operation='move' targets=1
2026-07-01T12:13:29.915 thread=140022107862720 event=operation.worker.sized operation='move' total_bytes=0 total_units=1
2026-07-01T12:13:29.915 thread=140022107862720 event=operation.target.start operation='move' source=PosixPath('/home/xircon/dmnts/htpc-mech/TV/50mb/Test2gb.file') target=PosixPath('/home/xircon/dmnts/htpc-mech/TV/1923/Test2gb.file')
2026-07-01T12:13:29.924 thread=140022107862720 event=move.start source=PosixPath('/home/xircon/dmnts/htpc-mech/TV/50mb/Test2gb.file') target=PosixPath('/home/xircon/dmnts/htpc-mech/TV/1923/Test2gb.file')
2026-07-01T12:13:29.924 thread=140022107862720 event=move.rename.try source=PosixPath('/home/xircon/dmnts/htpc-mech/TV/50mb/Test2gb.file') target=PosixPath('/home/xircon/dmnts/htpc-mech/TV/1923/Test2gb.file') source_size=0
2026-07-01T12:13:29.942 thread=140022107862720 event=move.rename.done source=PosixPath('/home/xircon/dmnts/htpc-mech/TV/50mb/Test2gb.file') target=PosixPath('/home/xircon/dmnts/htpc-mech/TV/1923/Test2gb.file') elapsed_seconds=0.018
2026-07-01T12:13:29.942 thread=140022107862720 event=operation.target.done operation='move' source=PosixPath('/home/xircon/dmnts/htpc-mech/TV/50mb/Test2gb.file') target=PosixPath('/home/xircon/dmnts/htpc-mech/TV/1923/Test2gb.file') done_bytes=0
2026-07-01T12:13:29.943 thread=140022107862720 event=operation.worker.done operation='move' completed=1 elapsed_seconds=0.028 done_bytes=0
2026-07-01T12:13:29.943 thread=140023353396160 event=operation.completed.signal pane='Left' operation='move' completed=1
2026-07-01T12:13:29.944 thread=140023353396160 event=operation.end active=0 queued=0
2026-07-01T12:13:29.944 thread=140023353396160 event=operation.finish pane='Left' operation='move' completed=1 warning=None
2026-07-01T12:16:14.866 thread=140023353396160 event=app.close.request active_file_operations=0 queued=0
2026-07-01T12:16:14.881 thread=140023353396160 event=app.close.accepted
2026-07-01T12:19:55.294 thread=140302765329344 event=logging.enabled path=PosixPath('/home/xircon/dmnts/twotb/scripts/pyside/fm/fm.log') version='0.96'
2026-07-01T12:19:55.294 thread=140302765329344 event=app.start version='0.96'
2026-07-01T12:19:55.674 thread=140302765329344 event=pane.filesystem_tint left=PosixPath('/home/xircon/dmnts/htpc-mech/TV/1923') right=PosixPath('/home/xircon') left_fs=108 right_fs=66306 different=True
2026-07-01T12:19:55.767 thread=140302765329344 event=pane.filesystem_tint left=PosixPath('/home/xircon/dmnts/htpc-mech/TV/1923') right=PosixPath('/home/xircon/dmnts/htpc-mech/TV/50mb') left_fs=108 right_fs=108 different=False
2026-07-01T12:19:55.799 thread=140302765329344 event=pane.filesystem_tint left=PosixPath('/home/xircon/dmnts/htpc-mech/TV/1923') right=PosixPath('/home/xircon/dmnts/htpc-mech/TV/50mb') left_fs=108 right_fs=108 different=False
2026-07-01T12:19:55.812 thread=140302765329344 event=pane.filesystem_tint left=PosixPath('/home/xircon/dmnts/htpc-mech/TV/1923') right=PosixPath('/home/xircon/dmnts/htpc-mech/TV/50mb') left_fs=108 right_fs=108 different=False
2026-07-01T12:19:56.045 thread=140302765329344 event=pane.filesystem_tint left=PosixPath('/home/xircon/dmnts/htpc-mech/TV/1923') right=PosixPath('/home/xircon/dmnts/htpc-mech/TV/50mb') left_fs=108 right_fs=108 different=False
2026-07-01T12:19:56.051 thread=140302765329344 event=pane.filesystem_tint left=PosixPath('/home/xircon/dmnts/htpc-mech/TV/1923') right=PosixPath('/home/xircon/dmnts/htpc-mech/TV/50mb') left_fs=108 right_fs=108 different=False
2026-07-01T12:20:03.043 thread=140302765329344 event=pane.filesystem_tint left=PosixPath('/home/xircon/dmnts/twotb/Downloads/Completed') right=PosixPath('/home/xircon/dmnts/htpc-mech/TV/50mb') left_fs=66309 right_fs=108 different=True
2026-07-01T12:20:03.264 thread=140302765329344 event=pane.filesystem_tint left=PosixPath('/home/xircon/dmnts/twotb/Downloads/Completed') right=PosixPath('/home/xircon/dmnts/htpc-mech/TV') left_fs=66309 right_fs=108 different=True
2026-07-01T12:20:14.557 thread=140302765329344 event=pane.filesystem_tint left=PosixPath('/home/xircon/dmnts/twotb/Downloads') right=PosixPath('/home/xircon/dmnts/htpc-mech/TV') left_fs=66309 right_fs=108 different=True
2026-07-01T12:20:14.572 thread=140302765329344 event=pane.filesystem_tint left=PosixPath('/home/xircon/dmnts/twotb/Downloads') right=PosixPath('/home/xircon/dmnts/twotb/Downloads/Completed') left_fs=66309 right_fs=66309 different=False
2026-07-01T12:20:20.444 thread=140302765329344 event=pane.filesystem_tint left=PosixPath('/home/xircon/dmnts/twotb/Downloads') right=PosixPath('/home/xircon/dmnts/twotb/Downloads/Completed') left_fs=66309 right_fs=66309 different=False
2026-07-01T12:20:20.459 thread=140302765329344 event=pane.filesystem_tint left=PosixPath('/home/xircon/dmnts/twotb/Downloads') right=PosixPath('/home/xircon/dmnts/twotb/Downloads/Completed') left_fs=66309 right_fs=66309 different=False
2026-07-01T12:20:23.878 thread=140302765329344 event=pane.filesystem_tint left=PosixPath('/home/xircon/dmnts/twotb/Downloads/Completed') right=PosixPath('/home/xircon/dmnts/twotb/Downloads/Completed') left_fs=66309 right_fs=66309 different=False
2026-07-01T12:20:23.902 thread=140302765329344 event=pane.filesystem_tint left=PosixPath('/home/xircon/dmnts/twotb/Downloads/Completed') right=PosixPath('/home/xircon/dmnts/htpc-mech/TV') left_fs=66309 right_fs=108 different=True
2026-07-01T15:11:53.501 thread=140302765329344 event=pane.filesystem_tint left=PosixPath('/home/xircon/dmnts/twotb/Downloads/Completed') right=PosixPath('/home/xircon/Desktop') left_fs=66309 right_fs=66306 different=True
2026-07-01T15:12:00.523 thread=140302765329344 event=operation.begin active=1 queued=0
2026-07-01T15:12:01.204 thread=140302765329344 event=operation.end active=0 queued=0
2026-07-01T15:12:27.487 thread=140302765329344 event=app.close.request active_file_operations=0 queued=0
2026-07-01T15:12:27.499 thread=140302765329344 event=app.close.accepted
2026-07-01T16:08:22.108 thread=139701262306240 event=logging.enabled path=PosixPath('/home/xircon/dmnts/twotb/scripts/pyside/fm/fm.log') version='0.96'
2026-07-01T16:08:22.108 thread=139701262306240 event=app.start version='0.96'
2026-07-01T16:08:22.610 thread=139701262306240 event=pane.filesystem_tint left=PosixPath('/home/xircon/dmnts/twotb/Downloads/Completed') right=PosixPath('/home/xircon') left_fs=66309 right_fs=66306 different=True
2026-07-01T16:08:22.625 thread=139701262306240 event=pane.filesystem_tint left=PosixPath('/home/xircon/dmnts/twotb/Downloads/Completed') right=PosixPath('/home/xircon/Desktop') left_fs=66309 right_fs=66306 different=True
2026-07-01T16:08:22.765 thread=139701262306240 event=pane.filesystem_tint left=PosixPath('/home/xircon/dmnts/twotb/Downloads/Completed') right=PosixPath('/home/xircon/Desktop') left_fs=66309 right_fs=66306 different=True
2026-07-01T16:08:22.776 thread=139701262306240 event=pane.filesystem_tint left=PosixPath('/home/xircon/dmnts/twotb/Downloads/Completed') right=PosixPath('/home/xircon/Desktop') left_fs=66309 right_fs=66306 different=True
2026-07-01T16:08:23.062 thread=139701262306240 event=pane.filesystem_tint left=PosixPath('/home/xircon/dmnts/twotb/Downloads/Completed') right=PosixPath('/home/xircon/Desktop') left_fs=66309 right_fs=66306 different=True
2026-07-01T16:08:23.068 thread=139701262306240 event=pane.filesystem_tint left=PosixPath('/home/xircon/dmnts/twotb/Downloads/Completed') right=PosixPath('/home/xircon/Desktop') left_fs=66309 right_fs=66306 different=True
2026-07-01T16:08:40.779 thread=139701262306240 event=pane.filesystem_tint left=PosixPath('/home/xircon/dmnts/twotb/Downloads/Completed') right=PosixPath('/home/xircon/Desktop') left_fs=66309 right_fs=66306 different=True
2026-07-01T16:08:40.839 thread=139701262306240 event=pane.filesystem_tint left=PosixPath('/home/xircon/dmnts/twotb/Downloads/Completed') right=PosixPath('/home/xircon/dmnts/htpc-mech/Movies') left_fs=66309 right_fs=108 different=True
2026-07-01T16:10:52.050 thread=139701262306240 event=pane.filesystem_tint left=PosixPath('/home/xircon/dmnts/twotb/Downloads/Completed') right=PosixPath('/home/xircon/dmnts/htpc-mech/Movies') left_fs=66309 right_fs=108 different=True
2026-07-01T16:10:52.060 thread=139701262306240 event=logging.enabled path=PosixPath('/home/xircon/dmnts/twotb/scripts/pyside/fm/fm.log') version='0.96'
2026-07-01T16:10:52.060 thread=139701262306240 event=settings.accepted file_logging_enabled=True
2026-07-01T16:11:55.846 thread=139701262306240 event=pane.filesystem_tint left=PosixPath('/home/xircon/dmnts/twotb/Downloads/Completed') right=PosixPath('/home/xircon/dmnts/htpc-mech/Movies') left_fs=66309 right_fs=108 different=True
2026-07-01T16:11:55.856 thread=139701262306240 event=logging.enabled path=PosixPath('/home/xircon/dmnts/twotb/scripts/pyside/fm/fm.log') version='0.96'
2026-07-01T16:11:55.856 thread=139701262306240 event=settings.accepted file_logging_enabled=True
2026-07-01T16:12:28.831 thread=139701262306240 event=pane.filesystem_tint left=PosixPath('/home/xircon/dmnts/twotb/Downloads/Completed') right=PosixPath('/home/xircon/dmnts/htpc-mech/Movies') left_fs=66309 right_fs=108 different=True
2026-07-01T16:12:28.840 thread=139701262306240 event=logging.enabled path=PosixPath('/home/xircon/dmnts/twotb/scripts/pyside/fm/fm.log') version='0.96'
2026-07-01T16:12:28.840 thread=139701262306240 event=settings.accepted file_logging_enabled=True
2026-07-01T16:12:49.678 thread=139701262306240 event=app.close.request active_file_operations=0 queued=0
2026-07-01T16:12:49.689 thread=139701262306240 event=app.close.accepted
2026-07-01T16:12:51.812 thread=140613312773056 event=logging.enabled path=PosixPath('/home/xircon/dmnts/twotb/scripts/pyside/fm/fm.log') version='0.97'
2026-07-01T16:12:51.812 thread=140613312773056 event=app.start version='0.97'
2026-07-01T16:12:52.148 thread=140613312773056 event=pane.filesystem_tint left=PosixPath('/home/xircon/dmnts/twotb/Downloads/Completed') right=PosixPath('/home/xircon') left_fs=66309 right_fs=66306 different=True
2026-07-01T16:12:52.209 thread=140613312773056 event=pane.filesystem_tint left=PosixPath('/home/xircon/dmnts/twotb/Downloads/Completed') right=PosixPath('/home/xircon/dmnts/htpc-mech/Movies') left_fs=66309 right_fs=108 different=True
2026-07-01T16:12:52.398 thread=140613312773056 event=pane.filesystem_tint left=PosixPath('/home/xircon/dmnts/twotb/Downloads/Completed') right=PosixPath('/home/xircon/dmnts/htpc-mech/Movies') left_fs=66309 right_fs=108 different=True
2026-07-01T16:12:52.412 thread=140613312773056 event=pane.filesystem_tint left=PosixPath('/home/xircon/dmnts/twotb/Downloads/Completed') right=PosixPath('/home/xircon/dmnts/htpc-mech/Movies') left_fs=66309 right_fs=108 different=True
2026-07-01T16:12:52.687 thread=140613312773056 event=pane.filesystem_tint left=PosixPath('/home/xircon/dmnts/twotb/Downloads/Completed') right=PosixPath('/home/xircon/dmnts/htpc-mech/Movies') left_fs=66309 right_fs=108 different=True
2026-07-01T16:12:52.693 thread=140613312773056 event=pane.filesystem_tint left=PosixPath('/home/xircon/dmnts/twotb/Downloads/Completed') right=PosixPath('/home/xircon/dmnts/htpc-mech/Movies') left_fs=66309 right_fs=108 different=True
2026-07-01T16:14:47.986 thread=140613312773056 event=pane.filesystem_tint left=PosixPath('/home/xircon/dmnts/twotb/Downloads/Completed') right=PosixPath('/home/xircon/dmnts/htpc-mech/Movies') left_fs=66309 right_fs=108 different=True
2026-07-01T16:14:47.996 thread=140613312773056 event=logging.enabled path=PosixPath('/home/xircon/dmnts/twotb/scripts/pyside/fm/fm.log') version='0.97'
2026-07-01T16:14:47.996 thread=140613312773056 event=settings.accepted file_logging_enabled=True
2026-07-01T16:15:21.165 thread=140613312773056 event=pane.filesystem_tint left=PosixPath('/home/xircon/dmnts/twotb/Downloads/Completed') right=PosixPath('/home/xircon/dmnts/htpc-mech/Movies') left_fs=66309 right_fs=108 different=True
2026-07-01T16:15:21.175 thread=140613312773056 event=logging.enabled path=PosixPath('/home/xircon/dmnts/twotb/scripts/pyside/fm/fm.log') version='0.97'
2026-07-01T16:15:21.175 thread=140613312773056 event=settings.accepted file_logging_enabled=True
2026-07-01T16:16:37.959 thread=140613312773056 event=pane.filesystem_tint left=PosixPath('/home/xircon/dmnts/twotb/Downloads/Completed') right=PosixPath('/home/xircon/dmnts/htpc-mech/Movies') left_fs=66309 right_fs=108 different=True
2026-07-01T16:16:37.969 thread=140613312773056 event=logging.enabled path=PosixPath('/home/xircon/dmnts/twotb/scripts/pyside/fm/fm.log') version='0.97'
2026-07-01T16:16:37.969 thread=140613312773056 event=settings.accepted file_logging_enabled=True
2026-07-01T16:17:15.124 thread=140613312773056 event=pane.filesystem_tint left=PosixPath('/home/xircon/dmnts/twotb/Downloads/Completed') right=PosixPath('/home/xircon/dmnts/htpc-mech/Movies') left_fs=66309 right_fs=108 different=True
2026-07-01T16:17:15.133 thread=140613312773056 event=logging.enabled path=PosixPath('/home/xircon/dmnts/twotb/scripts/pyside/fm/fm.log') version='0.97'
2026-07-01T16:17:15.134 thread=140613312773056 event=settings.accepted file_logging_enabled=True
2026-07-01T16:19:57.136 thread=140613312773056 event=pane.filesystem_tint left=PosixPath('/home/xircon/dmnts/twotb/Downloads/Completed') right=PosixPath('/home/xircon/dmnts/htpc-mech/Movies') left_fs=66309 right_fs=108 different=True
2026-07-01T16:19:57.146 thread=140613312773056 event=logging.enabled path=PosixPath('/home/xircon/dmnts/twotb/scripts/pyside/fm/fm.log') version='0.97'
2026-07-01T16:19:57.146 thread=140613312773056 event=settings.accepted file_logging_enabled=True
2026-07-01T16:30:24.650 thread=140613312773056 event=pane.filesystem_tint left=PosixPath('/home/xircon/dmnts/twotb/Downloads/Completed') right=PosixPath('/home/xircon/dmnts/htpc-mech/Movies') left_fs=66309 right_fs=108 different=True
2026-07-01T16:30:24.660 thread=140613312773056 event=logging.enabled path=PosixPath('/home/xircon/dmnts/twotb/scripts/pyside/fm/fm.log') version='0.97'
2026-07-01T16:30:24.660 thread=140613312773056 event=settings.accepted file_logging_enabled=True
2026-07-01T16:31:17.180 thread=140613312773056 event=pane.filesystem_tint left=PosixPath('/home/xircon/dmnts/twotb/Downloads/Completed') right=PosixPath('/home/xircon/dmnts/htpc-mech/Movies') left_fs=66309 right_fs=108 different=True
2026-07-01T16:31:17.190 thread=140613312773056 event=logging.enabled path=PosixPath('/home/xircon/dmnts/twotb/scripts/pyside/fm/fm.log') version='0.97'
2026-07-01T16:31:17.190 thread=140613312773056 event=settings.accepted file_logging_enabled=True
2026-07-01T16:33:00.662 thread=140613312773056 event=app.close.request active_file_operations=0 queued=0
2026-07-01T16:33:00.673 thread=140613312773056 event=app.close.accepted
2026-07-01T16:33:03.777 thread=139835926297536 event=logging.enabled path=PosixPath('/home/xircon/dmnts/twotb/scripts/pyside/fm/fm.log') version='0.97'
2026-07-01T16:33:03.777 thread=139835926297536 event=app.start version='0.97'
2026-07-01T16:33:04.163 thread=139835926297536 event=pane.filesystem_tint left=PosixPath('/home/xircon/dmnts/twotb/Downloads/Completed') right=PosixPath('/home/xircon') left_fs=66309 right_fs=66306 different=True
2026-07-01T16:33:05.747 thread=139835926297536 event=pane.filesystem_tint left=PosixPath('/home/xircon/dmnts/twotb/Downloads/Completed') right=PosixPath('/home/xircon/dmnts/htpc-mech/Movies') left_fs=66309 right_fs=108 different=True
2026-07-01T16:33:05.941 thread=139835926297536 event=pane.filesystem_tint left=PosixPath('/home/xircon/dmnts/twotb/Downloads/Completed') right=PosixPath('/home/xircon/dmnts/htpc-mech/Movies') left_fs=66309 right_fs=108 different=True
2026-07-01T16:33:05.957 thread=139835926297536 event=pane.filesystem_tint left=PosixPath('/home/xircon/dmnts/twotb/Downloads/Completed') right=PosixPath('/home/xircon/dmnts/htpc-mech/Movies') left_fs=66309 right_fs=108 different=True
2026-07-01T16:33:06.230 thread=139835926297536 event=pane.filesystem_tint left=PosixPath('/home/xircon/dmnts/twotb/Downloads/Completed') right=PosixPath('/home/xircon/dmnts/htpc-mech/Movies') left_fs=66309 right_fs=108 different=True
2026-07-01T16:33:06.236 thread=139835926297536 event=pane.filesystem_tint left=PosixPath('/home/xircon/dmnts/twotb/Downloads/Completed') right=PosixPath('/home/xircon/dmnts/htpc-mech/Movies') left_fs=66309 right_fs=108 different=True
2026-07-01T17:01:56.454 thread=139835926297536 event=app.close.request active_file_operations=0 queued=0
2026-07-01T17:01:56.458 thread=139835926297536 event=app.close.accepted
2026-07-01T17:03:07.719 thread=140557189057472 event=logging.enabled path=PosixPath('/home/xircon/dmnts/twotb/scripts/pyside/fm/fm.log') version='0.98'
2026-07-01T17:03:07.720 thread=140557189057472 event=app.start version='0.98'
2026-07-01T17:03:08.015 thread=140557189057472 event=pane.filesystem_tint left=PosixPath('/home/xircon/dmnts/twotb/Downloads/Completed') right=PosixPath('/home/xircon') left_fs=66309 right_fs=66306 different=True
2026-07-01T17:03:08.093 thread=140557189057472 event=pane.filesystem_tint left=PosixPath('/home/xircon/dmnts/twotb/Downloads/Completed') right=PosixPath('/home/xircon/dmnts/htpc-mech/Movies') left_fs=66309 right_fs=108 different=True
2026-07-01T17:03:08.348 thread=140557189057472 event=pane.filesystem_tint left=PosixPath('/home/xircon/dmnts/twotb/Downloads/Completed') right=PosixPath('/home/xircon/dmnts/htpc-mech/Movies') left_fs=66309 right_fs=108 different=True
2026-07-01T17:03:08.363 thread=140557189057472 event=pane.filesystem_tint left=PosixPath('/home/xircon/dmnts/twotb/Downloads/Completed') right=PosixPath('/home/xircon/dmnts/htpc-mech/Movies') left_fs=66309 right_fs=108 different=True
2026-07-01T17:03:08.645 thread=140557189057472 event=pane.filesystem_tint left=PosixPath('/home/xircon/dmnts/twotb/Downloads/Completed') right=PosixPath('/home/xircon/dmnts/htpc-mech/Movies') left_fs=66309 right_fs=108 different=True
2026-07-01T17:03:08.651 thread=140557189057472 event=pane.filesystem_tint left=PosixPath('/home/xircon/dmnts/twotb/Downloads/Completed') right=PosixPath('/home/xircon/dmnts/htpc-mech/Movies') left_fs=66309 right_fs=108 different=True
2026-07-01T17:07:54.547 thread=140557189057472 event=pane.filesystem_tint left=PosixPath('/home/xircon/dmnts/twotb/Downloads/Completed') right=PosixPath('/home/xircon/dmnts/htpc-mech/Movies') left_fs=66309 right_fs=108 different=True
2026-07-01T17:07:54.557 thread=140557189057472 event=logging.enabled path=PosixPath('/home/xircon/dmnts/twotb/scripts/pyside/fm/fm.log') version='0.98'
2026-07-01T17:07:54.557 thread=140557189057472 event=settings.accepted file_logging_enabled=True
2026-07-01T17:08:11.158 thread=140557189057472 event=pane.filesystem_tint left=PosixPath('/home/xircon/dmnts/twotb/Downloads/Completed') right=PosixPath('/home/xircon/Pictures') left_fs=66309 right_fs=66306 different=True
2026-07-01T17:10:42.456 thread=140557189057472 event=pane.filesystem_tint left=PosixPath('/home/xircon/dmnts/twotb/Downloads/Completed') right=PosixPath('/home/xircon/Pictures') left_fs=66309 right_fs=66306 different=True
2026-07-01T17:10:42.466 thread=140557189057472 event=logging.enabled path=PosixPath('/home/xircon/dmnts/twotb/scripts/pyside/fm/fm.log') version='0.98'
2026-07-01T17:10:42.466 thread=140557189057472 event=settings.accepted file_logging_enabled=True
2026-07-01T17:11:23.174 thread=140557189057472 event=clipboard.copy pane='Right' count=1 paths=['/home/xircon/Pictures/ruby-arcane-codex-3d-icon-png-download-10099422.webp']
2026-07-01T17:11:23.462 thread=140557189057472 event=clipboard.paste pane='Right' source='internal' operation='copy' count=1 destination=PosixPath('/home/xircon/Pictures') paths=['/home/xircon/Pictures/ruby-arcane-codex-3d-icon-png-download-10099422.webp']
2026-07-01T17:11:23.462 thread=140557189057472 event=copy.request pane='Right' count=1 destination=PosixPath('/home/xircon/Pictures') paths=['/home/xircon/Pictures/ruby-arcane-codex-3d-icon-png-download-10099422.webp']
2026-07-01T17:11:23.462 thread=140557189057472 event=collision.prompt source=PosixPath('/home/xircon/Pictures/ruby-arcane-codex-3d-icon-png-download-10099422.webp') destination=PosixPath('/home/xircon/Pictures/ruby-arcane-codex-3d-icon-png-download-10099422.webp')
2026-07-01T17:11:34.257 thread=140557189057472 event=collision.rename source=PosixPath('/home/xircon/Pictures/ruby-arcane-codex-3d-icon-png-download-10099422.webp') destination=PosixPath('/home/xircon/Pictures/codex.png')
2026-07-01T17:11:34.257 thread=140557189057472 event=copy.start_dialog pane='Right' targets=[('/home/xircon/Pictures/ruby-arcane-codex-3d-icon-png-download-10099422.webp', '/home/xircon/Pictures/codex.png')]
2026-07-01T17:11:34.257 thread=140557189057472 event=operation.dialog.create pane='Right' operation='copy' targets=1 title='Copying files...'
2026-07-01T17:11:34.257 thread=140557189057472 event=operation.begin active=1 queued=0
2026-07-01T17:11:34.260 thread=140557189057472 event=operation.thread.started pane='Right' operation='copy' targets=1
2026-07-01T17:11:34.260 thread=140555539441344 event=operation.worker.start operation='copy' targets=1
2026-07-01T17:11:34.262 thread=140555539441344 event=operation.worker.sized operation='copy' total_bytes=176610 total_units=3
2026-07-01T17:11:34.262 thread=140555539441344 event=operation.target.start operation='copy' source=PosixPath('/home/xircon/Pictures/ruby-arcane-codex-3d-icon-png-download-10099422.webp') target=PosixPath('/home/xircon/Pictures/codex.png')
2026-07-01T17:11:34.263 thread=140555539441344 event=copy.file.start operation='copy' source=PosixPath('/home/xircon/Pictures/ruby-arcane-codex-3d-icon-png-download-10099422.webp') target=PosixPath('/home/xircon/Pictures/codex.png')
2026-07-01T17:11:34.263 thread=140555539441344 event=copy.file.done operation='copy' source=PosixPath('/home/xircon/Pictures/ruby-arcane-codex-3d-icon-png-download-10099422.webp') target=PosixPath('/home/xircon/Pictures/codex.png') bytes=176610 elapsed_seconds=0.0
2026-07-01T17:11:34.263 thread=140555539441344 event=operation.target.done operation='copy' source=PosixPath('/home/xircon/Pictures/ruby-arcane-codex-3d-icon-png-download-10099422.webp') target=PosixPath('/home/xircon/Pictures/codex.png') done_bytes=176610
2026-07-01T17:11:34.263 thread=140555539441344 event=operation.worker.done operation='copy' completed=1 elapsed_seconds=0.003 done_bytes=176610
2026-07-01T17:11:34.272 thread=140557189057472 event=operation.completed.signal pane='Right' operation='copy' completed=1
2026-07-01T17:11:34.272 thread=140557189057472 event=operation.end active=0 queued=0
2026-07-01T17:11:34.272 thread=140557189057472 event=operation.finish pane='Right' operation='copy' completed=1 warning=None
2026-07-01T17:14:47.601 thread=140557189057472 event=app.close.request active_file_operations=0 queued=0
2026-07-01T17:14:47.613 thread=140557189057472 event=app.close.accepted
2026-07-01T17:14:50.197 thread=139933877824448 event=logging.enabled path=PosixPath('/home/xircon/dmnts/twotb/scripts/pyside/fm/fm.log') version='0.99'
2026-07-01T17:14:50.198 thread=139933877824448 event=app.start version='0.99'
2026-07-01T17:14:50.772 thread=139933877824448 event=pane.filesystem_tint left=PosixPath('/home/xircon/dmnts/twotb/Downloads/Completed') right=PosixPath('/home/xircon') left_fs=66309 right_fs=66306 different=True
2026-07-01T17:14:50.785 thread=139933877824448 event=pane.filesystem_tint left=PosixPath('/home/xircon/dmnts/twotb/Downloads/Completed') right=PosixPath('/home/xircon/Pictures') left_fs=66309 right_fs=66306 different=True
2026-07-01T17:14:51.014 thread=139933877824448 event=pane.filesystem_tint left=PosixPath('/home/xircon/dmnts/twotb/Downloads/Completed') right=PosixPath('/home/xircon/Pictures') left_fs=66309 right_fs=66306 different=True
2026-07-01T17:14:51.025 thread=139933877824448 event=pane.filesystem_tint left=PosixPath('/home/xircon/dmnts/twotb/Downloads/Completed') right=PosixPath('/home/xircon/Pictures') left_fs=66309 right_fs=66306 different=True
2026-07-01T17:14:51.295 thread=139933877824448 event=pane.filesystem_tint left=PosixPath('/home/xircon/dmnts/twotb/Downloads/Completed') right=PosixPath('/home/xircon/Pictures') left_fs=66309 right_fs=66306 different=True
2026-07-01T17:14:51.301 thread=139933877824448 event=pane.filesystem_tint left=PosixPath('/home/xircon/dmnts/twotb/Downloads/Completed') right=PosixPath('/home/xircon/Pictures') left_fs=66309 right_fs=66306 different=True
2026-07-01T17:15:20.972 thread=139933877824448 event=clipboard.copy_path_text pane='Right' count=1 text='/home/xircon/Pictures/codex.png'
2026-07-01T17:16:04.411 thread=139933877824448 event=pane.filesystem_tint left=PosixPath('/home/xircon/dmnts/twotb/Downloads/Completed') right=PosixPath('/home/xircon/Pictures') left_fs=66309 right_fs=66306 different=True
2026-07-01T17:16:04.420 thread=139933877824448 event=logging.enabled path=PosixPath('/home/xircon/dmnts/twotb/scripts/pyside/fm/fm.log') version='0.99'
2026-07-01T17:16:04.420 thread=139933877824448 event=settings.accepted file_logging_enabled=True
2026-07-01T17:23:00.168 thread=139933877824448 event=app.close.request active_file_operations=0 queued=0
2026-07-01T17:23:00.187 thread=139933877824448 event=app.close.accepted
2026-07-01T17:23:02.775 thread=140187964455872 event=logging.enabled path=PosixPath('/home/xircon/dmnts/twotb/scripts/pyside/fm/fm.log') version='1.00'
2026-07-01T17:23:02.775 thread=140187964455872 event=app.start version='1.00'
2026-07-01T17:23:03.150 thread=140187964455872 event=pane.filesystem_tint left=PosixPath('/home/xircon/dmnts/twotb/Downloads/Completed') right=PosixPath('/home/xircon') left_fs=66309 right_fs=66306 different=True
2026-07-01T17:23:03.163 thread=140187964455872 event=pane.filesystem_tint left=PosixPath('/home/xircon/dmnts/twotb/Downloads/Completed') right=PosixPath('/home/xircon/Pictures') left_fs=66309 right_fs=66306 different=True
2026-07-01T17:23:03.289 thread=140187964455872 event=pane.filesystem_tint left=PosixPath('/home/xircon/dmnts/twotb/Downloads/Completed') right=PosixPath('/home/xircon/Pictures') left_fs=66309 right_fs=66306 different=True
2026-07-01T17:23:03.300 thread=140187964455872 event=pane.filesystem_tint left=PosixPath('/home/xircon/dmnts/twotb/Downloads/Completed') right=PosixPath('/home/xircon/Pictures') left_fs=66309 right_fs=66306 different=True
2026-07-01T17:23:03.575 thread=140187964455872 event=pane.filesystem_tint left=PosixPath('/home/xircon/dmnts/twotb/Downloads/Completed') right=PosixPath('/home/xircon/Pictures') left_fs=66309 right_fs=66306 different=True
2026-07-01T17:23:03.581 thread=140187964455872 event=pane.filesystem_tint left=PosixPath('/home/xircon/dmnts/twotb/Downloads/Completed') right=PosixPath('/home/xircon/Pictures') left_fs=66309 right_fs=66306 different=True
2026-07-01T17:23:04.060 thread=140187964455872 event=side_panel.width.restore width=238 actual=238
2026-07-01T17:23:04.072 thread=140187964455872 event=side_panel.width.restore width=238 actual=238
2026-07-01T17:23:04.072 thread=140187964455872 event=side_panel.width.restore width=238 actual=238
2026-07-01T17:23:04.120 thread=140187964455872 event=side_panel.width.restore width=238 actual=238
2026-07-01T17:23:04.120 thread=140187964455872 event=side_panel.width.restore width=238 actual=238
2026-07-01T17:23:04.121 thread=140187964455872 event=side_panel.width.restore width=238 actual=238
2026-07-01T17:23:04.121 thread=140187964455872 event=side_panel.width.restore width=238 actual=238
2026-07-01T17:23:04.121 thread=140187964455872 event=side_panel.width.restore width=238 actual=238
2026-07-01T17:23:04.121 thread=140187964455872 event=side_panel.width.restore width=238 actual=238
2026-07-01T17:23:04.121 thread=140187964455872 event=side_panel.width.restore width=238 actual=238
2026-07-01T17:23:04.121 thread=140187964455872 event=side_panel.width.restore width=238 actual=238
2026-07-01T17:23:04.121 thread=140187964455872 event=side_panel.width.restore width=238 actual=238
2026-07-01T17:23:04.229 thread=140187964455872 event=side_panel.width.restore width=238 actual=238
2026-07-01T17:23:04.466 thread=140187964455872 event=side_panel.width.restore_finished width=238 actual=238
2026-07-01T17:23:04.466 thread=140187964455872 event=side_panel.width.restore width=238 actual=238
2026-07-01T17:23:04.466 thread=140187964455872 event=side_panel.width.restore width=238 actual=238
2026-07-01T17:23:04.866 thread=140187964455872 event=side_panel.width.restore_finished width=238 actual=238
2026-07-01T17:23:04.866 thread=140187964455872 event=side_panel.width.restore_finished width=238 actual=238
2026-07-01T17:23:16.378 thread=140187964455872 event=pane.filesystem_tint left=PosixPath('/home/xircon/dmnts/twotb/Downloads/Completed') right=PosixPath('/home/xircon/dmnts/twotb/Downloads') left_fs=66309 right_fs=66309 different=False
2026-07-01T17:23:28.196 thread=140187964455872 event=pane.filesystem_tint left=PosixPath('/home/xircon/dmnts/twotb/Downloads/Completed') right=PosixPath('/home/xircon/dmnts/htpc-mech/Movies') left_fs=66309 right_fs=108 different=True
2026-07-01T17:23:38.080 thread=140187964455872 event=drag.start pane='Left' count=2 paths=['/home/xircon/dmnts/twotb/Downloads/Completed/Backrooms.2026.1080p.VOSTFR.HDSCR.x264-FS.mkv', '/home/xircon/dmnts/twotb/Downloads/Completed/Obsession 2026 1080p WEB-DL HEVC x265 5.1 BONE.mkv']
2026-07-01T17:23:39.277 thread=140187964455872 event=drop.received pane='Left' action='DropAction.CopyAction' paths=['/home/xircon/dmnts/twotb/Downloads/Completed/Backrooms.2026.1080p.VOSTFR.HDSCR.x264-FS.mkv', '/home/xircon/dmnts/twotb/Downloads/Completed/Obsession 2026 1080p WEB-DL HEVC x265 5.1 BONE.mkv'] destination=PosixPath('/home/xircon/dmnts/twotb/Downloads/Completed/zz-Movies')
2026-07-01T17:23:39.277 thread=140187964455872 event=drop.copy pane='Left' count=2 destination=PosixPath('/home/xircon/dmnts/twotb/Downloads/Completed/zz-Movies')
2026-07-01T17:23:39.277 thread=140187964455872 event=copy.request pane='Left' count=2 destination=PosixPath('/home/xircon/dmnts/twotb/Downloads/Completed/zz-Movies') paths=['/home/xircon/dmnts/twotb/Downloads/Completed/Backrooms.2026.1080p.VOSTFR.HDSCR.x264-FS.mkv', '/home/xircon/dmnts/twotb/Downloads/Completed/Obsession 2026 1080p WEB-DL HEVC x265 5.1 BONE.mkv']
2026-07-01T17:23:39.278 thread=140187964455872 event=collision.none source=PosixPath('/home/xircon/dmnts/twotb/Downloads/Completed/Backrooms.2026.1080p.VOSTFR.HDSCR.x264-FS.mkv') destination=PosixPath('/home/xircon/dmnts/twotb/Downloads/Completed/zz-Movies/Backrooms.2026.1080p.VOSTFR.HDSCR.x264-FS.mkv')
2026-07-01T17:23:39.278 thread=140187964455872 event=collision.none source=PosixPath('/home/xircon/dmnts/twotb/Downloads/Completed/Obsession 2026 1080p WEB-DL HEVC x265 5.1 BONE.mkv') destination=PosixPath('/home/xircon/dmnts/twotb/Downloads/Completed/zz-Movies/Obsession 2026 1080p WEB-DL HEVC x265 5.1 BONE.mkv')
2026-07-01T17:23:39.278 thread=140187964455872 event=copy.start_dialog pane='Left' targets=[('/home/xircon/dmnts/twotb/Downloads/Completed/Backrooms.2026.1080p.VOSTFR.HDSCR.x264-FS.mkv', '/home/xircon/dmnts/twotb/Downloads/Completed/zz-Movies/Backrooms.2026.1080p.VOSTFR.HDSCR.x264-FS.mkv'), ('/home/xircon/dmnts/twotb/Downloads/Completed/Obsession 2026 1080p WEB-DL HEVC x265 5.1 BONE.mkv', '/home/xircon/dmnts/twotb/Downloads/Completed/zz-Movies/Obsession 2026 1080p WEB-DL HEVC x265 5.1 BONE.mkv')]
2026-07-01T17:23:39.278 thread=140187964455872 event=operation.dialog.create pane='Left' operation='copy' targets=2 title='Copying files...'
2026-07-01T17:23:39.278 thread=140187964455872 event=operation.begin active=1 queued=0
2026-07-01T17:23:39.281 thread=140187964455872 event=operation.thread.started pane='Left' operation='copy' targets=2
2026-07-01T17:23:39.282 thread=140186449077952 event=operation.worker.start operation='copy' targets=2
2026-07-01T17:23:39.282 thread=140186449077952 event=operation.worker.sized operation='copy' total_bytes=3707913519 total_units=56579
2026-07-01T17:23:39.282 thread=140186449077952 event=operation.target.start operation='copy' source=PosixPath('/home/xircon/dmnts/twotb/Downloads/Completed/Backrooms.2026.1080p.VOSTFR.HDSCR.x264-FS.mkv') target=PosixPath('/home/xircon/dmnts/twotb/Downloads/Completed/zz-Movies/Backrooms.2026.1080p.VOSTFR.HDSCR.x264-FS.mkv')
2026-07-01T17:23:39.282 thread=140186449077952 event=copy.file.start operation='copy' source=PosixPath('/home/xircon/dmnts/twotb/Downloads/Completed/Backrooms.2026.1080p.VOSTFR.HDSCR.x264-FS.mkv') target=PosixPath('/home/xircon/dmnts/twotb/Downloads/Completed/zz-Movies/Backrooms.2026.1080p.VOSTFR.HDSCR.x264-FS.mkv')
2026-07-01T17:23:39.283 thread=140187964455872 event=drag.done pane='Left' count=2
2026-07-01T17:23:43.693 thread=140186449077952 event=copy.file.done operation='copy' source=PosixPath('/home/xircon/dmnts/twotb/Downloads/Completed/Backrooms.2026.1080p.VOSTFR.HDSCR.x264-FS.mkv') target=PosixPath('/home/xircon/dmnts/twotb/Downloads/Completed/zz-Movies/Backrooms.2026.1080p.VOSTFR.HDSCR.x264-FS.mkv') bytes=2032897701 elapsed_seconds=4.411
2026-07-01T17:23:43.695 thread=140186449077952 event=operation.target.done operation='copy' source=PosixPath('/home/xircon/dmnts/twotb/Downloads/Completed/Backrooms.2026.1080p.VOSTFR.HDSCR.x264-FS.mkv') target=PosixPath('/home/xircon/dmnts/twotb/Downloads/Completed/zz-Movies/Backrooms.2026.1080p.VOSTFR.HDSCR.x264-FS.mkv') done_bytes=2032897701
2026-07-01T17:23:43.695 thread=140186449077952 event=operation.target.start operation='copy' source=PosixPath('/home/xircon/dmnts/twotb/Downloads/Completed/Obsession 2026 1080p WEB-DL HEVC x265 5.1 BONE.mkv') target=PosixPath('/home/xircon/dmnts/twotb/Downloads/Completed/zz-Movies/Obsession 2026 1080p WEB-DL HEVC x265 5.1 BONE.mkv')
2026-07-01T17:23:43.695 thread=140186449077952 event=copy.file.start operation='copy' source=PosixPath('/home/xircon/dmnts/twotb/Downloads/Completed/Obsession 2026 1080p WEB-DL HEVC x265 5.1 BONE.mkv') target=PosixPath('/home/xircon/dmnts/twotb/Downloads/Completed/zz-Movies/Obsession 2026 1080p WEB-DL HEVC x265 5.1 BONE.mkv')
2026-07-01T17:23:47.446 thread=140186449077952 event=copy.file.done operation='copy' source=PosixPath('/home/xircon/dmnts/twotb/Downloads/Completed/Obsession 2026 1080p WEB-DL HEVC x265 5.1 BONE.mkv') target=PosixPath('/home/xircon/dmnts/twotb/Downloads/Completed/zz-Movies/Obsession 2026 1080p WEB-DL HEVC x265 5.1 BONE.mkv') bytes=1675015818 elapsed_seconds=3.751
2026-07-01T17:23:47.446 thread=140186449077952 event=operation.target.done operation='copy' source=PosixPath('/home/xircon/dmnts/twotb/Downloads/Completed/Obsession 2026 1080p WEB-DL HEVC x265 5.1 BONE.mkv') target=PosixPath('/home/xircon/dmnts/twotb/Downloads/Completed/zz-Movies/Obsession 2026 1080p WEB-DL HEVC x265 5.1 BONE.mkv') done_bytes=3707913519
2026-07-01T17:23:47.446 thread=140186449077952 event=operation.worker.done operation='copy' completed=2 elapsed_seconds=8.165 done_bytes=3707913519
2026-07-01T17:23:47.447 thread=140187964455872 event=operation.completed.signal pane='Left' operation='copy' completed=2
2026-07-01T17:23:47.447 thread=140187964455872 event=operation.end active=0 queued=0
2026-07-01T17:23:47.447 thread=140187964455872 event=operation.finish pane='Left' operation='copy' completed=2 warning=None
2026-07-01T17:23:49.795 thread=140187964455872 event=operation.begin active=1 queued=0
2026-07-01T17:23:55.204 thread=140187964455872 event=operation.end active=0 queued=0
2026-07-01T17:23:57.537 thread=140187964455872 event=pane.filesystem_tint left=PosixPath('/home/xircon/dmnts/twotb/Downloads/Completed/zz-Movies') right=PosixPath('/home/xircon/dmnts/htpc-mech/Movies') left_fs=66309 right_fs=108 different=True
2026-07-02T00:19:40.196 thread=140301766585280 event=logging.enabled path=PosixPath('/home/xircon/dmnts/twotb/scripts/pyside/fm/fm.log') version='1.00'
2026-07-02T00:19:40.197 thread=140301766585280 event=app.start version='1.00'
2026-07-02T00:19:41.011 thread=140301766585280 event=pane.filesystem_tint left=PosixPath('/home/xircon/dmnts/twotb/Downloads/Completed') right=PosixPath('/home/xircon') left_fs=66309 right_fs=66306 different=True
2026-07-02T00:19:41.026 thread=140301766585280 event=pane.filesystem_tint left=PosixPath('/home/xircon/dmnts/twotb/Downloads/Completed') right=PosixPath('/home/xircon/Pictures') left_fs=66309 right_fs=66306 different=True
2026-07-02T00:19:41.096 thread=140301766585280 event=pane.filesystem_tint left=PosixPath('/home/xircon/dmnts/twotb/Downloads/Completed') right=PosixPath('/home/xircon/Pictures') left_fs=66309 right_fs=66306 different=True
2026-07-02T00:19:41.110 thread=140301766585280 event=pane.filesystem_tint left=PosixPath('/home/xircon/dmnts/twotb/Downloads/Completed') right=PosixPath('/home/xircon/Pictures') left_fs=66309 right_fs=66306 different=True
2026-07-02T00:19:41.372 thread=140301766585280 event=pane.filesystem_tint left=PosixPath('/home/xircon/dmnts/twotb/Downloads/Completed') right=PosixPath('/home/xircon/Pictures') left_fs=66309 right_fs=66306 different=True
2026-07-02T00:19:41.378 thread=140301766585280 event=pane.filesystem_tint left=PosixPath('/home/xircon/dmnts/twotb/Downloads/Completed') right=PosixPath('/home/xircon/Pictures') left_fs=66309 right_fs=66306 different=True
2026-07-02T00:19:41.851 thread=140301766585280 event=side_panel.width.restore width=238 actual=238
2026-07-02T00:19:41.863 thread=140301766585280 event=side_panel.width.restore width=238 actual=238
2026-07-02T00:19:41.863 thread=140301766585280 event=side_panel.width.restore width=238 actual=238
2026-07-02T00:19:41.912 thread=140301766585280 event=side_panel.width.restore width=238 actual=238
2026-07-02T00:19:41.912 thread=140301766585280 event=side_panel.width.restore width=238 actual=238
2026-07-02T00:19:41.912 thread=140301766585280 event=side_panel.width.restore width=238 actual=238
2026-07-02T00:19:41.912 thread=140301766585280 event=side_panel.width.restore width=238 actual=238
2026-07-02T00:19:41.912 thread=140301766585280 event=side_panel.width.restore width=238 actual=238
2026-07-02T00:19:41.912 thread=140301766585280 event=side_panel.width.restore width=238 actual=238
2026-07-02T00:19:41.912 thread=140301766585280 event=side_panel.width.restore width=238 actual=238
2026-07-02T00:19:41.913 thread=140301766585280 event=side_panel.width.restore width=238 actual=238
2026-07-02T00:19:41.913 thread=140301766585280 event=side_panel.width.restore width=238 actual=238
2026-07-02T00:19:42.078 thread=140301766585280 event=side_panel.width.restore width=238 actual=238
2026-07-02T00:19:42.261 thread=140301766585280 event=side_panel.width.restore_finished width=238 actual=238
2026-07-02T00:19:42.262 thread=140301766585280 event=side_panel.width.restore width=238 actual=238
2026-07-02T00:19:42.262 thread=140301766585280 event=side_panel.width.restore width=238 actual=238
2026-07-02T00:19:42.661 thread=140301766585280 event=side_panel.width.restore_finished width=238 actual=238
2026-07-02T00:19:42.661 thread=140301766585280 event=side_panel.width.restore_finished width=238 actual=238
2026-07-02T10:37:31.613 thread=140546550291392 event=logging.enabled path=PosixPath('/home/xircon/dmnts/twotb/scripts/pyside/fm/fm.log') version='1.00'
2026-07-02T10:37:31.613 thread=140546550291392 event=app.start version='1.00'
2026-07-02T10:37:31.943 thread=140546550291392 event=pane.filesystem_tint left=PosixPath('/home/xircon/dmnts/twotb/Downloads/Completed') right=PosixPath('/home/xircon') left_fs=66309 right_fs=66306 different=True
2026-07-02T10:37:31.958 thread=140546550291392 event=pane.filesystem_tint left=PosixPath('/home/xircon/dmnts/twotb/Downloads/Completed') right=PosixPath('/home/xircon/Pictures') left_fs=66309 right_fs=66306 different=True
2026-07-02T10:37:32.022 thread=140546550291392 event=pane.filesystem_tint left=PosixPath('/home/xircon/dmnts/twotb/Downloads/Completed') right=PosixPath('/home/xircon/Pictures') left_fs=66309 right_fs=66306 different=True
2026-07-02T10:37:32.032 thread=140546550291392 event=pane.filesystem_tint left=PosixPath('/home/xircon/dmnts/twotb/Downloads/Completed') right=PosixPath('/home/xircon/Pictures') left_fs=66309 right_fs=66306 different=True
2026-07-02T10:37:32.308 thread=140546550291392 event=pane.filesystem_tint left=PosixPath('/home/xircon/dmnts/twotb/Downloads/Completed') right=PosixPath('/home/xircon/Pictures') left_fs=66309 right_fs=66306 different=True
2026-07-02T10:37:32.315 thread=140546550291392 event=pane.filesystem_tint left=PosixPath('/home/xircon/dmnts/twotb/Downloads/Completed') right=PosixPath('/home/xircon/Pictures') left_fs=66309 right_fs=66306 different=True
2026-07-02T10:37:32.818 thread=140546550291392 event=side_panel.width.restore width=238 actual=238
2026-07-02T10:37:32.830 thread=140546550291392 event=side_panel.width.restore width=238 actual=238
2026-07-02T10:37:32.830 thread=140546550291392 event=side_panel.width.restore width=238 actual=238
2026-07-02T10:37:32.878 thread=140546550291392 event=side_panel.width.restore width=238 actual=238
2026-07-02T10:37:32.879 thread=140546550291392 event=side_panel.width.restore width=238 actual=238
2026-07-02T10:37:32.879 thread=140546550291392 event=side_panel.width.restore width=238 actual=238
2026-07-02T10:37:32.879 thread=140546550291392 event=side_panel.width.restore width=238 actual=238
2026-07-02T10:37:32.879 thread=140546550291392 event=side_panel.width.restore width=238 actual=238
2026-07-02T10:37:32.879 thread=140546550291392 event=side_panel.width.restore width=238 actual=238
2026-07-02T10:37:32.879 thread=140546550291392 event=side_panel.width.restore width=238 actual=238
2026-07-02T10:37:32.879 thread=140546550291392 event=side_panel.width.restore width=238 actual=238
2026-07-02T10:37:32.879 thread=140546550291392 event=side_panel.width.restore width=238 actual=238
2026-07-02T10:37:32.980 thread=140546550291392 event=side_panel.width.restore width=238 actual=238
2026-07-02T10:37:33.237 thread=140546550291392 event=side_panel.width.restore width=238 actual=238
2026-07-02T10:37:33.237 thread=140546550291392 event=side_panel.width.restore width=238 actual=238
2026-07-02T10:37:33.300 thread=140546550291392 event=side_panel.width.restore_finished width=238 actual=238
2026-07-02T10:37:33.537 thread=140546550291392 event=side_panel.width.restore_finished width=238 actual=238
2026-07-02T10:37:33.537 thread=140546550291392 event=side_panel.width.restore_finished width=238 actual=238
2026-07-02T10:37:50.596 thread=140546550291392 event=side_panel.width.changed width=151
2026-07-02T10:37:50.597 thread=140546550291392 event=side_panel.width.changed width=151
2026-07-02T10:38:08.772 thread=140546550291392 event=side_panel.width.changed width=151
2026-07-02T10:38:08.773 thread=140546550291392 event=side_panel.width.changed width=151
2026-07-02T10:38:16.769 thread=140546550291392 event=pane.filesystem_tint left=PosixPath('/home/xircon/dmnts/twotb/Downloads/Completed') right=PosixPath('/home/xircon') left_fs=66309 right_fs=66306 different=True
2026-07-02T10:38:21.060 thread=140546550291392 event=pane.filesystem_tint left=PosixPath('/home/xircon/dmnts/twotb/Downloads/Completed') right=PosixPath('/home/xircon/wallpaper') left_fs=66309 right_fs=66306 different=True
2026-07-02T10:38:23.111 thread=140546550291392 event=side_panel.width.changed width=151
2026-07-02T10:38:23.112 thread=140546550291392 event=side_panel.width.changed width=151
2026-07-02T10:38:25.150 thread=140546550291392 event=side_panel.width.changed width=151
2026-07-02T10:38:25.150 thread=140546550291392 event=side_panel.width.changed width=151
2026-07-02T10:38:44.402 thread=140546550291392 event=pane.filesystem_tint left=PosixPath('/home/xircon/dmnts/twotb/Downloads/Completed') right=PosixPath('/home/xircon/wallpaper/hypr') left_fs=66309 right_fs=66306 different=True
2026-07-02T10:38:57.300 thread=140546550291392 event=pane.filesystem_tint left=PosixPath('/home/xircon/dmnts/twotb/Downloads/Completed') right=PosixPath('/home/xircon/wallpaper/hypr/old') left_fs=66309 right_fs=66306 different=True
2026-07-02T10:39:11.699 thread=140546550291392 event=side_panel.width.changed width=151
2026-07-02T10:39:11.699 thread=140546550291392 event=side_panel.width.changed width=151
2026-07-02T10:39:21.514 thread=140546550291392 event=side_panel.width.changed width=151
2026-07-02T10:39:21.515 thread=140546550291392 event=side_panel.width.changed width=151
2026-07-02T10:39:39.297 thread=140546550291392 event=pane.filesystem_tint left=PosixPath('/home/xircon/dmnts/twotb/Downloads/Completed') right=PosixPath('/home/xircon/wallpaper') left_fs=66309 right_fs=66306 different=True
2026-07-02T10:39:40.735 thread=140546550291392 event=pane.filesystem_tint left=PosixPath('/home/xircon/dmnts/twotb/Downloads/Completed') right=PosixPath('/home/xircon/wallpaper') left_fs=66309 right_fs=66306 different=True
2026-07-02T10:48:08.139 thread=140546550291392 event=app.close.request active_file_operations=0 queued=0
2026-07-02T10:48:08.143 thread=140546550291392 event=app.close.accepted
2026-07-02T10:49:04.038 thread=140683987475392 event=logging.enabled path=PosixPath('/home/xircon/dmnts/twotb/scripts/pyside/fm/fm.log') version='1.00'
2026-07-02T10:49:04.038 thread=140683987475392 event=app.start version='1.00'
2026-07-02T10:49:04.520 thread=140683987475392 event=pane.filesystem_tint left=PosixPath('/home/xircon/dmnts/twotb/Downloads/Completed') right=PosixPath('/home/xircon') left_fs=66309 right_fs=66306 different=True
2026-07-02T10:49:04.567 thread=140683987475392 event=pane.filesystem_tint left=PosixPath('/home/xircon/dmnts/twotb/Downloads/Completed') right=PosixPath('/home/xircon/wallpaper') left_fs=66309 right_fs=66306 different=True
2026-07-02T10:49:04.777 thread=140683987475392 event=pane.filesystem_tint left=PosixPath('/home/xircon/dmnts/twotb/Downloads/Completed') right=PosixPath('/home/xircon/wallpaper') left_fs=66309 right_fs=66306 different=True
2026-07-02T10:49:04.810 thread=140683987475392 event=pane.filesystem_tint left=PosixPath('/home/xircon/dmnts/twotb/Downloads/Completed') right=PosixPath('/home/xircon/wallpaper') left_fs=66309 right_fs=66306 different=True
2026-07-02T10:49:05.081 thread=140683987475392 event=pane.filesystem_tint left=PosixPath('/home/xircon/dmnts/twotb/Downloads/Completed') right=PosixPath('/home/xircon/wallpaper') left_fs=66309 right_fs=66306 different=True
2026-07-02T10:49:05.087 thread=140683987475392 event=pane.filesystem_tint left=PosixPath('/home/xircon/dmnts/twotb/Downloads/Completed') right=PosixPath('/home/xircon/wallpaper') left_fs=66309 right_fs=66306 different=True
2026-07-02T10:49:05.645 thread=140683987475392 event=side_panel.width.restore width=151 actual=151
2026-07-02T10:49:05.657 thread=140683987475392 event=side_panel.width.restore width=151 actual=151
2026-07-02T10:49:05.658 thread=140683987475392 event=side_panel.width.restore width=151 actual=151
2026-07-02T10:49:06.093 thread=140683987475392 event=side_panel.width.restore width=151 actual=151
2026-07-02T10:49:06.093 thread=140683987475392 event=side_panel.width.restore width=151 actual=151
2026-07-02T10:49:06.093 thread=140683987475392 event=side_panel.width.restore width=151 actual=151
2026-07-02T10:49:06.093 thread=140683987475392 event=side_panel.width.restore width=151 actual=151
2026-07-02T10:49:06.094 thread=140683987475392 event=side_panel.width.restore width=151 actual=151
2026-07-02T10:49:06.094 thread=140683987475392 event=side_panel.width.restore width=151 actual=151
2026-07-02T10:49:06.094 thread=140683987475392 event=side_panel.width.restore width=151 actual=151
2026-07-02T10:49:06.094 thread=140683987475392 event=side_panel.width.restore width=151 actual=151
2026-07-02T10:49:06.094 thread=140683987475392 event=side_panel.width.restore width=151 actual=151
2026-07-02T10:49:06.094 thread=140683987475392 event=side_panel.width.restore width=151 actual=151
2026-07-02T10:49:06.094 thread=140683987475392 event=side_panel.width.restore_finished width=151 actual=151
2026-07-02T10:49:06.094 thread=140683987475392 event=side_panel.width.restore width=151 actual=151
2026-07-02T10:49:06.094 thread=140683987475392 event=side_panel.width.restore width=151 actual=151
2026-07-02T10:49:06.239 thread=140683987475392 event=side_panel.width.changed width=151
2026-07-02T10:49:06.239 thread=140683987475392 event=side_panel.width.changed width=151
2026-07-02T10:49:06.633 thread=140683987475392 event=side_panel.width.restore_finished width=151 actual=151
2026-07-02T10:49:06.633 thread=140683987475392 event=side_panel.width.restore_finished width=151 actual=151
2026-07-02T10:49:55.233 thread=140683987475392 event=side_panel.width.changed width=151
2026-07-02T10:49:55.233 thread=140683987475392 event=side_panel.width.changed width=151
2026-07-02T10:49:58.784 thread=140683987475392 event=side_panel.width.changed width=151
2026-07-02T10:49:58.784 thread=140683987475392 event=side_panel.width.changed width=151
2026-07-02T10:50:50.226 thread=140683987475392 event=side_panel.width.changed width=151
2026-07-02T10:50:50.227 thread=140683987475392 event=side_panel.width.changed width=151
2026-07-02T10:50:55.123 thread=140683987475392 event=side_panel.width.changed width=151
2026-07-02T10:50:55.123 thread=140683987475392 event=side_panel.width.changed width=151
2026-07-02T10:50:57.891 thread=140683987475392 event=clipboard.copy pane='Right' count=1 paths=['/home/xircon/wallpaper/86.jpg']
2026-07-02T10:51:03.629 thread=140683987475392 event=pane.filesystem_tint left=PosixPath('/home/xircon/dmnts/twotb/Downloads/Completed') right=PosixPath('/home/xircon/wallpaper/hypr') left_fs=66309 right_fs=66306 different=True
2026-07-02T10:51:11.031 thread=140683987475392 event=clipboard.paste pane='Right' source='internal' operation='copy' count=1 destination=PosixPath('/home/xircon/wallpaper/hypr') paths=['/home/xircon/wallpaper/86.jpg']
2026-07-02T10:51:11.031 thread=140683987475392 event=copy.request pane='Right' count=1 destination=PosixPath('/home/xircon/wallpaper/hypr') paths=['/home/xircon/wallpaper/86.jpg']
2026-07-02T10:51:11.031 thread=140683987475392 event=collision.none source=PosixPath('/home/xircon/wallpaper/86.jpg') destination=PosixPath('/home/xircon/wallpaper/hypr/86.jpg')
2026-07-02T10:51:11.031 thread=140683987475392 event=copy.start_dialog pane='Right' targets=[('/home/xircon/wallpaper/86.jpg', '/home/xircon/wallpaper/hypr/86.jpg')]
2026-07-02T10:51:11.031 thread=140683987475392 event=operation.dialog.create pane='Right' operation='copy' targets=1 title='Copying files...'
2026-07-02T10:51:11.031 thread=140683987475392 event=operation.begin active=1 queued=0
2026-07-02T10:51:11.034 thread=140683987475392 event=operation.thread.started pane='Right' operation='copy' targets=1
2026-07-02T10:51:11.034 thread=140682542970560 event=operation.worker.start operation='copy' targets=1
2026-07-02T10:51:11.035 thread=140682542970560 event=operation.worker.sized operation='copy' total_bytes=345695 total_units=6
2026-07-02T10:51:11.035 thread=140682542970560 event=operation.target.start operation='copy' source=PosixPath('/home/xircon/wallpaper/86.jpg') target=PosixPath('/home/xircon/wallpaper/hypr/86.jpg')
2026-07-02T10:51:11.035 thread=140682542970560 event=copy.file.start operation='copy' source=PosixPath('/home/xircon/wallpaper/86.jpg') target=PosixPath('/home/xircon/wallpaper/hypr/86.jpg')
2026-07-02T10:51:11.039 thread=140682542970560 event=copy.file.done operation='copy' source=PosixPath('/home/xircon/wallpaper/86.jpg') target=PosixPath('/home/xircon/wallpaper/hypr/86.jpg') bytes=345695 elapsed_seconds=0.004
2026-07-02T10:51:11.039 thread=140682542970560 event=operation.target.done operation='copy' source=PosixPath('/home/xircon/wallpaper/86.jpg') target=PosixPath('/home/xircon/wallpaper/hypr/86.jpg') done_bytes=345695
2026-07-02T10:51:11.039 thread=140682542970560 event=operation.worker.done operation='copy' completed=1 elapsed_seconds=0.005 done_bytes=345695
2026-07-02T10:51:11.041 thread=140683987475392 event=operation.completed.signal pane='Right' operation='copy' completed=1
2026-07-02T10:51:11.042 thread=140683987475392 event=operation.end active=0 queued=0
2026-07-02T10:51:11.042 thread=140683987475392 event=operation.finish pane='Right' operation='copy' completed=1 warning=None
2026-07-02T10:51:23.498 thread=140683987475392 event=pane.filesystem_tint left=PosixPath('/home/xircon/dmnts/twotb/Downloads/Completed') right=PosixPath('/home/xircon/.config') left_fs=66309 right_fs=66306 different=True
2026-07-02T10:51:53.218 thread=140683987475392 event=pane.filesystem_tint left=PosixPath('/home/xircon/dmnts/twotb/Downloads/Completed') right=PosixPath('/home/xircon/.config/mango') left_fs=66309 right_fs=66306 different=True
2026-07-02T10:52:09.197 thread=140683987475392 event=pane.filesystem_tint left=PosixPath('/home/xircon/dmnts/twotb/Downloads/Completed') right=PosixPath('/home/xircon/wallpaper/hypr') left_fs=66309 right_fs=66306 different=True
2026-07-02T10:52:59.947 thread=140683987475392 event=app.close.request active_file_operations=0 queued=0
2026-07-02T10:52:59.980 thread=140683987475392 event=app.close.accepted
2026-07-02T10:53:03.171 thread=140323453365184 event=logging.enabled path=PosixPath('/home/xircon/dmnts/twotb/scripts/pyside/fm/fm.log') version='1.00'
2026-07-02T10:53:03.171 thread=140323453365184 event=app.start version='1.00'
2026-07-02T10:53:03.756 thread=140323453365184 event=pane.filesystem_tint left=PosixPath('/home/xircon/dmnts/twotb/Downloads/Completed') right=PosixPath('/home/xircon') left_fs=66309 right_fs=66306 different=True
2026-07-02T10:53:03.768 thread=140323453365184 event=pane.filesystem_tint left=PosixPath('/home/xircon/dmnts/twotb/Downloads/Completed') right=PosixPath('/home/xircon/wallpaper/hypr') left_fs=66309 right_fs=66306 different=True
2026-07-02T10:53:03.973 thread=140323453365184 event=pane.filesystem_tint left=PosixPath('/home/xircon/dmnts/twotb/Downloads/Completed') right=PosixPath('/home/xircon/wallpaper/hypr') left_fs=66309 right_fs=66306 different=True
2026-07-02T10:53:03.984 thread=140323453365184 event=pane.filesystem_tint left=PosixPath('/home/xircon/dmnts/twotb/Downloads/Completed') right=PosixPath('/home/xircon/wallpaper/hypr') left_fs=66309 right_fs=66306 different=True
2026-07-02T10:53:04.261 thread=140323453365184 event=pane.filesystem_tint left=PosixPath('/home/xircon/dmnts/twotb/Downloads/Completed') right=PosixPath('/home/xircon/wallpaper/hypr') left_fs=66309 right_fs=66306 different=True
2026-07-02T10:53:04.267 thread=140323453365184 event=pane.filesystem_tint left=PosixPath('/home/xircon/dmnts/twotb/Downloads/Completed') right=PosixPath('/home/xircon/wallpaper/hypr') left_fs=66309 right_fs=66306 different=True
2026-07-02T10:53:04.701 thread=140323453365184 event=side_panel.width.restore width=151 actual=151
2026-07-02T10:53:04.713 thread=140323453365184 event=side_panel.width.restore width=151 actual=151
2026-07-02T10:53:04.713 thread=140323453365184 event=side_panel.width.restore width=151 actual=151
2026-07-02T10:53:04.762 thread=140323453365184 event=side_panel.width.restore width=151 actual=151
2026-07-02T10:53:04.762 thread=140323453365184 event=side_panel.width.restore width=151 actual=151
2026-07-02T10:53:04.762 thread=140323453365184 event=side_panel.width.restore width=151 actual=151
2026-07-02T10:53:04.762 thread=140323453365184 event=side_panel.width.restore width=151 actual=151
2026-07-02T10:53:04.762 thread=140323453365184 event=side_panel.width.restore width=151 actual=151
2026-07-02T10:53:04.762 thread=140323453365184 event=side_panel.width.restore width=151 actual=151
2026-07-02T10:53:04.763 thread=140323453365184 event=side_panel.width.restore width=151 actual=151
2026-07-02T10:53:04.763 thread=140323453365184 event=side_panel.width.restore width=151 actual=151
2026-07-02T10:53:04.763 thread=140323453365184 event=side_panel.width.restore width=151 actual=151
2026-07-02T10:53:04.940 thread=140323453365184 event=side_panel.width.restore width=151 actual=151
2026-07-02T10:53:05.136 thread=140323453365184 event=side_panel.width.restore_finished width=151 actual=151
2026-07-02T10:53:05.237 thread=140323453365184 event=side_panel.width.restore width=151 actual=151
2026-07-02T10:53:05.237 thread=140323453365184 event=side_panel.width.restore width=151 actual=151
2026-07-02T10:53:05.537 thread=140323453365184 event=side_panel.width.restore_finished width=151 actual=151
2026-07-02T10:53:05.537 thread=140323453365184 event=side_panel.width.restore_finished width=151 actual=151
2026-07-02T10:53:19.947 thread=140323453365184 event=side_panel.width.changed width=151
2026-07-02T10:53:19.948 thread=140323453365184 event=side_panel.width.changed width=151
2026-07-02T10:53:34.632 thread=140323453365184 event=side_panel.width.changed width=151
2026-07-02T10:53:34.632 thread=140323453365184 event=side_panel.width.changed width=151
2026-07-02T10:53:39.327 thread=140323453365184 event=app.close.request active_file_operations=0 queued=0
2026-07-02T10:53:39.341 thread=140323453365184 event=app.close.accepted
2026-07-02T10:55:15.085 thread=139648822565824 event=logging.enabled path=PosixPath('/home/xircon/dmnts/twotb/scripts/pyside/fm/fm.log') version='1.00'
2026-07-02T10:55:15.085 thread=139648822565824 event=app.start version='1.00'
2026-07-02T10:55:15.610 thread=139648822565824 event=pane.filesystem_tint left=PosixPath('/home/xircon/dmnts/twotb/Downloads/Completed') right=PosixPath('/home/xircon') left_fs=66309 right_fs=66306 different=True
2026-07-02T10:55:15.623 thread=139648822565824 event=pane.filesystem_tint left=PosixPath('/home/xircon/dmnts/twotb/Downloads/Completed') right=PosixPath('/home/xircon/wallpaper/hypr') left_fs=66309 right_fs=66306 different=True
2026-07-02T10:55:15.867 thread=139648822565824 event=pane.filesystem_tint left=PosixPath('/home/xircon/dmnts/twotb/Downloads/Completed') right=PosixPath('/home/xircon/wallpaper/hypr') left_fs=66309 right_fs=66306 different=True
2026-07-02T10:55:15.879 thread=139648822565824 event=pane.filesystem_tint left=PosixPath('/home/xircon/dmnts/twotb/Downloads/Completed') right=PosixPath('/home/xircon/wallpaper/hypr') left_fs=66309 right_fs=66306 different=True
2026-07-02T10:55:16.156 thread=139648822565824 event=pane.filesystem_tint left=PosixPath('/home/xircon/dmnts/twotb/Downloads/Completed') right=PosixPath('/home/xircon/wallpaper/hypr') left_fs=66309 right_fs=66306 different=True
2026-07-02T10:55:16.163 thread=139648822565824 event=pane.filesystem_tint left=PosixPath('/home/xircon/dmnts/twotb/Downloads/Completed') right=PosixPath('/home/xircon/wallpaper/hypr') left_fs=66309 right_fs=66306 different=True
2026-07-02T10:55:16.608 thread=139648822565824 event=side_panel.width.restore width=151 actual=151
2026-07-02T10:55:16.621 thread=139648822565824 event=side_panel.width.restore width=151 actual=151
2026-07-02T10:55:16.622 thread=139648822565824 event=side_panel.width.restore width=151 actual=151
2026-07-02T10:55:16.670 thread=139648822565824 event=side_panel.width.restore width=151 actual=151
2026-07-02T10:55:16.670 thread=139648822565824 event=side_panel.width.restore width=151 actual=151
2026-07-02T10:55:16.671 thread=139648822565824 event=side_panel.width.restore width=151 actual=151
2026-07-02T10:55:16.671 thread=139648822565824 event=side_panel.width.restore width=151 actual=151
2026-07-02T10:55:16.671 thread=139648822565824 event=side_panel.width.restore width=151 actual=151
2026-07-02T10:55:16.671 thread=139648822565824 event=side_panel.width.restore width=151 actual=151
2026-07-02T10:55:16.671 thread=139648822565824 event=side_panel.width.restore width=151 actual=151
2026-07-02T10:55:16.671 thread=139648822565824 event=side_panel.width.restore width=151 actual=151
2026-07-02T10:55:16.671 thread=139648822565824 event=side_panel.width.restore width=151 actual=151
2026-07-02T10:55:16.804 thread=139648822565824 event=side_panel.width.restore width=151 actual=151
2026-07-02T10:55:17.135 thread=139648822565824 event=side_panel.width.restore width=151 actual=151
2026-07-02T10:55:17.135 thread=139648822565824 event=side_panel.width.restore width=151 actual=151
2026-07-02T10:55:17.136 thread=139648822565824 event=side_panel.width.restore_finished width=151 actual=151
2026-07-02T10:55:17.337 thread=139648822565824 event=side_panel.width.restore_finished width=151 actual=151
2026-07-02T10:55:17.337 thread=139648822565824 event=side_panel.width.restore_finished width=151 actual=151
2026-07-02T10:55:23.317 thread=139648822565824 event=pane.filesystem_tint left=PosixPath('/home/xircon/dmnts/twotb/Downloads/Completed') right=PosixPath('/home/xircon/wallpaper') left_fs=66309 right_fs=66306 different=True
2026-07-02T10:55:24.339 thread=139648822565824 event=pane.filesystem_tint left=PosixPath('/home/xircon/dmnts/twotb/Downloads/Completed') right=PosixPath('/home/xircon/wallpaper') left_fs=66309 right_fs=66306 different=True
2026-07-02T10:55:24.755 thread=139648822565824 event=pane.filesystem_tint left=PosixPath('/home/xircon/dmnts/twotb/Downloads/Completed') right=PosixPath('/home/xircon/wallpaper') left_fs=66309 right_fs=66306 different=True
2026-07-02T10:57:01.802 thread=139648822565824 event=app.close.request active_file_operations=0 queued=0
2026-07-02T10:57:01.814 thread=139648822565824 event=app.close.accepted
2026-07-02T10:58:17.530 thread=140267589172160 event=logging.enabled path=PosixPath('/home/xircon/dmnts/twotb/scripts/pyside/fm/fm.log') version='1.01'
2026-07-02T10:58:17.530 thread=140267589172160 event=app.start version='1.01'
2026-07-02T10:58:18.008 thread=140267589172160 event=pane.filesystem_tint left=PosixPath('/home/xircon/dmnts/twotb/Downloads/Completed') right=PosixPath('/home/xircon') left_fs=66309 right_fs=66306 different=True
2026-07-02T10:58:18.045 thread=140267589172160 event=pane.filesystem_tint left=PosixPath('/home/xircon/dmnts/twotb/Downloads/Completed') right=PosixPath('/home/xircon/wallpaper') left_fs=66309 right_fs=66306 different=True
2026-07-02T10:58:18.108 thread=140267589172160 event=pane.filesystem_tint left=PosixPath('/home/xircon/dmnts/twotb/Downloads/Completed') right=PosixPath('/home/xircon/wallpaper') left_fs=66309 right_fs=66306 different=True
2026-07-02T10:58:18.139 thread=140267589172160 event=pane.filesystem_tint left=PosixPath('/home/xircon/dmnts/twotb/Downloads/Completed') right=PosixPath('/home/xircon/wallpaper') left_fs=66309 right_fs=66306 different=True
2026-07-02T10:58:18.409 thread=140267589172160 event=pane.filesystem_tint left=PosixPath('/home/xircon/dmnts/twotb/Downloads/Completed') right=PosixPath('/home/xircon/wallpaper') left_fs=66309 right_fs=66306 different=True
2026-07-02T10:58:18.416 thread=140267589172160 event=pane.filesystem_tint left=PosixPath('/home/xircon/dmnts/twotb/Downloads/Completed') right=PosixPath('/home/xircon/wallpaper') left_fs=66309 right_fs=66306 different=True
2026-07-02T10:58:18.971 thread=140267589172160 event=side_panel.width.restore width=151 actual=151
2026-07-02T10:58:18.983 thread=140267589172160 event=side_panel.width.restore width=151 actual=151
2026-07-02T10:58:18.983 thread=140267589172160 event=side_panel.width.restore width=151 actual=151
2026-07-02T10:58:18.987 thread=140267589172160 event=thumbnail.disk_cache.enabled directory=PosixPath('/home/xircon/wallpaper') image_count_at_least=100
2026-07-02T10:58:19.466 thread=140267589172160 event=side_panel.width.restore width=151 actual=151
2026-07-02T10:58:19.466 thread=140267589172160 event=side_panel.width.restore width=151 actual=151
2026-07-02T10:58:19.466 thread=140267589172160 event=side_panel.width.restore width=151 actual=151
2026-07-02T10:58:19.466 thread=140267589172160 event=side_panel.width.restore width=151 actual=151
2026-07-02T10:58:19.467 thread=140267589172160 event=side_panel.width.restore width=151 actual=151
2026-07-02T10:58:19.467 thread=140267589172160 event=side_panel.width.restore width=151 actual=151
2026-07-02T10:58:19.467 thread=140267589172160 event=side_panel.width.restore width=151 actual=151
2026-07-02T10:58:19.467 thread=140267589172160 event=side_panel.width.restore width=151 actual=151
2026-07-02T10:58:19.467 thread=140267589172160 event=side_panel.width.restore width=151 actual=151
2026-07-02T10:58:19.467 thread=140267589172160 event=side_panel.width.restore width=151 actual=151
2026-07-02T10:58:19.467 thread=140267589172160 event=side_panel.width.restore_finished width=151 actual=151
2026-07-02T10:58:19.467 thread=140267589172160 event=side_panel.width.restore width=151 actual=151
2026-07-02T10:58:19.467 thread=140267589172160 event=side_panel.width.restore width=151 actual=151
2026-07-02T10:58:19.765 thread=140267589172160 event=side_panel.width.changed width=151
2026-07-02T10:58:19.766 thread=140267589172160 event=side_panel.width.changed width=151
2026-07-02T10:58:20.207 thread=140267589172160 event=side_panel.width.restore_finished width=151 actual=151
2026-07-02T10:58:20.208 thread=140267589172160 event=side_panel.width.restore_finished width=151 actual=151
2026-07-02T10:58:38.289 thread=140267589172160 event=pane.filesystem_tint left=PosixPath('/home/xircon/dmnts/twotb/Downloads/Completed') right=PosixPath('/home/xircon/wallpaper') left_fs=66309 right_fs=66306 different=True
2026-07-02T10:58:38.324 thread=140267589172160 event=pane.filesystem_tint left=PosixPath('/home/xircon/dmnts/twotb/Downloads/Completed') right=PosixPath('/home/xircon/wallpaper') left_fs=66309 right_fs=66306 different=True
2026-07-02T10:58:39.001 thread=140267589172160 event=pane.filesystem_tint left=PosixPath('/home/xircon/dmnts/twotb/Downloads/Completed') right=PosixPath('/home/xircon/wallpaper') left_fs=66309 right_fs=66306 different=True
2026-07-02T10:58:39.048 thread=140267589172160 event=pane.filesystem_tint left=PosixPath('/home/xircon/dmnts/twotb/Downloads/Completed') right=PosixPath('/home/xircon/wallpaper') left_fs=66309 right_fs=66306 different=True
2026-07-02T11:00:29.596 thread=140267589172160 event=pane.filesystem_tint left=PosixPath('/home/xircon/dmnts/twotb/Downloads/Completed') right=PosixPath('/home/xircon/wallpaper') left_fs=66309 right_fs=66306 different=True
2026-07-02T11:00:29.609 thread=140267589172160 event=pane.filesystem_tint left=PosixPath('/home/xircon/dmnts/twotb/Downloads/Completed') right=PosixPath('/home/xircon/wallpaper') left_fs=66309 right_fs=66306 different=True
2026-07-02T11:00:34.890 thread=140267589172160 event=pane.filesystem_tint left=PosixPath('/home/xircon/dmnts/twotb/Downloads/Completed') right=PosixPath('/home/xircon/wallpaper/.thumbnails') left_fs=66309 right_fs=66306 different=True
2026-07-02T11:00:35.379 thread=140267589172160 event=thumbnail.disk_cache.enabled directory=PosixPath('/home/xircon/wallpaper/.thumbnails') image_count_at_least=100
2026-07-02T11:00:38.038 thread=140267589172160 event=side_panel.width.changed width=151
2026-07-02T11:00:38.039 thread=140267589172160 event=side_panel.width.changed width=151
2026-07-02T11:00:41.583 thread=140267589172160 event=side_panel.width.changed width=151
2026-07-02T11:00:41.583 thread=140267589172160 event=side_panel.width.changed width=151
2026-07-02T11:00:46.192 thread=140267589172160 event=pane.filesystem_tint left=PosixPath('/home/xircon/dmnts/twotb/Downloads/Completed') right=PosixPath('/home/xircon/wallpaper') left_fs=66309 right_fs=66306 different=True
2026-07-02T11:00:49.056 thread=140267589172160 event=pane.filesystem_tint left=PosixPath('/home/xircon/dmnts/twotb/Downloads/Completed') right=PosixPath('/home/xircon/wallpaper') left_fs=66309 right_fs=66306 different=True
2026-07-02T11:00:49.665 thread=140267589172160 event=pane.filesystem_tint left=PosixPath('/home/xircon/dmnts/twotb/Downloads/Completed') right=PosixPath('/home/xircon/wallpaper') left_fs=66309 right_fs=66306 different=True
2026-07-02T11:03:04.189 thread=140267589172160 event=app.close.request active_file_operations=0 queued=0
2026-07-02T11:03:04.201 thread=140267589172160 event=app.close.accepted
2026-07-02T11:03:07.984 thread=140694941150144 event=logging.enabled path=PosixPath('/home/xircon/dmnts/twotb/scripts/pyside/fm/fm.log') version='1.02'
2026-07-02T11:03:07.984 thread=140694941150144 event=app.start version='1.02'
2026-07-02T11:03:08.500 thread=140694941150144 event=pane.filesystem_tint left=PosixPath('/home/xircon/dmnts/twotb/Downloads/Completed') right=PosixPath('/home/xircon') left_fs=66309 right_fs=66306 different=True
2026-07-02T11:03:08.536 thread=140694941150144 event=pane.filesystem_tint left=PosixPath('/home/xircon/dmnts/twotb/Downloads/Completed') right=PosixPath('/home/xircon/wallpaper') left_fs=66309 right_fs=66306 different=True
2026-07-02T11:03:08.740 thread=140694941150144 event=pane.filesystem_tint left=PosixPath('/home/xircon/dmnts/twotb/Downloads/Completed') right=PosixPath('/home/xircon/wallpaper') left_fs=66309 right_fs=66306 different=True
2026-07-02T11:03:08.771 thread=140694941150144 event=pane.filesystem_tint left=PosixPath('/home/xircon/dmnts/twotb/Downloads/Completed') right=PosixPath('/home/xircon/wallpaper') left_fs=66309 right_fs=66306 different=True
2026-07-02T11:03:09.035 thread=140694941150144 event=pane.filesystem_tint left=PosixPath('/home/xircon/dmnts/twotb/Downloads/Completed') right=PosixPath('/home/xircon/wallpaper') left_fs=66309 right_fs=66306 different=True
2026-07-02T11:03:09.041 thread=140694941150144 event=pane.filesystem_tint left=PosixPath('/home/xircon/dmnts/twotb/Downloads/Completed') right=PosixPath('/home/xircon/wallpaper') left_fs=66309 right_fs=66306 different=True
2026-07-02T11:03:09.610 thread=140694941150144 event=side_panel.width.restore width=151 actual=151
2026-07-02T11:03:09.622 thread=140694941150144 event=side_panel.width.restore width=151 actual=151
2026-07-02T11:03:09.623 thread=140694941150144 event=side_panel.width.restore width=151 actual=151
2026-07-02T11:03:09.628 thread=140694941150144 event=thumbnail.disk_cache.enabled directory=PosixPath('/home/xircon/wallpaper') image_count_at_least=100
2026-07-02T11:03:10.344 thread=140694941150144 event=side_panel.width.restore width=151 actual=151
2026-07-02T11:03:10.344 thread=140694941150144 event=side_panel.width.restore width=151 actual=151
2026-07-02T11:03:10.345 thread=140694941150144 event=side_panel.width.restore width=151 actual=151
2026-07-02T11:03:10.345 thread=140694941150144 event=side_panel.width.restore width=151 actual=151
2026-07-02T11:03:10.345 thread=140694941150144 event=side_panel.width.restore width=151 actual=151
2026-07-02T11:03:10.345 thread=140694941150144 event=side_panel.width.restore width=151 actual=151
2026-07-02T11:03:10.345 thread=140694941150144 event=side_panel.width.restore width=151 actual=151
2026-07-02T11:03:10.346 thread=140694941150144 event=side_panel.width.restore width=151 actual=151
2026-07-02T11:03:10.346 thread=140694941150144 event=side_panel.width.restore width=151 actual=151
2026-07-02T11:03:10.346 thread=140694941150144 event=side_panel.width.restore width=151 actual=151
2026-07-02T11:03:10.346 thread=140694941150144 event=side_panel.width.restore_finished width=151 actual=151
2026-07-02T11:03:10.346 thread=140694941150144 event=side_panel.width.restore width=151 actual=151
2026-07-02T11:03:10.347 thread=140694941150144 event=side_panel.width.restore width=151 actual=151
2026-07-02T11:03:11.683 thread=140694941150144 event=side_panel.width.changed width=151
2026-07-02T11:03:11.684 thread=140694941150144 event=side_panel.width.changed width=151
2026-07-02T11:03:12.263 thread=140694941150144 event=side_panel.width.restore_finished width=151 actual=151
2026-07-02T11:03:12.263 thread=140694941150144 event=side_panel.width.restore_finished width=151 actual=151
2026-07-02T11:04:19.385 thread=140694941150144 event=pane.filesystem_tint left=PosixPath('/home/xircon/wallpaper') right=PosixPath('/home/xircon/wallpaper') left_fs=66306 right_fs=66306 different=False
2026-07-02T11:04:20.173 thread=140694941150144 event=thumbnail.disk_cache.enabled directory=PosixPath('/home/xircon/wallpaper') image_count_at_least=100
2026-07-02T11:04:27.576 thread=140694941150144 event=pane.filesystem_tint left=PosixPath('/home/xircon/wallpaper/hypr') right=PosixPath('/home/xircon/wallpaper') left_fs=66306 right_fs=66306 different=False
2026-07-02T11:05:16.053 thread=140694941150144 event=side_panel.width.changed width=151
2026-07-02T11:05:16.054 thread=140694941150144 event=side_panel.width.changed width=151
2026-07-02T11:05:19.721 thread=140694941150144 event=side_panel.width.changed width=151
2026-07-02T11:05:19.722 thread=140694941150144 event=side_panel.width.changed width=151
2026-07-02T11:35:40.996 thread=140694941150144 event=app.close.request active_file_operations=0 queued=0
2026-07-02T11:35:41.008 thread=140694941150144 event=app.close.accepted
2026-07-02T11:35:44.251 thread=140671370529728 event=logging.enabled path=PosixPath('/home/xircon/dmnts/twotb/scripts/pyside/fm/fm.log') version='1.03'
2026-07-02T11:35:44.251 thread=140671370529728 event=app.start version='1.03'
2026-07-02T11:35:44.826 thread=140671370529728 event=pane.filesystem_tint left=PosixPath('/home/xircon/wallpaper/hypr') right=PosixPath('/home/xircon') left_fs=66306 right_fs=66306 different=False
2026-07-02T11:35:44.863 thread=140671370529728 event=pane.filesystem_tint left=PosixPath('/home/xircon/wallpaper/hypr') right=PosixPath('/home/xircon/wallpaper') left_fs=66306 right_fs=66306 different=False
2026-07-02T11:35:45.079 thread=140671370529728 event=pane.filesystem_tint left=PosixPath('/home/xircon/wallpaper/hypr') right=PosixPath('/home/xircon/wallpaper') left_fs=66306 right_fs=66306 different=False
2026-07-02T11:35:45.112 thread=140671370529728 event=pane.filesystem_tint left=PosixPath('/home/xircon/wallpaper/hypr') right=PosixPath('/home/xircon/wallpaper') left_fs=66306 right_fs=66306 different=False
2026-07-02T11:35:45.336 thread=140671370529728 event=pane.filesystem_tint left=PosixPath('/home/xircon/wallpaper/hypr') right=PosixPath('/home/xircon/wallpaper') left_fs=66306 right_fs=66306 different=False
2026-07-02T11:35:45.342 thread=140671370529728 event=pane.filesystem_tint left=PosixPath('/home/xircon/wallpaper/hypr') right=PosixPath('/home/xircon/wallpaper') left_fs=66306 right_fs=66306 different=False
2026-07-02T11:35:45.897 thread=140671370529728 event=side_panel.width.restore width=151 actual=151
2026-07-02T11:35:45.909 thread=140671370529728 event=side_panel.width.restore width=151 actual=151
2026-07-02T11:35:45.909 thread=140671370529728 event=side_panel.width.restore width=151 actual=151
2026-07-02T11:35:45.913 thread=140671370529728 event=thumbnail.disk_cache.enabled directory=PosixPath('/home/xircon/wallpaper') image_count_at_least=100
2026-07-02T11:35:46.645 thread=140671370529728 event=side_panel.width.restore width=151 actual=151
2026-07-02T11:35:46.645 thread=140671370529728 event=side_panel.width.restore width=151 actual=151
2026-07-02T11:35:46.646 thread=140671370529728 event=side_panel.width.restore width=151 actual=151
2026-07-02T11:35:46.646 thread=140671370529728 event=side_panel.width.restore width=151 actual=151
2026-07-02T11:35:46.646 thread=140671370529728 event=side_panel.width.restore width=151 actual=151
2026-07-02T11:35:46.646 thread=140671370529728 event=side_panel.width.restore width=151 actual=151
2026-07-02T11:35:46.646 thread=140671370529728 event=side_panel.width.restore width=151 actual=151
2026-07-02T11:35:46.646 thread=140671370529728 event=side_panel.width.restore width=151 actual=151
2026-07-02T11:35:46.647 thread=140671370529728 event=side_panel.width.restore width=151 actual=151
2026-07-02T11:35:46.647 thread=140671370529728 event=side_panel.width.restore width=151 actual=151
2026-07-02T11:35:46.647 thread=140671370529728 event=side_panel.width.restore width=151 actual=151
2026-07-02T11:35:46.647 thread=140671370529728 event=side_panel.width.restore width=151 actual=151
2026-07-02T11:35:46.648 thread=140671370529728 event=side_panel.width.restore_finished width=151 actual=151
2026-07-02T11:35:46.648 thread=140671370529728 event=side_panel.width.restore_finished width=151 actual=151
2026-07-02T11:35:46.648 thread=140671370529728 event=side_panel.width.restore_finished width=151 actual=151
2026-07-02T11:35:47.952 thread=140671370529728 event=side_panel.width.changed width=151
2026-07-02T11:35:47.952 thread=140671370529728 event=side_panel.width.changed width=151
2026-07-02T11:36:00.927 thread=140671370529728 event=pane.filesystem_tint left=PosixPath('/home/xircon/wallpaper/hypr') right=PosixPath('/home/xircon/wallpaper') left_fs=66306 right_fs=66306 different=False
2026-07-02T11:36:00.963 thread=140671370529728 event=pane.filesystem_tint left=PosixPath('/home/xircon/wallpaper/hypr') right=PosixPath('/home/xircon/wallpaper') left_fs=66306 right_fs=66306 different=False
2026-07-02T11:36:13.122 thread=140671370529728 event=pane.filesystem_tint left=PosixPath('/home/xircon/wallpaper/hypr') right=PosixPath('/home/xircon/wallpaper') left_fs=66306 right_fs=66306 different=False
2026-07-02T11:36:13.157 thread=140671370529728 event=pane.filesystem_tint left=PosixPath('/home/xircon/wallpaper/hypr') right=PosixPath('/home/xircon/wallpaper') left_fs=66306 right_fs=66306 different=False
2026-07-02T11:36:19.246 thread=140671370529728 event=pane.filesystem_tint left=PosixPath('/home/xircon/wallpaper/hypr') right=PosixPath('/home/xircon/wallpaper') left_fs=66306 right_fs=66306 different=False
2026-07-02T11:36:19.283 thread=140671370529728 event=pane.filesystem_tint left=PosixPath('/home/xircon/wallpaper/hypr') right=PosixPath('/home/xircon/wallpaper') left_fs=66306 right_fs=66306 different=False
2026-07-02T11:36:21.797 thread=140671370529728 event=pane.filesystem_tint left=PosixPath('/home/xircon/wallpaper/hypr') right=PosixPath('/home/xircon/wallpaper') left_fs=66306 right_fs=66306 different=False
2026-07-02T11:36:21.835 thread=140671370529728 event=pane.filesystem_tint left=PosixPath('/home/xircon/wallpaper/hypr') right=PosixPath('/home/xircon/wallpaper') left_fs=66306 right_fs=66306 different=False
2026-07-02T11:36:24.464 thread=140671370529728 event=pane.filesystem_tint left=PosixPath('/home/xircon/wallpaper/hypr') right=PosixPath('/home/xircon/wallpaper') left_fs=66306 right_fs=66306 different=False
2026-07-02T11:36:24.500 thread=140671370529728 event=pane.filesystem_tint left=PosixPath('/home/xircon/wallpaper/hypr') right=PosixPath('/home/xircon/wallpaper') left_fs=66306 right_fs=66306 different=False
2026-07-02T11:36:33.059 thread=140671370529728 event=pane.filesystem_tint left=PosixPath('/home/xircon/wallpaper/hypr') right=PosixPath('/home/xircon/wallpaper') left_fs=66306 right_fs=66306 different=False
2026-07-02T11:36:33.095 thread=140671370529728 event=pane.filesystem_tint left=PosixPath('/home/xircon/wallpaper/hypr') right=PosixPath('/home/xircon/wallpaper') left_fs=66306 right_fs=66306 different=False
2026-07-02T11:41:22.799 thread=140671370529728 event=app.close.request active_file_operations=0 queued=0
2026-07-02T11:41:22.803 thread=140671370529728 event=app.close.accepted
2026-07-02T11:41:25.402 thread=140099571608512 event=logging.enabled path=PosixPath('/home/xircon/dmnts/twotb/scripts/pyside/fm/fm.log') version='1.04'
2026-07-02T11:41:25.402 thread=140099571608512 event=app.start version='1.04'
2026-07-02T11:41:25.864 thread=140099571608512 event=pane.filesystem_tint left=PosixPath('/home/xircon/wallpaper/hypr') right=PosixPath('/home/xircon') left_fs=66306 right_fs=66306 different=False
2026-07-02T11:41:25.899 thread=140099571608512 event=pane.filesystem_tint left=PosixPath('/home/xircon/wallpaper/hypr') right=PosixPath('/home/xircon/wallpaper') left_fs=66306 right_fs=66306 different=False
2026-07-02T11:41:26.102 thread=140099571608512 event=pane.filesystem_tint left=PosixPath('/home/xircon/wallpaper/hypr') right=PosixPath('/home/xircon/wallpaper') left_fs=66306 right_fs=66306 different=False
2026-07-02T11:41:26.135 thread=140099571608512 event=pane.filesystem_tint left=PosixPath('/home/xircon/wallpaper/hypr') right=PosixPath('/home/xircon/wallpaper') left_fs=66306 right_fs=66306 different=False
2026-07-02T11:41:26.352 thread=140099571608512 event=pane.filesystem_tint left=PosixPath('/home/xircon/wallpaper/hypr') right=PosixPath('/home/xircon/wallpaper') left_fs=66306 right_fs=66306 different=False
2026-07-02T11:41:26.358 thread=140099571608512 event=pane.filesystem_tint left=PosixPath('/home/xircon/wallpaper/hypr') right=PosixPath('/home/xircon/wallpaper') left_fs=66306 right_fs=66306 different=False
2026-07-02T11:41:26.925 thread=140099571608512 event=side_panel.width.restore width=151 actual=151
2026-07-02T11:41:26.936 thread=140099571608512 event=side_panel.width.restore width=151 actual=151
2026-07-02T11:41:26.937 thread=140099571608512 event=side_panel.width.restore width=151 actual=151
2026-07-02T11:41:26.942 thread=140099571608512 event=thumbnail.disk_cache.enabled directory=PosixPath('/home/xircon/wallpaper') image_count_at_least=100
2026-07-02T11:41:27.669 thread=140099571608512 event=side_panel.width.restore width=151 actual=151
2026-07-02T11:41:27.669 thread=140099571608512 event=side_panel.width.restore width=151 actual=151
2026-07-02T11:41:27.670 thread=140099571608512 event=side_panel.width.restore width=151 actual=151
2026-07-02T11:41:27.670 thread=140099571608512 event=side_panel.width.restore width=151 actual=151
2026-07-02T11:41:27.670 thread=140099571608512 event=side_panel.width.restore width=151 actual=151
2026-07-02T11:41:27.670 thread=140099571608512 event=side_panel.width.restore width=151 actual=151
2026-07-02T11:41:27.670 thread=140099571608512 event=side_panel.width.restore width=151 actual=151
2026-07-02T11:41:27.671 thread=140099571608512 event=side_panel.width.restore width=151 actual=151
2026-07-02T11:41:27.671 thread=140099571608512 event=side_panel.width.restore width=151 actual=151
2026-07-02T11:41:27.671 thread=140099571608512 event=side_panel.width.restore width=151 actual=151
2026-07-02T11:41:27.671 thread=140099571608512 event=side_panel.width.restore width=151 actual=151
2026-07-02T11:41:27.671 thread=140099571608512 event=side_panel.width.restore width=151 actual=151
2026-07-02T11:41:27.671 thread=140099571608512 event=side_panel.width.restore_finished width=151 actual=151
2026-07-02T11:41:27.671 thread=140099571608512 event=side_panel.width.restore_finished width=151 actual=151
2026-07-02T11:41:27.672 thread=140099571608512 event=side_panel.width.restore_finished width=151 actual=151
2026-07-02T11:41:28.958 thread=140099571608512 event=side_panel.width.changed width=151
2026-07-02T11:41:28.959 thread=140099571608512 event=side_panel.width.changed width=151
2026-07-02T11:41:34.893 thread=140099571608512 event=pane.filesystem_tint left=PosixPath('/home/xircon/wallpaper/hypr') right=PosixPath('/home/xircon/wallpaper') left_fs=66306 right_fs=66306 different=False
2026-07-02T11:41:42.674 thread=140099571608512 event=pane.filesystem_tint left=PosixPath('/home/xircon/wallpaper/hypr') right=PosixPath('/home/xircon/wallpaper') left_fs=66306 right_fs=66306 different=False
2026-07-02T11:41:48.731 thread=140099571608512 event=pane.filesystem_tint left=PosixPath('/home/xircon/wallpaper/hypr') right=PosixPath('/home/xircon/wallpaper') left_fs=66306 right_fs=66306 different=False
2026-07-02T11:43:34.768 thread=140099571608512 event=app.close.request active_file_operations=0 queued=0
2026-07-02T11:43:34.790 thread=140099571608512 event=app.close.accepted
2026-07-02T11:44:06.460 thread=139946702433216 event=logging.enabled path=PosixPath('/home/xircon/dmnts/twotb/scripts/pyside/fm/fm.log') version='1.05'
2026-07-02T11:44:06.461 thread=139946702433216 event=app.start version='1.05'
2026-07-02T11:44:06.953 thread=139946702433216 event=pane.filesystem_tint left=PosixPath('/home/xircon/wallpaper/hypr') right=PosixPath('/home/xircon') left_fs=66306 right_fs=66306 different=False
2026-07-02T11:44:06.989 thread=139946702433216 event=pane.filesystem_tint left=PosixPath('/home/xircon/wallpaper/hypr') right=PosixPath('/home/xircon/wallpaper') left_fs=66306 right_fs=66306 different=False
2026-07-02T11:44:07.167 thread=139946702433216 event=pane.filesystem_tint left=PosixPath('/home/xircon/wallpaper/hypr') right=PosixPath('/home/xircon/wallpaper') left_fs=66306 right_fs=66306 different=False
2026-07-02T11:44:07.206 thread=139946702433216 event=pane.filesystem_tint left=PosixPath('/home/xircon/wallpaper/hypr') right=PosixPath('/home/xircon/wallpaper') left_fs=66306 right_fs=66306 different=False
2026-07-02T11:44:07.457 thread=139946702433216 event=pane.filesystem_tint left=PosixPath('/home/xircon/wallpaper/hypr') right=PosixPath('/home/xircon/wallpaper') left_fs=66306 right_fs=66306 different=False
2026-07-02T11:44:07.463 thread=139946702433216 event=pane.filesystem_tint left=PosixPath('/home/xircon/wallpaper/hypr') right=PosixPath('/home/xircon/wallpaper') left_fs=66306 right_fs=66306 different=False
2026-07-02T11:44:08.178 thread=139946702433216 event=side_panel.width.restore width=151 actual=151
2026-07-02T11:44:08.190 thread=139946702433216 event=side_panel.width.restore width=151 actual=151
2026-07-02T11:44:08.190 thread=139946702433216 event=side_panel.width.restore width=151 actual=151
2026-07-02T11:44:08.196 thread=139946702433216 event=thumbnail.disk_cache.enabled directory=PosixPath('/home/xircon/wallpaper') image_count_at_least=100
2026-07-02T11:44:08.917 thread=139946702433216 event=side_panel.width.restore width=151 actual=151
2026-07-02T11:44:08.917 thread=139946702433216 event=side_panel.width.restore width=151 actual=151
2026-07-02T11:44:08.918 thread=139946702433216 event=side_panel.width.restore width=151 actual=151
2026-07-02T11:44:08.918 thread=139946702433216 event=side_panel.width.restore width=151 actual=151
2026-07-02T11:44:08.918 thread=139946702433216 event=side_panel.width.restore width=151 actual=151
2026-07-02T11:44:08.918 thread=139946702433216 event=side_panel.width.restore width=151 actual=151
2026-07-02T11:44:08.919 thread=139946702433216 event=side_panel.width.restore width=151 actual=151
2026-07-02T11:44:08.919 thread=139946702433216 event=side_panel.width.restore width=151 actual=151
2026-07-02T11:44:08.919 thread=139946702433216 event=side_panel.width.restore width=151 actual=151
2026-07-02T11:44:08.919 thread=139946702433216 event=side_panel.width.restore width=151 actual=151
2026-07-02T11:44:08.919 thread=139946702433216 event=side_panel.width.restore width=151 actual=151
2026-07-02T11:44:08.919 thread=139946702433216 event=side_panel.width.restore width=151 actual=151
2026-07-02T11:44:08.919 thread=139946702433216 event=side_panel.width.restore_finished width=151 actual=151
2026-07-02T11:44:08.920 thread=139946702433216 event=side_panel.width.restore_finished width=151 actual=151
2026-07-02T11:44:08.920 thread=139946702433216 event=side_panel.width.restore_finished width=151 actual=151
2026-07-02T11:44:10.270 thread=139946702433216 event=side_panel.width.changed width=151
2026-07-02T11:44:10.271 thread=139946702433216 event=side_panel.width.changed width=151
2026-07-02T11:44:14.127 thread=139946702433216 event=pane.filesystem_tint left=PosixPath('/home/xircon/wallpaper/hypr') right=PosixPath('/home/xircon/wallpaper') left_fs=66306 right_fs=66306 different=False
2026-07-02T11:45:03.684 thread=139946702433216 event=pane.filesystem_tint left=PosixPath('/home/xircon/wallpaper/hypr') right=PosixPath('/home/xircon/wallpaper') left_fs=66306 right_fs=66306 different=False
2026-07-02T11:45:09.867 thread=139946702433216 event=pane.filesystem_tint left=PosixPath('/home/xircon/wallpaper/hypr') right=PosixPath('/home/xircon/wallpaper') left_fs=66306 right_fs=66306 different=False
2026-07-02T11:45:16.181 thread=139946702433216 event=pane.filesystem_tint left=PosixPath('/home/xircon/wallpaper/hypr') right=PosixPath('/home/xircon/wallpaper') left_fs=66306 right_fs=66306 different=False
2026-07-02T11:47:34.489 thread=139946702433216 event=app.close.request active_file_operations=0 queued=0
2026-07-02T11:47:34.495 thread=139946702433216 event=app.close.accepted
2026-07-02T11:48:22.519 thread=140016100543424 event=logging.enabled path=PosixPath('/home/xircon/dmnts/twotb/scripts/pyside/fm/fm.log') version='1.06'
2026-07-02T11:48:22.519 thread=140016100543424 event=app.start version='1.06'
2026-07-02T11:48:22.882 thread=140016100543424 event=pane.filesystem_tint left=PosixPath('/home/xircon/wallpaper/hypr') right=PosixPath('/home/xircon') left_fs=66306 right_fs=66306 different=False
2026-07-02T11:48:22.917 thread=140016100543424 event=pane.filesystem_tint left=PosixPath('/home/xircon/wallpaper/hypr') right=PosixPath('/home/xircon/wallpaper') left_fs=66306 right_fs=66306 different=False
2026-07-02T11:48:23.045 thread=140016100543424 event=pane.filesystem_tint left=PosixPath('/home/xircon/wallpaper/hypr') right=PosixPath('/home/xircon/wallpaper') left_fs=66306 right_fs=66306 different=False
2026-07-02T11:48:23.077 thread=140016100543424 event=pane.filesystem_tint left=PosixPath('/home/xircon/wallpaper/hypr') right=PosixPath('/home/xircon/wallpaper') left_fs=66306 right_fs=66306 different=False
2026-07-02T11:48:23.316 thread=140016100543424 event=pane.filesystem_tint left=PosixPath('/home/xircon/wallpaper/hypr') right=PosixPath('/home/xircon/wallpaper') left_fs=66306 right_fs=66306 different=False
2026-07-02T11:48:23.322 thread=140016100543424 event=pane.filesystem_tint left=PosixPath('/home/xircon/wallpaper/hypr') right=PosixPath('/home/xircon/wallpaper') left_fs=66306 right_fs=66306 different=False
2026-07-02T11:48:24.008 thread=140016100543424 event=side_panel.width.restore width=151 actual=151
2026-07-02T11:48:24.020 thread=140016100543424 event=side_panel.width.restore width=151 actual=151
2026-07-02T11:48:24.020 thread=140016100543424 event=side_panel.width.restore width=151 actual=151
2026-07-02T11:48:24.025 thread=140016100543424 event=thumbnail.disk_cache.enabled directory=PosixPath('/home/xircon/wallpaper') image_count_at_least=100
2026-07-02T11:48:24.751 thread=140016100543424 event=side_panel.width.restore width=151 actual=151
2026-07-02T11:48:24.751 thread=140016100543424 event=side_panel.width.restore width=151 actual=151
2026-07-02T11:48:24.751 thread=140016100543424 event=side_panel.width.restore width=151 actual=151
2026-07-02T11:48:24.752 thread=140016100543424 event=side_panel.width.restore width=151 actual=151
2026-07-02T11:48:24.752 thread=140016100543424 event=side_panel.width.restore width=151 actual=151
2026-07-02T11:48:24.752 thread=140016100543424 event=side_panel.width.restore width=151 actual=151
2026-07-02T11:48:24.752 thread=140016100543424 event=side_panel.width.restore width=151 actual=151
2026-07-02T11:48:24.752 thread=140016100543424 event=side_panel.width.restore width=151 actual=151
2026-07-02T11:48:24.752 thread=140016100543424 event=side_panel.width.restore width=151 actual=151
2026-07-02T11:48:24.753 thread=140016100543424 event=side_panel.width.restore width=151 actual=151
2026-07-02T11:48:24.753 thread=140016100543424 event=side_panel.width.restore width=151 actual=151
2026-07-02T11:48:24.753 thread=140016100543424 event=side_panel.width.restore width=151 actual=151
2026-07-02T11:48:24.753 thread=140016100543424 event=side_panel.width.restore_finished width=151 actual=151
2026-07-02T11:48:24.753 thread=140016100543424 event=side_panel.width.restore_finished width=151 actual=151
2026-07-02T11:48:24.753 thread=140016100543424 event=side_panel.width.restore_finished width=151 actual=151
2026-07-02T11:48:26.070 thread=140016100543424 event=side_panel.width.changed width=151
2026-07-02T11:48:26.071 thread=140016100543424 event=side_panel.width.changed width=151
2026-07-02T11:48:39.017 thread=140016100543424 event=pane.filesystem_tint left=PosixPath('/home/xircon/wallpaper/hypr') right=PosixPath('/home/xircon/wallpaper') left_fs=66306 right_fs=66306 different=False
2026-07-02T11:48:47.248 thread=140016100543424 event=pane.filesystem_tint left=PosixPath('/home/xircon/wallpaper/hypr') right=PosixPath('/home/xircon/wallpaper') left_fs=66306 right_fs=66306 different=False
2026-07-02T11:48:55.228 thread=140016100543424 event=pane.filesystem_tint left=PosixPath('/home/xircon/wallpaper/hypr') right=PosixPath('/home/xircon/wallpaper') left_fs=66306 right_fs=66306 different=False
2026-07-02T11:48:57.492 thread=140016100543424 event=pane.filesystem_tint left=PosixPath('/home/xircon/wallpaper/hypr') right=PosixPath('/home/xircon/wallpaper') left_fs=66306 right_fs=66306 different=False
2026-07-02T11:51:42.566 thread=140016100543424 event=pane.filesystem_tint left=PosixPath('/home/xircon/wallpaper/hypr') right=PosixPath('/home/xircon/wallpaper') left_fs=66306 right_fs=66306 different=False
2026-07-02T11:51:47.427 thread=140016100543424 event=app.close.request active_file_operations=0 queued=0
2026-07-02T11:51:47.453 thread=140016100543424 event=app.close.accepted
2026-07-02T11:51:50.149 thread=139667072179136 event=logging.enabled path=PosixPath('/home/xircon/dmnts/twotb/scripts/pyside/fm/fm.log') version='1.07'
2026-07-02T11:51:50.149 thread=139667072179136 event=app.start version='1.07'
2026-07-02T11:51:50.434 thread=139667072179136 event=pane.filesystem_tint left=PosixPath('/home/xircon/wallpaper/hypr') right=PosixPath('/home/xircon') left_fs=66306 right_fs=66306 different=False
2026-07-02T11:51:50.482 thread=139667072179136 event=pane.filesystem_tint left=PosixPath('/home/xircon/wallpaper/hypr') right=PosixPath('/home/xircon/wallpaper') left_fs=66306 right_fs=66306 different=False
2026-07-02T11:51:50.650 thread=139667072179136 event=pane.filesystem_tint left=PosixPath('/home/xircon/wallpaper/hypr') right=PosixPath('/home/xircon/wallpaper') left_fs=66306 right_fs=66306 different=False
2026-07-02T11:51:50.692 thread=139667072179136 event=pane.filesystem_tint left=PosixPath('/home/xircon/wallpaper/hypr') right=PosixPath('/home/xircon/wallpaper') left_fs=66306 right_fs=66306 different=False
2026-07-02T11:51:50.933 thread=139667072179136 event=pane.filesystem_tint left=PosixPath('/home/xircon/wallpaper/hypr') right=PosixPath('/home/xircon/wallpaper') left_fs=66306 right_fs=66306 different=False
2026-07-02T11:51:50.939 thread=139667072179136 event=pane.filesystem_tint left=PosixPath('/home/xircon/wallpaper/hypr') right=PosixPath('/home/xircon/wallpaper') left_fs=66306 right_fs=66306 different=False
2026-07-02T11:51:51.651 thread=139667072179136 event=side_panel.width.restore width=151 actual=151
2026-07-02T11:51:51.663 thread=139667072179136 event=side_panel.width.restore width=151 actual=151
2026-07-02T11:51:51.663 thread=139667072179136 event=side_panel.width.restore width=151 actual=151
2026-07-02T11:51:51.667 thread=139667072179136 event=thumbnail.disk_cache.enabled directory=PosixPath('/home/xircon/wallpaper') image_count_at_least=100
2026-07-02T11:51:52.390 thread=139667072179136 event=side_panel.width.restore width=151 actual=151
2026-07-02T11:51:52.390 thread=139667072179136 event=side_panel.width.restore width=151 actual=151
2026-07-02T11:51:52.391 thread=139667072179136 event=side_panel.width.restore width=151 actual=151
2026-07-02T11:51:52.391 thread=139667072179136 event=side_panel.width.restore width=151 actual=151
2026-07-02T11:51:52.391 thread=139667072179136 event=side_panel.width.restore width=151 actual=151
2026-07-02T11:51:52.391 thread=139667072179136 event=side_panel.width.restore width=151 actual=151
2026-07-02T11:51:52.391 thread=139667072179136 event=side_panel.width.restore width=151 actual=151
2026-07-02T11:51:52.392 thread=139667072179136 event=side_panel.width.restore width=151 actual=151
2026-07-02T11:51:52.392 thread=139667072179136 event=side_panel.width.restore width=151 actual=151
2026-07-02T11:51:52.392 thread=139667072179136 event=side_panel.width.restore width=151 actual=151
2026-07-02T11:51:52.392 thread=139667072179136 event=side_panel.width.restore width=151 actual=151
2026-07-02T11:51:52.392 thread=139667072179136 event=side_panel.width.restore width=151 actual=151
2026-07-02T11:51:52.392 thread=139667072179136 event=side_panel.width.restore_finished width=151 actual=151
2026-07-02T11:51:52.393 thread=139667072179136 event=side_panel.width.restore_finished width=151 actual=151
2026-07-02T11:51:52.393 thread=139667072179136 event=side_panel.width.restore_finished width=151 actual=151
2026-07-02T11:51:53.661 thread=139667072179136 event=side_panel.width.changed width=151
2026-07-02T11:51:53.661 thread=139667072179136 event=side_panel.width.changed width=151
2026-07-02T11:51:58.014 thread=139667072179136 event=pane.filesystem_tint left=PosixPath('/home/xircon/wallpaper/hypr') right=PosixPath('/home/xircon/wallpaper') left_fs=66306 right_fs=66306 different=False
2026-07-02T11:52:04.570 thread=139667072179136 event=pane.filesystem_tint left=PosixPath('/home/xircon/wallpaper/hypr') right=PosixPath('/home/xircon/wallpaper') left_fs=66306 right_fs=66306 different=False
2026-07-02T11:52:13.572 thread=139667072179136 event=pane.filesystem_tint left=PosixPath('/home/xircon/wallpaper/hypr') right=PosixPath('/home/xircon/wallpaper') left_fs=66306 right_fs=66306 different=False
2026-07-02T11:52:19.620 thread=139667072179136 event=pane.filesystem_tint left=PosixPath('/home/xircon/wallpaper/hypr') right=PosixPath('/home/xircon/wallpaper') left_fs=66306 right_fs=66306 different=False
2026-07-02T11:52:25.158 thread=139667072179136 event=pane.filesystem_tint left=PosixPath('/home/xircon/wallpaper/hypr') right=PosixPath('/home/xircon/wallpaper') left_fs=66306 right_fs=66306 different=False
2026-07-02T11:52:29.551 thread=139667072179136 event=app.close.request active_file_operations=0 queued=0
2026-07-02T11:52:29.563 thread=139667072179136 event=app.close.accepted
2026-07-02T11:52:32.273 thread=140342061341632 event=logging.enabled path=PosixPath('/home/xircon/dmnts/twotb/scripts/pyside/fm/fm.log') version='1.07'
2026-07-02T11:52:32.273 thread=140342061341632 event=app.start version='1.07'
2026-07-02T11:52:32.569 thread=140342061341632 event=pane.filesystem_tint left=PosixPath('/home/xircon/wallpaper/hypr') right=PosixPath('/home/xircon') left_fs=66306 right_fs=66306 different=False
2026-07-02T11:52:32.604 thread=140342061341632 event=pane.filesystem_tint left=PosixPath('/home/xircon/wallpaper/hypr') right=PosixPath('/home/xircon/wallpaper') left_fs=66306 right_fs=66306 different=False
2026-07-02T11:52:32.723 thread=140342061341632 event=pane.filesystem_tint left=PosixPath('/home/xircon/wallpaper/hypr') right=PosixPath('/home/xircon/wallpaper') left_fs=66306 right_fs=66306 different=False
2026-07-02T11:52:32.758 thread=140342061341632 event=pane.filesystem_tint left=PosixPath('/home/xircon/wallpaper/hypr') right=PosixPath('/home/xircon/wallpaper') left_fs=66306 right_fs=66306 different=False
2026-07-02T11:52:32.994 thread=140342061341632 event=pane.filesystem_tint left=PosixPath('/home/xircon/wallpaper/hypr') right=PosixPath('/home/xircon/wallpaper') left_fs=66306 right_fs=66306 different=False
2026-07-02T11:52:33.001 thread=140342061341632 event=pane.filesystem_tint left=PosixPath('/home/xircon/wallpaper/hypr') right=PosixPath('/home/xircon/wallpaper') left_fs=66306 right_fs=66306 different=False
2026-07-02T11:52:33.711 thread=140342061341632 event=side_panel.width.restore width=151 actual=151
2026-07-02T11:52:33.723 thread=140342061341632 event=side_panel.width.restore width=151 actual=151
2026-07-02T11:52:33.723 thread=140342061341632 event=side_panel.width.restore width=151 actual=151
2026-07-02T11:52:33.728 thread=140342061341632 event=thumbnail.disk_cache.enabled directory=PosixPath('/home/xircon/wallpaper') image_count_at_least=100
2026-07-02T11:52:34.452 thread=140342061341632 event=side_panel.width.restore width=151 actual=151
2026-07-02T11:52:34.453 thread=140342061341632 event=side_panel.width.restore width=151 actual=151
2026-07-02T11:52:34.453 thread=140342061341632 event=side_panel.width.restore width=151 actual=151
2026-07-02T11:52:34.453 thread=140342061341632 event=side_panel.width.restore width=151 actual=151
2026-07-02T11:52:34.453 thread=140342061341632 event=side_panel.width.restore width=151 actual=151
2026-07-02T11:52:34.453 thread=140342061341632 event=side_panel.width.restore width=151 actual=151
2026-07-02T11:52:34.454 thread=140342061341632 event=side_panel.width.restore width=151 actual=151
2026-07-02T11:52:34.454 thread=140342061341632 event=side_panel.width.restore width=151 actual=151
2026-07-02T11:52:34.454 thread=140342061341632 event=side_panel.width.restore width=151 actual=151
2026-07-02T11:52:34.454 thread=140342061341632 event=side_panel.width.restore width=151 actual=151
2026-07-02T11:52:34.454 thread=140342061341632 event=side_panel.width.restore_finished width=151 actual=151
2026-07-02T11:52:34.454 thread=140342061341632 event=side_panel.width.restore width=151 actual=151
2026-07-02T11:52:34.455 thread=140342061341632 event=side_panel.width.restore width=151 actual=151
2026-07-02T11:52:34.455 thread=140342061341632 event=side_panel.width.restore_finished width=151 actual=151
2026-07-02T11:52:34.455 thread=140342061341632 event=side_panel.width.restore_finished width=151 actual=151
2026-07-02T11:52:35.776 thread=140342061341632 event=side_panel.width.changed width=151
2026-07-02T11:52:35.777 thread=140342061341632 event=side_panel.width.changed width=151
2026-07-02T11:53:01.903 thread=140342061341632 event=pane.filesystem_tint left=PosixPath('/home/xircon/wallpaper/hypr') right=PosixPath('/home/xircon/wallpaper') left_fs=66306 right_fs=66306 different=False
2026-07-02T12:23:30.837 thread=140342061341632 event=pane.filesystem_tint left=PosixPath('/home/xircon/dmnts/twotb/Downloads/Completed') right=PosixPath('/home/xircon/wallpaper') left_fs=66309 right_fs=66306 different=True
2026-07-02T12:23:30.888 thread=140342061341632 event=pane.filesystem_tint left=PosixPath('/home/xircon/dmnts/twotb/Downloads/Completed') right=PosixPath('/home/xircon/dmnts/htpc-mech/TV') left_fs=66309 right_fs=108 different=True
2026-07-02T13:34:22.337 thread=140299889445824 event=logging.enabled path=PosixPath('/home/xircon/dmnts/twotb/scripts/pyside/fm/fm.log') version='1.07'
2026-07-02T13:34:22.339 thread=140299889445824 event=app.start version='1.07'
2026-07-02T13:34:22.869 thread=140299889445824 event=pane.filesystem_tint left=PosixPath('/home/xircon/wallpaper/hypr') right=PosixPath('/home/xircon') left_fs=66306 right_fs=66306 different=False
2026-07-02T13:34:22.916 thread=140299889445824 event=pane.filesystem_tint left=PosixPath('/home/xircon/wallpaper/hypr') right=PosixPath('/home/xircon/wallpaper') left_fs=66306 right_fs=66306 different=False
2026-07-02T13:34:23.090 thread=140299889445824 event=pane.filesystem_tint left=PosixPath('/home/xircon/wallpaper/hypr') right=PosixPath('/home/xircon/wallpaper') left_fs=66306 right_fs=66306 different=False
2026-07-02T13:34:23.125 thread=140299889445824 event=pane.filesystem_tint left=PosixPath('/home/xircon/wallpaper/hypr') right=PosixPath('/home/xircon/wallpaper') left_fs=66306 right_fs=66306 different=False
2026-07-02T13:34:23.353 thread=140299889445824 event=pane.filesystem_tint left=PosixPath('/home/xircon/wallpaper/hypr') right=PosixPath('/home/xircon/wallpaper') left_fs=66306 right_fs=66306 different=False
2026-07-02T13:34:23.358 thread=140299889445824 event=pane.filesystem_tint left=PosixPath('/home/xircon/wallpaper/hypr') right=PosixPath('/home/xircon/wallpaper') left_fs=66306 right_fs=66306 different=False
2026-07-02T13:34:24.090 thread=140299889445824 event=side_panel.width.restore width=151 actual=151
2026-07-02T13:34:24.102 thread=140299889445824 event=side_panel.width.restore width=151 actual=151
2026-07-02T13:34:24.102 thread=140299889445824 event=side_panel.width.restore width=151 actual=151
2026-07-02T13:34:24.107 thread=140299889445824 event=thumbnail.disk_cache.enabled directory=PosixPath('/home/xircon/wallpaper') image_count_at_least=100
2026-07-02T13:34:24.767 thread=140299889445824 event=side_panel.width.restore width=151 actual=151
2026-07-02T13:34:24.768 thread=140299889445824 event=side_panel.width.restore width=151 actual=151
2026-07-02T13:34:24.768 thread=140299889445824 event=side_panel.width.restore width=151 actual=151
2026-07-02T13:34:24.768 thread=140299889445824 event=side_panel.width.restore width=151 actual=151
2026-07-02T13:34:24.768 thread=140299889445824 event=side_panel.width.restore width=151 actual=151
2026-07-02T13:34:24.768 thread=140299889445824 event=side_panel.width.restore width=151 actual=151
2026-07-02T13:34:24.769 thread=140299889445824 event=side_panel.width.restore width=151 actual=151
2026-07-02T13:34:24.769 thread=140299889445824 event=side_panel.width.restore width=151 actual=151
2026-07-02T13:34:24.770 thread=140299889445824 event=side_panel.width.restore width=151 actual=151
2026-07-02T13:34:24.770 thread=140299889445824 event=side_panel.width.restore width=151 actual=151
2026-07-02T13:34:24.770 thread=140299889445824 event=side_panel.width.restore width=151 actual=151
2026-07-02T13:34:24.770 thread=140299889445824 event=side_panel.width.restore width=151 actual=151
2026-07-02T13:34:24.770 thread=140299889445824 event=side_panel.width.restore_finished width=151 actual=151
2026-07-02T13:34:24.770 thread=140299889445824 event=side_panel.width.restore_finished width=151 actual=151
2026-07-02T13:34:24.770 thread=140299889445824 event=side_panel.width.restore_finished width=151 actual=151
2026-07-02T13:34:25.921 thread=140299889445824 event=side_panel.width.changed width=151
2026-07-02T13:34:25.921 thread=140299889445824 event=side_panel.width.changed width=151
2026-07-02T14:49:51.283 thread=140299889445824 event=pane.filesystem_tint left=PosixPath('/home/xircon/dmnts/twotb/Downloads/Completed') right=PosixPath('/home/xircon/wallpaper') left_fs=66309 right_fs=66306 different=True
2026-07-02T14:49:51.493 thread=140299889445824 event=pane.filesystem_tint left=PosixPath('/home/xircon/dmnts/twotb/Downloads/Completed') right=PosixPath('/home/xircon/dmnts/htpc-mech/TV') left_fs=66309 right_fs=108 different=True
2026-07-02T15:58:59.424 thread=140299889445824 event=clipboard.copy pane='Left' count=1 paths=['/home/xircon/dmnts/twotb/Downloads/Completed/Game.of.Thrones.Complete.Series.Season.1.2.3.4.5.6.7.8.x264.720p']
2026-07-02T15:59:07.495 thread=140299889445824 event=clipboard.paste pane='Right' source='internal' operation='copy' count=1 destination=PosixPath('/home/xircon/dmnts/htpc-mech/TV') paths=['/home/xircon/dmnts/twotb/Downloads/Completed/Game.of.Thrones.Complete.Series.Season.1.2.3.4.5.6.7.8.x264.720p']
2026-07-02T15:59:07.496 thread=140299889445824 event=copy.request pane='Right' count=1 destination=PosixPath('/home/xircon/dmnts/htpc-mech/TV') paths=['/home/xircon/dmnts/twotb/Downloads/Completed/Game.of.Thrones.Complete.Series.Season.1.2.3.4.5.6.7.8.x264.720p']
2026-07-02T15:59:07.670 thread=140299889445824 event=collision.none source=PosixPath('/home/xircon/dmnts/twotb/Downloads/Completed/Game.of.Thrones.Complete.Series.Season.1.2.3.4.5.6.7.8.x264.720p') destination=PosixPath('/home/xircon/dmnts/htpc-mech/TV/Game.of.Thrones.Complete.Series.Season.1.2.3.4.5.6.7.8.x264.720p')
2026-07-02T15:59:07.670 thread=140299889445824 event=copy.start_dialog pane='Right' targets=[('/home/xircon/dmnts/twotb/Downloads/Completed/Game.of.Thrones.Complete.Series.Season.1.2.3.4.5.6.7.8.x264.720p', '/home/xircon/dmnts/htpc-mech/TV/Game.of.Thrones.Complete.Series.Season.1.2.3.4.5.6.7.8.x264.720p')]
2026-07-02T15:59:07.670 thread=140299889445824 event=operation.dialog.create pane='Right' operation='copy' targets=1 title='Copying files...'
2026-07-02T15:59:07.670 thread=140299889445824 event=operation.begin active=1 queued=0
2026-07-02T15:59:07.685 thread=140299889445824 event=operation.thread.started pane='Right' operation='copy' targets=1
2026-07-02T15:59:07.685 thread=140298646705856 event=operation.worker.start operation='copy' targets=1
2026-07-02T15:59:07.690 thread=140298646705856 event=operation.worker.sized operation='copy' total_bytes=43918568641 total_units=670145
2026-07-02T15:59:07.690 thread=140298646705856 event=operation.target.start operation='copy' source=PosixPath('/home/xircon/dmnts/twotb/Downloads/Completed/Game.of.Thrones.Complete.Series.Season.1.2.3.4.5.6.7.8.x264.720p') target=PosixPath('/home/xircon/dmnts/htpc-mech/TV/Game.of.Thrones.Complete.Series.Season.1.2.3.4.5.6.7.8.x264.720p')
2026-07-02T15:59:07.701 thread=140298646705856 event=copy.directory.start operation='copy' source=PosixPath('/home/xircon/dmnts/twotb/Downloads/Completed/Game.of.Thrones.Complete.Series.Season.1.2.3.4.5.6.7.8.x264.720p') target=PosixPath('/home/xircon/dmnts/htpc-mech/TV/Game.of.Thrones.Complete.Series.Season.1.2.3.4.5.6.7.8.x264.720p')
2026-07-02T15:59:07.882 thread=140298646705856 event=copy.file.start operation='copy' source=PosixPath('/home/xircon/dmnts/twotb/Downloads/Completed/Game.of.Thrones.Complete.Series.Season.1.2.3.4.5.6.7.8.x264.720p/Info.txt') target=PosixPath('/home/xircon/dmnts/htpc-mech/TV/Game.of.Thrones.Complete.Series.Season.1.2.3.4.5.6.7.8.x264.720p/Info.txt')
2026-07-02T15:59:07.944 thread=140298646705856 event=copy.file.done operation='copy' source=PosixPath('/home/xircon/dmnts/twotb/Downloads/Completed/Game.of.Thrones.Complete.Series.Season.1.2.3.4.5.6.7.8.x264.720p/Info.txt') target=PosixPath('/home/xircon/dmnts/htpc-mech/TV/Game.of.Thrones.Complete.Series.Season.1.2.3.4.5.6.7.8.x264.720p/Info.txt') bytes=1777 elapsed_seconds=0.062
2026-07-02T15:59:07.951 thread=140298646705856 event=copy.file.start operation='copy' source=PosixPath('/home/xircon/dmnts/twotb/Downloads/Completed/Game.of.Thrones.Complete.Series.Season.1.2.3.4.5.6.7.8.x264.720p/Season 7/GoT.S07E04.The.Spoils.Of.War.720p.mkv') target=PosixPath('/home/xircon/dmnts/htpc-mech/TV/Game.of.Thrones.Complete.Series.Season.1.2.3.4.5.6.7.8.x264.720p/Season 7/GoT.S07E04.The.Spoils.Of.War.720p.mkv')
2026-07-02T16:04:07.473 thread=140298646705856 event=copy.file.done operation='copy' source=PosixPath('/home/xircon/dmnts/twotb/Downloads/Completed/Game.of.Thrones.Complete.Series.Season.1.2.3.4.5.6.7.8.x264.720p/Season 7/GoT.S07E04.The.Spoils.Of.War.720p.mkv') target=PosixPath('/home/xircon/dmnts/htpc-mech/TV/Game.of.Thrones.Complete.Series.Season.1.2.3.4.5.6.7.8.x264.720p/Season 7/GoT.S07E04.The.Spoils.Of.War.720p.mkv') bytes=692179094 elapsed_seconds=299.522
2026-07-02T16:04:07.487 thread=140298646705856 event=copy.file.start operation='copy' source=PosixPath('/home/xircon/dmnts/twotb/Downloads/Completed/Game.of.Thrones.Complete.Series.Season.1.2.3.4.5.6.7.8.x264.720p/Season 7/GoT.S07E01.Dragonstone.720p.mkv') target=PosixPath('/home/xircon/dmnts/htpc-mech/TV/Game.of.Thrones.Complete.Series.Season.1.2.3.4.5.6.7.8.x264.720p/Season 7/GoT.S07E01.Dragonstone.720p.mkv')
2026-07-02T16:08:28.684 thread=140298646705856 event=copy.file.done operation='copy' source=PosixPath('/home/xircon/dmnts/twotb/Downloads/Completed/Game.of.Thrones.Complete.Series.Season.1.2.3.4.5.6.7.8.x264.720p/Season 7/GoT.S07E01.Dragonstone.720p.mkv') target=PosixPath('/home/xircon/dmnts/htpc-mech/TV/Game.of.Thrones.Complete.Series.Season.1.2.3.4.5.6.7.8.x264.720p/Season 7/GoT.S07E01.Dragonstone.720p.mkv') bytes=622289478 elapsed_seconds=261.196
2026-07-02T16:08:28.752 thread=140298646705856 event=copy.file.start operation='copy' source=PosixPath('/home/xircon/dmnts/twotb/Downloads/Completed/Game.of.Thrones.Complete.Series.Season.1.2.3.4.5.6.7.8.x264.720p/Season 7/GoT.S07E02.Stormborn.720p.mkv') target=PosixPath('/home/xircon/dmnts/htpc-mech/TV/Game.of.Thrones.Complete.Series.Season.1.2.3.4.5.6.7.8.x264.720p/Season 7/GoT.S07E02.Stormborn.720p.mkv')
2026-07-02T16:12:53.844 thread=140298646705856 event=copy.file.done operation='copy' source=PosixPath('/home/xircon/dmnts/twotb/Downloads/Completed/Game.of.Thrones.Complete.Series.Season.1.2.3.4.5.6.7.8.x264.720p/Season 7/GoT.S07E02.Stormborn.720p.mkv') target=PosixPath('/home/xircon/dmnts/htpc-mech/TV/Game.of.Thrones.Complete.Series.Season.1.2.3.4.5.6.7.8.x264.720p/Season 7/GoT.S07E02.Stormborn.720p.mkv') bytes=592853832 elapsed_seconds=265.092
2026-07-02T16:12:53.851 thread=140298646705856 event=copy.file.start operation='copy' source=PosixPath('/home/xircon/dmnts/twotb/Downloads/Completed/Game.of.Thrones.Complete.Series.Season.1.2.3.4.5.6.7.8.x264.720p/Season 7/GoT.S07E05.Eastwatch.720p.mkv') target=PosixPath('/home/xircon/dmnts/htpc-mech/TV/Game.of.Thrones.Complete.Series.Season.1.2.3.4.5.6.7.8.x264.720p/Season 7/GoT.S07E05.Eastwatch.720p.mkv')
2026-07-02T16:17:39.659 thread=140298646705856 event=copy.file.done operation='copy' source=PosixPath('/home/xircon/dmnts/twotb/Downloads/Completed/Game.of.Thrones.Complete.Series.Season.1.2.3.4.5.6.7.8.x264.720p/Season 7/GoT.S07E05.Eastwatch.720p.mkv') target=PosixPath('/home/xircon/dmnts/htpc-mech/TV/Game.of.Thrones.Complete.Series.Season.1.2.3.4.5.6.7.8.x264.720p/Season 7/GoT.S07E05.Eastwatch.720p.mkv') bytes=630274147 elapsed_seconds=285.808
2026-07-02T16:17:39.667 thread=140298646705856 event=copy.file.start operation='copy' source=PosixPath('/home/xircon/dmnts/twotb/Downloads/Completed/Game.of.Thrones.Complete.Series.Season.1.2.3.4.5.6.7.8.x264.720p/Season 7/GoT.S07E06.Beyond.The.Wall.720p.mkv') target=PosixPath('/home/xircon/dmnts/htpc-mech/TV/Game.of.Thrones.Complete.Series.Season.1.2.3.4.5.6.7.8.x264.720p/Season 7/GoT.S07E06.Beyond.The.Wall.720p.mkv')
2026-07-02T16:24:51.068 thread=140298646705856 event=copy.file.done operation='copy' source=PosixPath('/home/xircon/dmnts/twotb/Downloads/Completed/Game.of.Thrones.Complete.Series.Season.1.2.3.4.5.6.7.8.x264.720p/Season 7/GoT.S07E06.Beyond.The.Wall.720p.mkv') target=PosixPath('/home/xircon/dmnts/htpc-mech/TV/Game.of.Thrones.Complete.Series.Season.1.2.3.4.5.6.7.8.x264.720p/Season 7/GoT.S07E06.Beyond.The.Wall.720p.mkv') bytes=1015196210 elapsed_seconds=431.401
2026-07-02T16:24:51.085 thread=140298646705856 event=copy.file.start operation='copy' source=PosixPath('/home/xircon/dmnts/twotb/Downloads/Completed/Game.of.Thrones.Complete.Series.Season.1.2.3.4.5.6.7.8.x264.720p/Season 7/GoT.S07E03.The.Queens.Justice.720p.mkv') target=PosixPath('/home/xircon/dmnts/htpc-mech/TV/Game.of.Thrones.Complete.Series.Season.1.2.3.4.5.6.7.8.x264.720p/Season 7/GoT.S07E03.The.Queens.Justice.720p.mkv')
2026-07-02T16:31:39.556 thread=140298646705856 event=copy.file.done operation='copy' source=PosixPath('/home/xircon/dmnts/twotb/Downloads/Completed/Game.of.Thrones.Complete.Series.Season.1.2.3.4.5.6.7.8.x264.720p/Season 7/GoT.S07E03.The.Queens.Justice.720p.mkv') target=PosixPath('/home/xircon/dmnts/htpc-mech/TV/Game.of.Thrones.Complete.Series.Season.1.2.3.4.5.6.7.8.x264.720p/Season 7/GoT.S07E03.The.Queens.Justice.720p.mkv') bytes=675049308 elapsed_seconds=408.471
2026-07-02T16:31:39.565 thread=140298646705856 event=copy.file.start operation='copy' source=PosixPath('/home/xircon/dmnts/twotb/Downloads/Completed/Game.of.Thrones.Complete.Series.Season.1.2.3.4.5.6.7.8.x264.720p/Season 7/GoT.S07E07.The.Dragon.And.The.Wolf.720p.mkv') target=PosixPath('/home/xircon/dmnts/htpc-mech/TV/Game.of.Thrones.Complete.Series.Season.1.2.3.4.5.6.7.8.x264.720p/Season 7/GoT.S07E07.The.Dragon.And.The.Wolf.720p.mkv')
2026-07-02T16:36:35.333 thread=140298646705856 event=copy.file.done operation='copy' source=PosixPath('/home/xircon/dmnts/twotb/Downloads/Completed/Game.of.Thrones.Complete.Series.Season.1.2.3.4.5.6.7.8.x264.720p/Season 7/GoT.S07E07.The.Dragon.And.The.Wolf.720p.mkv') target=PosixPath('/home/xircon/dmnts/htpc-mech/TV/Game.of.Thrones.Complete.Series.Season.1.2.3.4.5.6.7.8.x264.720p/Season 7/GoT.S07E07.The.Dragon.And.The.Wolf.720p.mkv') bytes=873274259 elapsed_seconds=295.768
2026-07-02T16:36:35.367 thread=140298646705856 event=copy.file.start operation='copy' source=PosixPath('/home/xircon/dmnts/twotb/Downloads/Completed/Game.of.Thrones.Complete.Series.Season.1.2.3.4.5.6.7.8.x264.720p/Season 2/GoT.S02E10.Valar.Morghulis.720p.mkv') target=PosixPath('/home/xircon/dmnts/htpc-mech/TV/Game.of.Thrones.Complete.Series.Season.1.2.3.4.5.6.7.8.x264.720p/Season 2/GoT.S02E10.Valar.Morghulis.720p.mkv')
2026-07-02T16:38:49.951 thread=140298646705856 event=copy.file.done operation='copy' source=PosixPath('/home/xircon/dmnts/twotb/Downloads/Completed/Game.of.Thrones.Complete.Series.Season.1.2.3.4.5.6.7.8.x264.720p/Season 2/GoT.S02E10.Valar.Morghulis.720p.mkv') target=PosixPath('/home/xircon/dmnts/htpc-mech/TV/Game.of.Thrones.Complete.Series.Season.1.2.3.4.5.6.7.8.x264.720p/Season 2/GoT.S02E10.Valar.Morghulis.720p.mkv') bytes=628307360 elapsed_seconds=134.584
2026-07-02T16:38:49.962 thread=140298646705856 event=copy.file.start operation='copy' source=PosixPath('/home/xircon/dmnts/twotb/Downloads/Completed/Game.of.Thrones.Complete.Series.Season.1.2.3.4.5.6.7.8.x264.720p/Season 2/GoT.S02E06.The.Old.Gods.And.The.New.720p.mkv') target=PosixPath('/home/xircon/dmnts/htpc-mech/TV/Game.of.Thrones.Complete.Series.Season.1.2.3.4.5.6.7.8.x264.720p/Season 2/GoT.S02E06.The.Old.Gods.And.The.New.720p.mkv')
2026-07-02T16:40:53.252 thread=140298646705856 event=copy.file.done operation='copy' source=PosixPath('/home/xircon/dmnts/twotb/Downloads/Completed/Game.of.Thrones.Complete.Series.Season.1.2.3.4.5.6.7.8.x264.720p/Season 2/GoT.S02E06.The.Old.Gods.And.The.New.720p.mkv') target=PosixPath('/home/xircon/dmnts/htpc-mech/TV/Game.of.Thrones.Complete.Series.Season.1.2.3.4.5.6.7.8.x264.720p/Season 2/GoT.S02E06.The.Old.Gods.And.The.New.720p.mkv') bytes=581486342 elapsed_seconds=123.29
2026-07-02T16:40:53.268 thread=140298646705856 event=copy.file.start operation='copy' source=PosixPath('/home/xircon/dmnts/twotb/Downloads/Completed/Game.of.Thrones.Complete.Series.Season.1.2.3.4.5.6.7.8.x264.720p/Season 2/GoT.S02E07.A.Man.Without.Honor.720p.mkv') target=PosixPath('/home/xircon/dmnts/htpc-mech/TV/Game.of.Thrones.Complete.Series.Season.1.2.3.4.5.6.7.8.x264.720p/Season 2/GoT.S02E07.A.Man.Without.Honor.720p.mkv')
2026-07-02T16:43:09.822 thread=140298646705856 event=copy.file.done operation='copy' source=PosixPath('/home/xircon/dmnts/twotb/Downloads/Completed/Game.of.Thrones.Complete.Series.Season.1.2.3.4.5.6.7.8.x264.720p/Season 2/GoT.S02E07.A.Man.Without.Honor.720p.mkv') target=PosixPath('/home/xircon/dmnts/htpc-mech/TV/Game.of.Thrones.Complete.Series.Season.1.2.3.4.5.6.7.8.x264.720p/Season 2/GoT.S02E07.A.Man.Without.Honor.720p.mkv') bytes=524332254 elapsed_seconds=136.554
2026-07-02T16:43:09.836 thread=140298646705856 event=copy.file.start operation='copy' source=PosixPath('/home/xircon/dmnts/twotb/Downloads/Completed/Game.of.Thrones.Complete.Series.Season.1.2.3.4.5.6.7.8.x264.720p/Season 2/GoT.S02E03.What.Is.Dead.May.Never.Die.720p.mkv') target=PosixPath('/home/xircon/dmnts/htpc-mech/TV/Game.of.Thrones.Complete.Series.Season.1.2.3.4.5.6.7.8.x264.720p/Season 2/GoT.S02E03.What.Is.Dead.May.Never.Die.720p.mkv')
2026-07-02T16:45:08.400 thread=140298646705856 event=copy.file.done operation='copy' source=PosixPath('/home/xircon/dmnts/twotb/Downloads/Completed/Game.of.Thrones.Complete.Series.Season.1.2.3.4.5.6.7.8.x264.720p/Season 2/GoT.S02E03.What.Is.Dead.May.Never.Die.720p.mkv') target=PosixPath('/home/xircon/dmnts/htpc-mech/TV/Game.of.Thrones.Complete.Series.Season.1.2.3.4.5.6.7.8.x264.720p/Season 2/GoT.S02E03.What.Is.Dead.May.Never.Die.720p.mkv') bytes=469494694 elapsed_seconds=118.564
2026-07-02T16:45:08.409 thread=140298646705856 event=copy.file.start operation='copy' source=PosixPath('/home/xircon/dmnts/twotb/Downloads/Completed/Game.of.Thrones.Complete.Series.Season.1.2.3.4.5.6.7.8.x264.720p/Season 2/GoT.S02E05.The.Ghost.of.Harrenhal.720p.mkv') target=PosixPath('/home/xircon/dmnts/htpc-mech/TV/Game.of.Thrones.Complete.Series.Season.1.2.3.4.5.6.7.8.x264.720p/Season 2/GoT.S02E05.The.Ghost.of.Harrenhal.720p.mkv')
2026-07-02T16:47:08.919 thread=140298646705856 event=copy.file.done operation='copy' source=PosixPath('/home/xircon/dmnts/twotb/Downloads/Completed/Game.of.Thrones.Complete.Series.Season.1.2.3.4.5.6.7.8.x264.720p/Season 2/GoT.S02E05.The.Ghost.of.Harrenhal.720p.mkv') target=PosixPath('/home/xircon/dmnts/htpc-mech/TV/Game.of.Thrones.Complete.Series.Season.1.2.3.4.5.6.7.8.x264.720p/Season 2/GoT.S02E05.The.Ghost.of.Harrenhal.720p.mkv') bytes=568741562 elapsed_seconds=120.51
2026-07-02T16:47:08.927 thread=140298646705856 event=copy.file.start operation='copy' source=PosixPath('/home/xircon/dmnts/twotb/Downloads/Completed/Game.of.Thrones.Complete.Series.Season.1.2.3.4.5.6.7.8.x264.720p/Season 2/GoT.S02E09.Blackwater.720p.mkv') target=PosixPath('/home/xircon/dmnts/htpc-mech/TV/Game.of.Thrones.Complete.Series.Season.1.2.3.4.5.6.7.8.x264.720p/Season 2/GoT.S02E09.Blackwater.720p.mkv')
2026-07-02T16:48:51.858 thread=140298646705856 event=copy.file.done operation='copy' source=PosixPath('/home/xircon/dmnts/twotb/Downloads/Completed/Game.of.Thrones.Complete.Series.Season.1.2.3.4.5.6.7.8.x264.720p/Season 2/GoT.S02E09.Blackwater.720p.mkv') target=PosixPath('/home/xircon/dmnts/htpc-mech/TV/Game.of.Thrones.Complete.Series.Season.1.2.3.4.5.6.7.8.x264.720p/Season 2/GoT.S02E09.Blackwater.720p.mkv') bytes=519057882 elapsed_seconds=102.932
2026-07-02T16:48:51.867 thread=140298646705856 event=copy.file.start operation='copy' source=PosixPath('/home/xircon/dmnts/twotb/Downloads/Completed/Game.of.Thrones.Complete.Series.Season.1.2.3.4.5.6.7.8.x264.720p/Season 2/GoT.S02E08.The.Prince.of.Winterfell.720p.mkv') target=PosixPath('/home/xircon/dmnts/htpc-mech/TV/Game.of.Thrones.Complete.Series.Season.1.2.3.4.5.6.7.8.x264.720p/Season 2/GoT.S02E08.The.Prince.of.Winterfell.720p.mkv')
2026-07-02T16:50:22.557 thread=140298646705856 event=copy.file.done operation='copy' source=PosixPath('/home/xircon/dmnts/twotb/Downloads/Completed/Game.of.Thrones.Complete.Series.Season.1.2.3.4.5.6.7.8.x264.720p/Season 2/GoT.S02E08.The.Prince.of.Winterfell.720p.mkv') target=PosixPath('/home/xircon/dmnts/htpc-mech/TV/Game.of.Thrones.Complete.Series.Season.1.2.3.4.5.6.7.8.x264.720p/Season 2/GoT.S02E08.The.Prince.of.Winterfell.720p.mkv') bytes=530087464 elapsed_seconds=90.69
2026-07-02T16:50:22.566 thread=140298646705856 event=copy.file.start operation='copy' source=PosixPath('/home/xircon/dmnts/twotb/Downloads/Completed/Game.of.Thrones.Complete.Series.Season.1.2.3.4.5.6.7.8.x264.720p/Season 2/GoT.S02E04.Garden.of.Bones.720p.mkv') target=PosixPath('/home/xircon/dmnts/htpc-mech/TV/Game.of.Thrones.Complete.Series.Season.1.2.3.4.5.6.7.8.x264.720p/Season 2/GoT.S02E04.Garden.of.Bones.720p.mkv')
2026-07-02T16:51:55.037 thread=140298646705856 event=copy.file.done operation='copy' source=PosixPath('/home/xircon/dmnts/twotb/Downloads/Completed/Game.of.Thrones.Complete.Series.Season.1.2.3.4.5.6.7.8.x264.720p/Season 2/GoT.S02E04.Garden.of.Bones.720p.mkv') target=PosixPath('/home/xircon/dmnts/htpc-mech/TV/Game.of.Thrones.Complete.Series.Season.1.2.3.4.5.6.7.8.x264.720p/Season 2/GoT.S02E04.Garden.of.Bones.720p.mkv') bytes=490225554 elapsed_seconds=92.471
2026-07-02T16:51:55.046 thread=140298646705856 event=copy.file.start operation='copy' source=PosixPath('/home/xircon/dmnts/twotb/Downloads/Completed/Game.of.Thrones.Complete.Series.Season.1.2.3.4.5.6.7.8.x264.720p/Season 2/GoT.S02E01.The.North.Remembers.720p.mkv') target=PosixPath('/home/xircon/dmnts/htpc-mech/TV/Game.of.Thrones.Complete.Series.Season.1.2.3.4.5.6.7.8.x264.720p/Season 2/GoT.S02E01.The.North.Remembers.720p.mkv')
2026-07-02T16:54:01.389 thread=140298646705856 event=copy.file.done operation='copy' source=PosixPath('/home/xircon/dmnts/twotb/Downloads/Completed/Game.of.Thrones.Complete.Series.Season.1.2.3.4.5.6.7.8.x264.720p/Season 2/GoT.S02E01.The.North.Remembers.720p.mkv') target=PosixPath('/home/xircon/dmnts/htpc-mech/TV/Game.of.Thrones.Complete.Series.Season.1.2.3.4.5.6.7.8.x264.720p/Season 2/GoT.S02E01.The.North.Remembers.720p.mkv') bytes=502560965 elapsed_seconds=126.343
2026-07-02T16:54:01.398 thread=140298646705856 event=copy.file.start operation='copy' source=PosixPath('/home/xircon/dmnts/twotb/Downloads/Completed/Game.of.Thrones.Complete.Series.Season.1.2.3.4.5.6.7.8.x264.720p/Season 2/GoT.S02E02.The.Night.Lands.720p.mkv') target=PosixPath('/home/xircon/dmnts/htpc-mech/TV/Game.of.Thrones.Complete.Series.Season.1.2.3.4.5.6.7.8.x264.720p/Season 2/GoT.S02E02.The.Night.Lands.720p.mkv')
2026-07-02T16:56:07.382 thread=140298646705856 event=copy.file.done operation='copy' source=PosixPath('/home/xircon/dmnts/twotb/Downloads/Completed/Game.of.Thrones.Complete.Series.Season.1.2.3.4.5.6.7.8.x264.720p/Season 2/GoT.S02E02.The.Night.Lands.720p.mkv') target=PosixPath('/home/xircon/dmnts/htpc-mech/TV/Game.of.Thrones.Complete.Series.Season.1.2.3.4.5.6.7.8.x264.720p/Season 2/GoT.S02E02.The.Night.Lands.720p.mkv') bytes=509899509 elapsed_seconds=125.984
2026-07-02T16:56:07.456 thread=140298646705856 event=copy.file.start operation='copy' source=PosixPath('/home/xircon/dmnts/twotb/Downloads/Completed/Game.of.Thrones.Complete.Series.Season.1.2.3.4.5.6.7.8.x264.720p/English Subs (SRT)/English/GoT.S08E01.Winterfell.720p.English.srt') target=PosixPath('/home/xircon/dmnts/htpc-mech/TV/Game.of.Thrones.Complete.Series.Season.1.2.3.4.5.6.7.8.x264.720p/English Subs (SRT)/English/GoT.S08E01.Winterfell.720p.English.srt')
2026-07-02T16:56:07.666 thread=140298646705856 event=copy.file.done operation='copy' source=PosixPath('/home/xircon/dmnts/twotb/Downloads/Completed/Game.of.Thrones.Complete.Series.Season.1.2.3.4.5.6.7.8.x264.720p/English Subs (SRT)/English/GoT.S08E01.Winterfell.720p.English.srt') target=PosixPath('/home/xircon/dmnts/htpc-mech/TV/Game.of.Thrones.Complete.Series.Season.1.2.3.4.5.6.7.8.x264.720p/English Subs (SRT)/English/GoT.S08E01.Winterfell.720p.English.srt') bytes=41806 elapsed_seconds=0.21
2026-07-02T16:56:07.679 thread=140298646705856 event=copy.file.start operation='copy' source=PosixPath('/home/xircon/dmnts/twotb/Downloads/Completed/Game.of.Thrones.Complete.Series.Season.1.2.3.4.5.6.7.8.x264.720p/English Subs (SRT)/English/GoT.S03E07.The.Bear.and.the.Maiden.Fair.720p.English.srt') target=PosixPath('/home/xircon/dmnts/htpc-mech/TV/Game.of.Thrones.Complete.Series.Season.1.2.3.4.5.6.7.8.x264.720p/English Subs (SRT)/English/GoT.S03E07.The.Bear.and.the.Maiden.Fair.720p.English.srt')
2026-07-02T16:56:07.739 thread=140298646705856 event=copy.file.done operation='copy' source=PosixPath('/home/xircon/dmnts/twotb/Downloads/Completed/Game.of.Thrones.Complete.Series.Season.1.2.3.4.5.6.7.8.x264.720p/English Subs (SRT)/English/GoT.S03E07.The.Bear.and.the.Maiden.Fair.720p.English.srt') target=PosixPath('/home/xircon/dmnts/htpc-mech/TV/Game.of.Thrones.Complete.Series.Season.1.2.3.4.5.6.7.8.x264.720p/English Subs (SRT)/English/GoT.S03E07.The.Bear.and.the.Maiden.Fair.720p.English.srt') bytes=56996 elapsed_seconds=0.06
2026-07-02T16:56:07.852 thread=140298646705856 event=copy.file.start operation='copy' source=PosixPath('/home/xircon/dmnts/twotb/Downloads/Completed/Game.of.Thrones.Complete.Series.Season.1.2.3.4.5.6.7.8.x264.720p/English Subs (SRT)/English/GoT.S06E08.No.One.720p.English.srt') target=PosixPath('/home/xircon/dmnts/htpc-mech/TV/Game.of.Thrones.Complete.Series.Season.1.2.3.4.5.6.7.8.x264.720p/English Subs (SRT)/English/GoT.S06E08.No.One.720p.English.srt')
2026-07-02T16:56:08.127 thread=140298646705856 event=copy.file.done operation='copy' source=PosixPath('/home/xircon/dmnts/twotb/Downloads/Completed/Game.of.Thrones.Complete.Series.Season.1.2.3.4.5.6.7.8.x264.720p/English Subs (SRT)/English/GoT.S06E08.No.One.720p.English.srt') target=PosixPath('/home/xircon/dmnts/htpc-mech/TV/Game.of.Thrones.Complete.Series.Season.1.2.3.4.5.6.7.8.x264.720p/English Subs (SRT)/English/GoT.S06E08.No.One.720p.English.srt') bytes=50505 elapsed_seconds=0.274
2026-07-02T16:56:08.164 thread=140298646705856 event=copy.file.start operation='copy' source=PosixPath('/home/xircon/dmnts/twotb/Downloads/Completed/Game.of.Thrones.Complete.Series.Season.1.2.3.4.5.6.7.8.x264.720p/English Subs (SRT)/English/GoT.S05E09.The.Dance.Of.Dragons.720p.English.srt') target=PosixPath('/home/xircon/dmnts/htpc-mech/TV/Game.of.Thrones.Complete.Series.Season.1.2.3.4.5.6.7.8.x264.720p/English Subs (SRT)/English/GoT.S05E09.The.Dance.Of.Dragons.720p.English.srt')
2026-07-02T16:56:08.206 thread=140298646705856 event=copy.file.done operation='copy' source=PosixPath('/home/xircon/dmnts/twotb/Downloads/Completed/Game.of.Thrones.Complete.Series.Season.1.2.3.4.5.6.7.8.x264.720p/English Subs (SRT)/English/GoT.S05E09.The.Dance.Of.Dragons.720p.English.srt') target=PosixPath('/home/xircon/dmnts/htpc-mech/TV/Game.of.Thrones.Complete.Series.Season.1.2.3.4.5.6.7.8.x264.720p/English Subs (SRT)/English/GoT.S05E09.The.Dance.Of.Dragons.720p.English.srt') bytes=38105 elapsed_seconds=0.042
2026-07-02T16:56:08.217 thread=140298646705856 event=copy.file.start operation='copy' source=PosixPath('/home/xircon/dmnts/twotb/Downloads/Completed/Game.of.Thrones.Complete.Series.Season.1.2.3.4.5.6.7.8.x264.720p/English Subs (SRT)/English/GoT.S04E03.Breaker.of.Chains.720p.English.srt') target=PosixPath('/home/xircon/dmnts/htpc-mech/TV/Game.of.Thrones.Complete.Series.Season.1.2.3.4.5.6.7.8.x264.720p/English Subs (SRT)/English/GoT.S04E03.Breaker.of.Chains.720p.English.srt')
2026-07-02T16:56:08.262 thread=140298646705856 event=copy.file.done operation='copy' source=PosixPath('/home/xircon/dmnts/twotb/Downloads/Completed/Game.of.Thrones.Complete.Series.Season.1.2.3.4.5.6.7.8.x264.720p/English Subs (SRT)/English/GoT.S04E03.Breaker.of.Chains.720p.English.srt') target=PosixPath('/home/xircon/dmnts/htpc-mech/TV/Game.of.Thrones.Complete.Series.Season.1.2.3.4.5.6.7.8.x264.720p/English Subs (SRT)/English/GoT.S04E03.Breaker.of.Chains.720p.English.srt') bytes=59894 elapsed_seconds=0.045
2026-07-02T16:56:08.274 thread=140298646705856 event=copy.file.start operation='copy' source=PosixPath('/home/xircon/dmnts/twotb/Downloads/Completed/Game.of.Thrones.Complete.Series.Season.1.2.3.4.5.6.7.8.x264.720p/English Subs (SRT)/English/GoT.S06E02.Home.720p.English.srt') target=PosixPath('/home/xircon/dmnts/htpc-mech/TV/Game.of.Thrones.Complete.Series.Season.1.2.3.4.5.6.7.8.x264.720p/English Subs (SRT)/English/GoT.S06E02.Home.720p.English.srt')
2026-07-02T16:56:08.314 thread=140298646705856 event=copy.file.done operation='copy' source=PosixPath('/home/xircon/dmnts/twotb/Downloads/Completed/Game.of.Thrones.Complete.Series.Season.1.2.3.4.5.6.7.8.x264.720p/English Subs (SRT)/English/GoT.S06E02.Home.720p.English.srt') target=PosixPath('/home/xircon/dmnts/htpc-mech/TV/Game.of.Thrones.Complete.Series.Season.1.2.3.4.5.6.7.8.x264.720p/English Subs (SRT)/English/GoT.S06E02.Home.720p.English.srt') bytes=39813 elapsed_seconds=0.04
2026-07-02T16:56:08.326 thread=140298646705856 event=copy.file.start operation='copy' source=PosixPath('/home/xircon/dmnts/twotb/Downloads/Completed/Game.of.Thrones.Complete.Series.Season.1.2.3.4.5.6.7.8.x264.720p/English Subs (SRT)/English/GoT.S02E07.A.Man.Without.Honor.720p.English.srt') target=PosixPath('/home/xircon/dmnts/htpc-mech/TV/Game.of.Thrones.Complete.Series.Season.1.2.3.4.5.6.7.8.x264.720p/English Subs (SRT)/English/GoT.S02E07.A.Man.Without.Honor.720p.English.srt')
2026-07-02T16:56:08.505 thread=140298646705856 event=copy.file.done operation='copy' source=PosixPath('/home/xircon/dmnts/twotb/Downloads/Completed/Game.of.Thrones.Complete.Series.Season.1.2.3.4.5.6.7.8.x264.720p/English Subs (SRT)/English/GoT.S02E07.A.Man.Without.Honor.720p.English.srt') target=PosixPath('/home/xircon/dmnts/htpc-mech/TV/Game.of.Thrones.Complete.Series.Season.1.2.3.4.5.6.7.8.x264.720p/English Subs (SRT)/English/GoT.S02E07.A.Man.Without.Honor.720p.English.srt') bytes=59475 elapsed_seconds=0.178
2026-07-02T16:56:08.516 thread=140298646705856 event=copy.file.start operation='copy' source=PosixPath('/home/xircon/dmnts/twotb/Downloads/Completed/Game.of.Thrones.Complete.Series.Season.1.2.3.4.5.6.7.8.x264.720p/English Subs (SRT)/English/GoT.S08E04.The.Last.of.the.Starks.720p.English.srt') target=PosixPath('/home/xircon/dmnts/htpc-mech/TV/Game.of.Thrones.Complete.Series.Season.1.2.3.4.5.6.7.8.x264.720p/English Subs (SRT)/English/GoT.S08E04.The.Last.of.the.Starks.720p.English.srt')
2026-07-02T16:56:08.552 thread=140298646705856 event=copy.file.done operation='copy' source=PosixPath('/home/xircon/dmnts/twotb/Downloads/Completed/Game.of.Thrones.Complete.Series.Season.1.2.3.4.5.6.7.8.x264.720p/English Subs (SRT)/English/GoT.S08E04.The.Last.of.the.Starks.720p.English.srt') target=PosixPath('/home/xircon/dmnts/htpc-mech/TV/Game.of.Thrones.Complete.Series.Season.1.2.3.4.5.6.7.8.x264.720p/English Subs (SRT)/English/GoT.S08E04.The.Last.of.the.Starks.720p.English.srt') bytes=59925 elapsed_seconds=0.036
2026-07-02T16:56:08.565 thread=140298646705856 event=copy.file.start operation='copy' source=PosixPath('/home/xircon/dmnts/twotb/Downloads/Completed/Game.of.Thrones.Complete.Series.Season.1.2.3.4.5.6.7.8.x264.720p/English Subs (SRT)/English/GoT.S05E05.Kill.The.Boy.720p.English.srt') target=PosixPath('/home/xircon/dmnts/htpc-mech/TV/Game.of.Thrones.Complete.Series.Season.1.2.3.4.5.6.7.8.x264.720p/English Subs (SRT)/English/GoT.S05E05.Kill.The.Boy.720p.English.srt')
2026-07-02T16:56:08.602 thread=140298646705856 event=copy.file.done operation='copy' source=PosixPath('/home/xircon/dmnts/twotb/Downloads/Completed/Game.of.Thrones.Complete.Series.Season.1.2.3.4.5.6.7.8.x264.720p/English Subs (SRT)/English/GoT.S05E05.Kill.The.Boy.720p.English.srt') target=PosixPath('/home/xircon/dmnts/htpc-mech/TV/Game.of.Thrones.Complete.Series.Season.1.2.3.4.5.6.7.8.x264.720p/English Subs (SRT)/English/GoT.S05E05.Kill.The.Boy.720p.English.srt') bytes=46314 elapsed_seconds=0.037
2026-07-02T16:56:08.613 thread=140298646705856 event=copy.file.start operation='copy' source=PosixPath('/home/xircon/dmnts/twotb/Downloads/Completed/Game.of.Thrones.Complete.Series.Season.1.2.3.4.5.6.7.8.x264.720p/English Subs (SRT)/English/GoT.S06E05.The.Door.720p.English.srt') target=PosixPath('/home/xircon/dmnts/htpc-mech/TV/Game.of.Thrones.Complete.Series.Season.1.2.3.4.5.6.7.8.x264.720p/English Subs (SRT)/English/GoT.S06E05.The.Door.720p.English.srt')
2026-07-02T16:56:08.653 thread=140298646705856 event=copy.file.done operation='copy' source=PosixPath('/home/xircon/dmnts/twotb/Downloads/Completed/Game.of.Thrones.Complete.Series.Season.1.2.3.4.5.6.7.8.x264.720p/English Subs (SRT)/English/GoT.S06E05.The.Door.720p.English.srt') target=PosixPath('/home/xircon/dmnts/htpc-mech/TV/Game.of.Thrones.Complete.Series.Season.1.2.3.4.5.6.7.8.x264.720p/English Subs (SRT)/English/GoT.S06E05.The.Door.720p.English.srt') bytes=49325 elapsed_seconds=0.04
2026-07-02T16:56:08.667 thread=140298646705856 event=copy.file.start operation='copy' source=PosixPath('/home/xircon/dmnts/twotb/Downloads/Completed/Game.of.Thrones.Complete.Series.Season.1.2.3.4.5.6.7.8.x264.720p/English Subs (SRT)/English/GoT.S07E06.Beyond.The.Wall.720p.English.srt') target=PosixPath('/home/xircon/dmnts/htpc-mech/TV/Game.of.Thrones.Complete.Series.Season.1.2.3.4.5.6.7.8.x264.720p/English Subs (SRT)/English/GoT.S07E06.Beyond.The.Wall.720p.English.srt')
2026-07-02T16:56:08.703 thread=140298646705856 event=copy.file.done operation='copy' source=PosixPath('/home/xircon/dmnts/twotb/Downloads/Completed/Game.of.Thrones.Complete.Series.Season.1.2.3.4.5.6.7.8.x264.720p/English Subs (SRT)/English/GoT.S07E06.Beyond.The.Wall.720p.English.srt') target=PosixPath('/home/xircon/dmnts/htpc-mech/TV/Game.of.Thrones.Complete.Series.Season.1.2.3.4.5.6.7.8.x264.720p/English Subs (SRT)/English/GoT.S07E06.Beyond.The.Wall.720p.English.srt') bytes=49862 elapsed_seconds=0.037
2026-07-02T16:56:08.717 thread=140298646705856 event=copy.file.start operation='copy' source=PosixPath('/home/xircon/dmnts/twotb/Downloads/Completed/Game.of.Thrones.Complete.Series.Season.1.2.3.4.5.6.7.8.x264.720p/English Subs (SRT)/English/GoT.S04E07.Mockingbird.720p.English.srt') target=PosixPath('/home/xircon/dmnts/htpc-mech/TV/Game.of.Thrones.Complete.Series.Season.1.2.3.4.5.6.7.8.x264.720p/English Subs (SRT)/English/GoT.S04E07.Mockingbird.720p.English.srt')
2026-07-02T16:56:08.755 thread=140298646705856 event=copy.file.done operation='copy' source=PosixPath('/home/xircon/dmnts/twotb/Downloads/Completed/Game.of.Thrones.Complete.Series.Season.1.2.3.4.5.6.7.8.x264.720p/English Subs (SRT)/English/GoT.S04E07.Mockingbird.720p.English.srt') target=PosixPath('/home/xircon/dmnts/htpc-mech/TV/Game.of.Thrones.Complete.Series.Season.1.2.3.4.5.6.7.8.x264.720p/English Subs (SRT)/English/GoT.S04E07.Mockingbird.720p.English.srt') bytes=53888 elapsed_seconds=0.038
2026-07-02T16:56:08.767 thread=140298646705856 event=copy.file.start operation='copy' source=PosixPath('/home/xircon/dmnts/twotb/Downloads/Completed/Game.of.Thrones.Complete.Series.Season.1.2.3.4.5.6.7.8.x264.720p/English Subs (SRT)/English/GoT.S06E09.Battle.of.the.Bastards.720p.English.srt') target=PosixPath('/home/xircon/dmnts/htpc-mech/TV/Game.of.Thrones.Complete.Series.Season.1.2.3.4.5.6.7.8.x264.720p/English Subs (SRT)/English/GoT.S06E09.Battle.of.the.Bastards.720p.English.srt')
2026-07-02T16:56:08.806 thread=140298646705856 event=copy.file.done operation='copy' source=PosixPath('/home/xircon/dmnts/twotb/Downloads/Completed/Game.of.Thrones.Complete.Series.Season.1.2.3.4.5.6.7.8.x264.720p/English Subs (SRT)/English/GoT.S06E09.Battle.of.the.Bastards.720p.English.srt') target=PosixPath('/home/xircon/dmnts/htpc-mech/TV/Game.of.Thrones.Complete.Series.Season.1.2.3.4.5.6.7.8.x264.720p/English Subs (SRT)/English/GoT.S06E09.Battle.of.the.Bastards.720p.English.srt') bytes=39884 elapsed_seconds=0.038
2026-07-02T16:56:08.817 thread=140298646705856 event=copy.file.start operation='copy' source=PosixPath('/home/xircon/dmnts/twotb/Downloads/Completed/Game.of.Thrones.Complete.Series.Season.1.2.3.4.5.6.7.8.x264.720p/English Subs (SRT)/English/GoT.S04E02.The.Lion.and.The.Rose.720p.English.srt') target=PosixPath('/home/xircon/dmnts/htpc-mech/TV/Game.of.Thrones.Complete.Series.Season.1.2.3.4.5.6.7.8.x264.720p/English Subs (SRT)/English/GoT.S04E02.The.Lion.and.The.Rose.720p.English.srt')
2026-07-02T16:56:08.852 thread=140298646705856 event=copy.file.done operation='copy' source=PosixPath('/home/xircon/dmnts/twotb/Downloads/Completed/Game.of.Thrones.Complete.Series.Season.1.2.3.4.5.6.7.8.x264.720p/English Subs (SRT)/English/GoT.S04E02.The.Lion.and.The.Rose.720p.English.srt') target=PosixPath('/home/xircon/dmnts/htpc-mech/TV/Game.of.Thrones.Complete.Series.Season.1.2.3.4.5.6.7.8.x264.720p/English Subs (SRT)/English/GoT.S04E02.The.Lion.and.The.Rose.720p.English.srt') bytes=50733 elapsed_seconds=0.035
2026-07-02T16:56:08.864 thread=140298646705856 event=copy.file.start operation='copy' source=PosixPath('/home/xircon/dmnts/twotb/Downloads/Completed/Game.of.Thrones.Complete.Series.Season.1.2.3.4.5.6.7.8.x264.720p/English Subs (SRT)/English/GoT.S01E04.Cripples,.Bastards,.and.Broken.Things.720p.English.srt') target=PosixPath('/home/xircon/dmnts/htpc-mech/TV/Game.of.Thrones.Complete.Series.Season.1.2.3.4.5.6.7.8.x264.720p/English Subs (SRT)/English/GoT.S01E04.Cripples,.Bastards,.and.Broken.Things.720p.English.srt')
2026-07-02T16:56:08.901 thread=140298646705856 event=copy.file.done operation='copy' source=PosixPath('/home/xircon/dmnts/twotb/Downloads/Completed/Game.of.Thrones.Complete.Series.Season.1.2.3.4.5.6.7.8.x264.720p/English Subs (SRT)/English/GoT.S01E04.Cripples,.Bastards,.and.Broken.Things.720p.English.srt') target=PosixPath('/home/xircon/dmnts/htpc-mech/TV/Game.of.Thrones.Complete.Series.Season.1.2.3.4.5.6.7.8.x264.720p/English Subs (SRT)/English/GoT.S01E04.Cripples,.Bastards,.and.Broken.Things.720p.English.srt') bytes=61429 elapsed_seconds=0.037
2026-07-02T16:56:09.080 thread=140298646705856 event=copy.file.start operation='copy' source=PosixPath('/home/xircon/dmnts/twotb/Downloads/Completed/Game.of.Thrones.Complete.Series.Season.1.2.3.4.5.6.7.8.x264.720p/English Subs (SRT)/English/GoT.S01E09.Baelor.720p.English.srt') target=PosixPath('/home/xircon/dmnts/htpc-mech/TV/Game.of.Thrones.Complete.Series.Season.1.2.3.4.5.6.7.8.x264.720p/English Subs (SRT)/English/GoT.S01E09.Baelor.720p.English.srt')
2026-07-02T16:56:09.281 thread=140298646705856 event=copy.file.done operation='copy' source=PosixPath('/home/xircon/dmnts/twotb/Downloads/Completed/Game.of.Thrones.Complete.Series.Season.1.2.3.4.5.6.7.8.x264.720p/English Subs (SRT)/English/GoT.S01E09.Baelor.720p.English.srt') target=PosixPath('/home/xircon/dmnts/htpc-mech/TV/Game.of.Thrones.Complete.Series.Season.1.2.3.4.5.6.7.8.x264.720p/English Subs (SRT)/English/GoT.S01E09.Baelor.720p.English.srt') bytes=54392 elapsed_seconds=0.201
2026-07-02T16:56:09.293 thread=140298646705856 event=copy.file.start operation='copy' source=PosixPath('/home/xircon/dmnts/twotb/Downloads/Completed/Game.of.Thrones.Complete.Series.Season.1.2.3.4.5.6.7.8.x264.720p/English Subs (SRT)/English/GoT.S05E04.Sons.Of.The.Harpy.720p.English.srt') target=PosixPath('/home/xircon/dmnts/htpc-mech/TV/Game.of.Thrones.Complete.Series.Season.1.2.3.4.5.6.7.8.x264.720p/English Subs (SRT)/English/GoT.S05E04.Sons.Of.The.Harpy.720p.English.srt')
2026-07-02T16:56:09.329 thread=140298646705856 event=copy.file.done operation='copy' source=PosixPath('/home/xircon/dmnts/twotb/Downloads/Completed/Game.of.Thrones.Complete.Series.Season.1.2.3.4.5.6.7.8.x264.720p/English Subs (SRT)/English/GoT.S05E04.Sons.Of.The.Harpy.720p.English.srt') target=PosixPath('/home/xircon/dmnts/htpc-mech/TV/Game.of.Thrones.Complete.Series.Season.1.2.3.4.5.6.7.8.x264.720p/English Subs (SRT)/English/GoT.S05E04.Sons.Of.The.Harpy.720p.English.srt') bytes=44031 elapsed_seconds=0.037
2026-07-02T16:56:09.341 thread=140298646705856 event=copy.file.start operation='copy' source=PosixPath('/home/xircon/dmnts/twotb/Downloads/Completed/Game.of.Thrones.Complete.Series.Season.1.2.3.4.5.6.7.8.x264.720p/English Subs (SRT)/English/GoT.S01E10.Fire.and.Blood.720p.English.srt') target=PosixPath('/home/xircon/dmnts/htpc-mech/TV/Game.of.Thrones.Complete.Series.Season.1.2.3.4.5.6.7.8.x264.720p/English Subs (SRT)/English/GoT.S01E10.Fire.and.Blood.720p.English.srt')
2026-07-02T16:56:09.384 thread=140298646705856 event=copy.file.done operation='copy' source=PosixPath('/home/xircon/dmnts/twotb/Downloads/Completed/Game.of.Thrones.Complete.Series.Season.1.2.3.4.5.6.7.8.x264.720p/English Subs (SRT)/English/GoT.S01E10.Fire.and.Blood.720p.English.srt') target=PosixPath('/home/xircon/dmnts/htpc-mech/TV/Game.of.Thrones.Complete.Series.Season.1.2.3.4.5.6.7.8.x264.720p/English Subs (SRT)/English/GoT.S01E10.Fire.and.Blood.720p.English.srt') bytes=46682 elapsed_seconds=0.043
2026-07-02T16:56:09.397 thread=140298646705856 event=copy.file.start operation='copy' source=PosixPath('/home/xircon/dmnts/twotb/Downloads/Completed/Game.of.Thrones.Complete.Series.Season.1.2.3.4.5.6.7.8.x264.720p/English Subs (SRT)/English/GoT.S06E01.The.Red.Woman.720p.English.srt') target=PosixPath('/home/xircon/dmnts/htpc-mech/TV/Game.of.Thrones.Complete.Series.Season.1.2.3.4.5.6.7.8.x264.720p/English Subs (SRT)/English/GoT.S06E01.The.Red.Woman.720p.English.srt')
2026-07-02T16:56:09.434 thread=140298646705856 event=copy.file.done operation='copy' source=PosixPath('/home/xircon/dmnts/twotb/Downloads/Completed/Game.of.Thrones.Complete.Series.Season.1.2.3.4.5.6.7.8.x264.720p/English Subs (SRT)/English/GoT.S06E01.The.Red.Woman.720p.English.srt') target=PosixPath('/home/xircon/dmnts/htpc-mech/TV/Game.of.Thrones.Complete.Series.Season.1.2.3.4.5.6.7.8.x264.720p/English Subs (SRT)/English/GoT.S06E01.The.Red.Woman.720p.English.srt') bytes=38540 elapsed_seconds=0.037
2026-07-02T16:56:09.446 thread=140298646705856 event=copy.file.start operation='copy' source=PosixPath('/home/xircon/dmnts/twotb/Downloads/Completed/Game.of.Thrones.Complete.Series.Season.1.2.3.4.5.6.7.8.x264.720p/English Subs (SRT)/English/GoT.S06E04.Book.of.the.Stranger.720p.English.srt') target=PosixPath('/home/xircon/dmnts/htpc-mech/TV/Game.of.Thrones.Complete.Series.Season.1.2.3.4.5.6.7.8.x264.720p/English Subs (SRT)/English/GoT.S06E04.Book.of.the.Stranger.720p.English.srt')
2026-07-02T16:56:09.489 thread=140298646705856 event=copy.file.done operation='copy' source=PosixPath('/home/xircon/dmnts/twotb/Downloads/Completed/Game.of.Thrones.Complete.Series.Season.1.2.3.4.5.6.7.8.x264.720p/English Subs (SRT)/English/GoT.S06E04.Book.of.the.Stranger.720p.English.srt') target=PosixPath('/home/xircon/dmnts/htpc-mech/TV/Game.of.Thrones.Complete.Series.Season.1.2.3.4.5.6.7.8.x264.720p/English Subs (SRT)/English/GoT.S06E04.Book.of.the.Stranger.720p.English.srt') bytes=58885 elapsed_seconds=0.043
2026-07-02T16:56:09.501 thread=140298646705856 event=copy.file.start operation='copy' source=PosixPath('/home/xircon/dmnts/twotb/Downloads/Completed/Game.of.Thrones.Complete.Series.Season.1.2.3.4.5.6.7.8.x264.720p/English Subs (SRT)/English/GoT.S02E09.Blackwater.720p.English.srt') target=PosixPath('/home/xircon/dmnts/htpc-mech/TV/Game.of.Thrones.Complete.Series.Season.1.2.3.4.5.6.7.8.x264.720p/English Subs (SRT)/English/GoT.S02E09.Blackwater.720p.English.srt')
2026-07-02T16:56:09.548 thread=140298646705856 event=copy.file.done operation='copy' source=PosixPath('/home/xircon/dmnts/twotb/Downloads/Completed/Game.of.Thrones.Complete.Series.Season.1.2.3.4.5.6.7.8.x264.720p/English Subs (SRT)/English/GoT.S02E09.Blackwater.720p.English.srt') target=PosixPath('/home/xircon/dmnts/htpc-mech/TV/Game.of.Thrones.Complete.Series.Season.1.2.3.4.5.6.7.8.x264.720p/English Subs (SRT)/English/GoT.S02E09.Blackwater.720p.English.srt') bytes=48103 elapsed_seconds=0.047
2026-07-02T16:56:09.561 thread=140298646705856 event=copy.file.start operation='copy' source=PosixPath('/home/xircon/dmnts/twotb/Downloads/Completed/Game.of.Thrones.Complete.Series.Season.1.2.3.4.5.6.7.8.x264.720p/English Subs (SRT)/English/GoT.S01E06.A.Golden.Crown.720p.English.srt') target=PosixPath('/home/xircon/dmnts/htpc-mech/TV/Game.of.Thrones.Complete.Series.Season.1.2.3.4.5.6.7.8.x264.720p/English Subs (SRT)/English/GoT.S01E06.A.Golden.Crown.720p.English.srt')
2026-07-02T16:56:09.601 thread=140298646705856 event=copy.file.done operation='copy' source=PosixPath('/home/xircon/dmnts/twotb/Downloads/Completed/Game.of.Thrones.Complete.Series.Season.1.2.3.4.5.6.7.8.x264.720p/English Subs (SRT)/English/GoT.S01E06.A.Golden.Crown.720p.English.srt') target=PosixPath('/home/xircon/dmnts/htpc-mech/TV/Game.of.Thrones.Complete.Series.Season.1.2.3.4.5.6.7.8.x264.720p/English Subs (SRT)/English/GoT.S01E06.A.Golden.Crown.720p.English.srt') bytes=46645 elapsed_seconds=0.04
2026-07-02T16:56:09.613 thread=140298646705856 event=copy.file.start operation='copy' source=PosixPath('/home/xircon/dmnts/twotb/Downloads/Completed/Game.of.Thrones.Complete.Series.Season.1.2.3.4.5.6.7.8.x264.720p/English Subs (SRT)/English/GoT.S07E04.The.Spoils.Of.War.720p.English.srt') target=PosixPath('/home/xircon/dmnts/htpc-mech/TV/Game.of.Thrones.Complete.Series.Season.1.2.3.4.5.6.7.8.x264.720p/English Subs (SRT)/English/GoT.S07E04.The.Spoils.Of.War.720p.English.srt')
2026-07-02T16:56:09.650 thread=140298646705856 event=copy.file.done operation='copy' source=PosixPath('/home/xircon/dmnts/twotb/Downloads/Completed/Game.of.Thrones.Complete.Series.Season.1.2.3.4.5.6.7.8.x264.720p/English Subs (SRT)/English/GoT.S07E04.The.Spoils.Of.War.720p.English.srt') target=PosixPath('/home/xircon/dmnts/htpc-mech/TV/Game.of.Thrones.Complete.Series.Season.1.2.3.4.5.6.7.8.x264.720p/English Subs (SRT)/English/GoT.S07E04.The.Spoils.Of.War.720p.English.srt') bytes=34450 elapsed_seconds=0.037
2026-07-02T16:56:09.662 thread=140298646705856 event=copy.file.start operation='copy' source=PosixPath('/home/xircon/dmnts/twotb/Downloads/Completed/Game.of.Thrones.Complete.Series.Season.1.2.3.4.5.6.7.8.x264.720p/English Subs (SRT)/English/GoT.S04E04.Oathkeeper.720p.English.srt') target=PosixPath('/home/xircon/dmnts/htpc-mech/TV/Game.of.Thrones.Complete.Series.Season.1.2.3.4.5.6.7.8.x264.720p/English Subs (SRT)/English/GoT.S04E04.Oathkeeper.720p.English.srt')
2026-07-02T16:56:09.703 thread=140298646705856 event=copy.file.done operation='copy' source=PosixPath('/home/xircon/dmnts/twotb/Downloads/Completed/Game.of.Thrones.Complete.Series.Season.1.2.3.4.5.6.7.8.x264.720p/English Subs (SRT)/English/GoT.S04E04.Oathkeeper.720p.English.srt') target=PosixPath('/home/xircon/dmnts/htpc-mech/TV/Game.of.Thrones.Complete.Series.Season.1.2.3.4.5.6.7.8.x264.720p/English Subs (SRT)/English/GoT.S04E04.Oathkeeper.720p.English.srt') bytes=48452 elapsed_seconds=0.041
2026-07-02T16:56:09.715 thread=140298646705856 event=copy.file.start operation='copy' source=PosixPath('/home/xircon/dmnts/twotb/Downloads/Completed/Game.of.Thrones.Complete.Series.Season.1.2.3.4.5.6.7.8.x264.720p/English Subs (SRT)/English/GoT.S02E03.What.Is.Dead.May.Never.Die.720p.English.srt') target=PosixPath('/home/xircon/dmnts/htpc-mech/TV/Game.of.Thrones.Complete.Series.Season.1.2.3.4.5.6.7.8.x264.720p/English Subs (SRT)/English/GoT.S02E03.What.Is.Dead.May.Never.Die.720p.English.srt')
2026-07-02T16:56:09.754 thread=140298646705856 event=copy.file.done operation='copy' source=PosixPath('/home/xircon/dmnts/twotb/Downloads/Completed/Game.of.Thrones.Complete.Series.Season.1.2.3.4.5.6.7.8.x264.720p/English Subs (SRT)/English/GoT.S02E03.What.Is.Dead.May.Never.Die.720p.English.srt') target=PosixPath('/home/xircon/dmnts/htpc-mech/TV/Game.of.Thrones.Complete.Series.Season.1.2.3.4.5.6.7.8.x264.720p/English Subs (SRT)/English/GoT.S02E03.What.Is.Dead.May.Never.Die.720p.English.srt') bytes=49992 elapsed_seconds=0.039
2026-07-02T16:56:09.767 thread=140298646705856 event=copy.file.start operation='copy' source=PosixPath('/home/xircon/dmnts/twotb/Downloads/Completed/Game.of.Thrones.Complete.Series.Season.1.2.3.4.5.6.7.8.x264.720p/English Subs (SRT)/English/GoT.S04E08.The.Mountain.and.the.Viper.720p.English.srt') target=PosixPath('/home/xircon/dmnts/htpc-mech/TV/Game.of.Thrones.Complete.Series.Season.1.2.3.4.5.6.7.8.x264.720p/English Subs (SRT)/English/GoT.S04E08.The.Mountain.and.the.Viper.720p.English.srt')
2026-07-02T16:56:09.812 thread=140298646705856 event=copy.file.done operation='copy' source=PosixPath('/home/xircon/dmnts/twotb/Downloads/Completed/Game.of.Thrones.Complete.Series.Season.1.2.3.4.5.6.7.8.x264.720p/English Subs (SRT)/English/GoT.S04E08.The.Mountain.and.the.Viper.720p.English.srt') target=PosixPath('/home/xircon/dmnts/htpc-mech/TV/Game.of.Thrones.Complete.Series.Season.1.2.3.4.5.6.7.8.x264.720p/English Subs (SRT)/English/GoT.S04E08.The.Mountain.and.the.Viper.720p.English.srt') bytes=52612 elapsed_seconds=0.046
2026-07-02T16:56:09.825 thread=140298646705856 event=copy.file.start operation='copy' source=PosixPath('/home/xircon/dmnts/twotb/Downloads/Completed/Game.of.Thrones.Complete.Series.Season.1.2.3.4.5.6.7.8.x264.720p/English Subs (SRT)/English/GoT.S07E01.Dragonstone.720p.English.srt') target=PosixPath('/home/xircon/dmnts/htpc-mech/TV/Game.of.Thrones.Complete.Series.Season.1.2.3.4.5.6.7.8.x264.720p/English Subs (SRT)/English/GoT.S07E01.Dragonstone.720p.English.srt')
2026-07-02T16:56:09.862 thread=140298646705856 event=copy.file.done operation='copy' source=PosixPath('/home/xircon/dmnts/twotb/Downloads/Completed/Game.of.Thrones.Complete.Series.Season.1.2.3.4.5.6.7.8.x264.720p/English Subs (SRT)/English/GoT.S07E01.Dragonstone.720p.English.srt') target=PosixPath('/home/xircon/dmnts/htpc-mech/TV/Game.of.Thrones.Complete.Series.Season.1.2.3.4.5.6.7.8.x264.720p/English Subs (SRT)/English/GoT.S07E01.Dragonstone.720p.English.srt') bytes=52340 elapsed_seconds=0.037
2026-07-02T16:56:09.874 thread=140298646705856 event=copy.file.start operation='copy' source=PosixPath('/home/xircon/dmnts/twotb/Downloads/Completed/Game.of.Thrones.Complete.Series.Season.1.2.3.4.5.6.7.8.x264.720p/English Subs (SRT)/English/GoT.S04E05.First.of.His.Name.720p.English.srt') target=PosixPath('/home/xircon/dmnts/htpc-mech/TV/Game.of.Thrones.Complete.Series.Season.1.2.3.4.5.6.7.8.x264.720p/English Subs (SRT)/English/GoT.S04E05.First.of.His.Name.720p.English.srt')
2026-07-02T16:56:09.911 thread=140298646705856 event=copy.file.done operation='copy' source=PosixPath('/home/xircon/dmnts/twotb/Downloads/Completed/Game.of.Thrones.Complete.Series.Season.1.2.3.4.5.6.7.8.x264.720p/English Subs (SRT)/English/GoT.S04E05.First.of.His.Name.720p.English.srt') target=PosixPath('/home/xircon/dmnts/htpc-mech/TV/Game.of.Thrones.Complete.Series.Season.1.2.3.4.5.6.7.8.x264.720p/English Subs (SRT)/English/GoT.S04E05.First.of.His.Name.720p.English.srt') bytes=50665 elapsed_seconds=0.037
2026-07-02T16:56:09.926 thread=140298646705856 event=copy.file.start operation='copy' source=PosixPath('/home/xircon/dmnts/twotb/Downloads/Completed/Game.of.Thrones.Complete.Series.Season.1.2.3.4.5.6.7.8.x264.720p/English Subs (SRT)/English/GoT.S07E05.Eastwatch.720p.English.srt') target=PosixPath('/home/xircon/dmnts/htpc-mech/TV/Game.of.Thrones.Complete.Series.Season.1.2.3.4.5.6.7.8.x264.720p/English Subs (SRT)/English/GoT.S07E05.Eastwatch.720p.English.srt')
2026-07-02T16:56:09.964 thread=140298646705856 event=copy.file.done operation='copy' source=PosixPath('/home/xircon/dmnts/twotb/Downloads/Completed/Game.of.Thrones.Complete.Series.Season.1.2.3.4.5.6.7.8.x264.720p/English Subs (SRT)/English/GoT.S07E05.Eastwatch.720p.English.srt') target=PosixPath('/home/xircon/dmnts/htpc-mech/TV/Game.of.Thrones.Complete.Series.Season.1.2.3.4.5.6.7.8.x264.720p/English Subs (SRT)/English/GoT.S07E05.Eastwatch.720p.English.srt') bytes=50749 elapsed_seconds=0.038
2026-07-02T16:56:09.980 thread=140298646705856 event=copy.file.start operation='copy' source=PosixPath('/home/xircon/dmnts/twotb/Downloads/Completed/Game.of.Thrones.Complete.Series.Season.1.2.3.4.5.6.7.8.x264.720p/English Subs (SRT)/English/GoT.S03E06.The.Climb.720p.English.srt') target=PosixPath('/home/xircon/dmnts/htpc-mech/TV/Game.of.Thrones.Complete.Series.Season.1.2.3.4.5.6.7.8.x264.720p/English Subs (SRT)/English/GoT.S03E06.The.Climb.720p.English.srt')
2026-07-02T16:56:10.025 thread=140298646705856 event=copy.file.done operation='copy' source=PosixPath('/home/xircon/dmnts/twotb/Downloads/Completed/Game.of.Thrones.Complete.Series.Season.1.2.3.4.5.6.7.8.x264.720p/English Subs (SRT)/English/GoT.S03E06.The.Climb.720p.English.srt') target=PosixPath('/home/xircon/dmnts/htpc-mech/TV/Game.of.Thrones.Complete.Series.Season.1.2.3.4.5.6.7.8.x264.720p/English Subs (SRT)/English/GoT.S03E06.The.Climb.720p.English.srt') bytes=52312 elapsed_seconds=0.046
2026-07-02T16:56:10.038 thread=140298646705856 event=copy.file.start operation='copy' source=PosixPath('/home/xircon/dmnts/twotb/Downloads/Completed/Game.of.Thrones.Complete.Series.Season.1.2.3.4.5.6.7.8.x264.720p/English Subs (SRT)/English/GoT.S02E05.The.Ghost.Of.Harrenhal.720p.English.srt') target=PosixPath('/home/xircon/dmnts/htpc-mech/TV/Game.of.Thrones.Complete.Series.Season.1.2.3.4.5.6.7.8.x264.720p/English Subs (SRT)/English/GoT.S02E05.The.Ghost.Of.Harrenhal.720p.English.srt')
2026-07-02T16:56:10.086 thread=140298646705856 event=copy.file.done operation='copy' source=PosixPath('/home/xircon/dmnts/twotb/Downloads/Completed/Game.of.Thrones.Complete.Series.Season.1.2.3.4.5.6.7.8.x264.720p/English Subs (SRT)/English/GoT.S02E05.The.Ghost.Of.Harrenhal.720p.English.srt') target=PosixPath('/home/xircon/dmnts/htpc-mech/TV/Game.of.Thrones.Complete.Series.Season.1.2.3.4.5.6.7.8.x264.720p/English Subs (SRT)/English/GoT.S02E05.The.Ghost.Of.Harrenhal.720p.English.srt') bytes=62146 elapsed_seconds=0.048
2026-07-02T16:56:10.099 thread=140298646705856 event=copy.file.start operation='copy' source=PosixPath('/home/xircon/dmnts/twotb/Downloads/Completed/Game.of.Thrones.Complete.Series.Season.1.2.3.4.5.6.7.8.x264.720p/English Subs (SRT)/English/GoT.S05E02.The.House.Of.Black.And.White.720p.English.srt') target=PosixPath('/home/xircon/dmnts/htpc-mech/TV/Game.of.Thrones.Complete.Series.Season.1.2.3.4.5.6.7.8.x264.720p/English Subs (SRT)/English/GoT.S05E02.The.House.Of.Black.And.White.720p.English.srt')
2026-07-02T16:56:10.232 thread=140298646705856 event=copy.file.done operation='copy' source=PosixPath('/home/xircon/dmnts/twotb/Downloads/Completed/Game.of.Thrones.Complete.Series.Season.1.2.3.4.5.6.7.8.x264.720p/English Subs (SRT)/English/GoT.S05E02.The.House.Of.Black.And.White.720p.English.srt') target=PosixPath('/home/xircon/dmnts/htpc-mech/TV/Game.of.Thrones.Complete.Series.Season.1.2.3.4.5.6.7.8.x264.720p/English Subs (SRT)/English/GoT.S05E02.The.House.Of.Black.And.White.720p.English.srt') bytes=56001 elapsed_seconds=0.134
2026-07-02T16:56:10.244 thread=140298646705856 event=copy.file.start operation='copy' source=PosixPath('/home/xircon/dmnts/twotb/Downloads/Completed/Game.of.Thrones.Complete.Series.Season.1.2.3.4.5.6.7.8.x264.720p/English Subs (SRT)/English/GoT.S01E02.The.Kingsroad.720p.English.srt') target=PosixPath('/home/xircon/dmnts/htpc-mech/TV/Game.of.Thrones.Complete.Series.Season.1.2.3.4.5.6.7.8.x264.720p/English Subs (SRT)/English/GoT.S01E02.The.Kingsroad.720p.English.srt')
2026-07-02T16:56:10.289 thread=140298646705856 event=copy.file.done operation='copy' source=PosixPath('/home/xircon/dmnts/twotb/Downloads/Completed/Game.of.Thrones.Complete.Series.Season.1.2.3.4.5.6.7.8.x264.720p/English Subs (SRT)/English/GoT.S01E02.The.Kingsroad.720p.English.srt') target=PosixPath('/home/xircon/dmnts/htpc-mech/TV/Game.of.Thrones.Complete.Series.Season.1.2.3.4.5.6.7.8.x264.720p/English Subs (SRT)/English/GoT.S01E02.The.Kingsroad.720p.English.srt') bytes=45044 elapsed_seconds=0.045
2026-07-02T16:56:10.300 thread=140298646705856 event=copy.file.start operation='copy' source=PosixPath('/home/xircon/dmnts/twotb/Downloads/Completed/Game.of.Thrones.Complete.Series.Season.1.2.3.4.5.6.7.8.x264.720p/English Subs (SRT)/English/GoT.S08E02.A.Knight.of.the.Seven.Kingdoms.720p.English.srt') target=PosixPath('/home/xircon/dmnts/htpc-mech/TV/Game.of.Thrones.Complete.Series.Season.1.2.3.4.5.6.7.8.x264.720p/English Subs (SRT)/English/GoT.S08E02.A.Knight.of.the.Seven.Kingdoms.720p.English.srt')
2026-07-02T16:56:10.337 thread=140298646705856 event=copy.file.done operation='copy' source=PosixPath('/home/xircon/dmnts/twotb/Downloads/Completed/Game.of.Thrones.Complete.Series.Season.1.2.3.4.5.6.7.8.x264.720p/English Subs (SRT)/English/GoT.S08E02.A.Knight.of.the.Seven.Kingdoms.720p.English.srt') target=PosixPath('/home/xircon/dmnts/htpc-mech/TV/Game.of.Thrones.Complete.Series.Season.1.2.3.4.5.6.7.8.x264.720p/English Subs (SRT)/English/GoT.S08E02.A.Knight.of.the.Seven.Kingdoms.720p.English.srt') bytes=52677 elapsed_seconds=0.038
2026-07-02T16:56:10.348 thread=140298646705856 event=copy.file.start operation='copy' source=PosixPath('/home/xircon/dmnts/twotb/Downloads/Completed/Game.of.Thrones.Complete.Series.Season.1.2.3.4.5.6.7.8.x264.720p/English Subs (SRT)/English/GoT.S05E07.The.Gift.720p.English.srt') target=PosixPath('/home/xircon/dmnts/htpc-mech/TV/Game.of.Thrones.Complete.Series.Season.1.2.3.4.5.6.7.8.x264.720p/English Subs (SRT)/English/GoT.S05E07.The.Gift.720p.English.srt')
2026-07-02T16:56:10.389 thread=140298646705856 event=copy.file.done operation='copy' source=PosixPath('/home/xircon/dmnts/twotb/Downloads/Completed/Game.of.Thrones.Complete.Series.Season.1.2.3.4.5.6.7.8.x264.720p/English Subs (SRT)/English/GoT.S05E07.The.Gift.720p.English.srt') target=PosixPath('/home/xircon/dmnts/htpc-mech/TV/Game.of.Thrones.Complete.Series.Season.1.2.3.4.5.6.7.8.x264.720p/English Subs (SRT)/English/GoT.S05E07.The.Gift.720p.English.srt') bytes=51688 elapsed_seconds=0.041
2026-07-02T16:56:10.400 thread=140298646705856 event=copy.file.start operation='copy' source=PosixPath('/home/xircon/dmnts/twotb/Downloads/Completed/Game.of.Thrones.Complete.Series.Season.1.2.3.4.5.6.7.8.x264.720p/English Subs (SRT)/English/GoT.S05E01.The.Wars.To.Come.720p.English.srt') target=PosixPath('/home/xircon/dmnts/htpc-mech/TV/Game.of.Thrones.Complete.Series.Season.1.2.3.4.5.6.7.8.x264.720p/English Subs (SRT)/English/GoT.S05E01.The.Wars.To.Come.720p.English.srt')
2026-07-02T16:56:10.438 thread=140298646705856 event=copy.file.done operation='copy' source=PosixPath('/home/xircon/dmnts/twotb/Downloads/Completed/Game.of.Thrones.Complete.Series.Season.1.2.3.4.5.6.7.8.x264.720p/English Subs (SRT)/English/GoT.S05E01.The.Wars.To.Come.720p.English.srt') target=PosixPath('/home/xircon/dmnts/htpc-mech/TV/Game.of.Thrones.Complete.Series.Season.1.2.3.4.5.6.7.8.x264.720p/English Subs (SRT)/English/GoT.S05E01.The.Wars.To.Come.720p.English.srt') bytes=45758 elapsed_seconds=0.037
2026-07-02T16:56:10.449 thread=140298646705856 event=copy.file.start operation='copy' source=PosixPath('/home/xircon/dmnts/twotb/Downloads/Completed/Game.of.Thrones.Complete.Series.Season.1.2.3.4.5.6.7.8.x264.720p/English Subs (SRT)/English/GoT.S05E08.Hardhome.720p.English.srt') target=PosixPath('/home/xircon/dmnts/htpc-mech/TV/Game.of.Thrones.Complete.Series.Season.1.2.3.4.5.6.7.8.x264.720p/English Subs (SRT)/English/GoT.S05E08.Hardhome.720p.English.srt')
2026-07-02T16:56:10.496 thread=140298646705856 event=copy.file.done operation='copy' source=PosixPath('/home/xircon/dmnts/twotb/Downloads/Completed/Game.of.Thrones.Complete.Series.Season.1.2.3.4.5.6.7.8.x264.720p/English Subs (SRT)/English/GoT.S05E08.Hardhome.720p.English.srt') target=PosixPath('/home/xircon/dmnts/htpc-mech/TV/Game.of.Thrones.Complete.Series.Season.1.2.3.4.5.6.7.8.x264.720p/English Subs (SRT)/English/GoT.S05E08.Hardhome.720p.English.srt') bytes=49214 elapsed_seconds=0.047
2026-07-02T16:56:10.510 thread=140298646705856 event=copy.file.start operation='copy' source=PosixPath('/home/xircon/dmnts/twotb/Downloads/Completed/Game.of.Thrones.Complete.Series.Season.1.2.3.4.5.6.7.8.x264.720p/English Subs (SRT)/English/GoT.S08E05.The.Bells.720p.English.srt') target=PosixPath('/home/xircon/dmnts/htpc-mech/TV/Game.of.Thrones.Complete.Series.Season.1.2.3.4.5.6.7.8.x264.720p/English Subs (SRT)/English/GoT.S08E05.The.Bells.720p.English.srt')
2026-07-02T16:56:10.550 thread=140298646705856 event=copy.file.done operation='copy' source=PosixPath('/home/xircon/dmnts/twotb/Downloads/Completed/Game.of.Thrones.Complete.Series.Season.1.2.3.4.5.6.7.8.x264.720p/English Subs (SRT)/English/GoT.S08E05.The.Bells.720p.English.srt') target=PosixPath('/home/xircon/dmnts/htpc-mech/TV/Game.of.Thrones.Complete.Series.Season.1.2.3.4.5.6.7.8.x264.720p/English Subs (SRT)/English/GoT.S08E05.The.Bells.720p.English.srt') bytes=32448 elapsed_seconds=0.04
2026-07-02T16:56:10.562 thread=140298646705856 event=copy.file.start operation='copy' source=PosixPath('/home/xircon/dmnts/twotb/Downloads/Completed/Game.of.Thrones.Complete.Series.Season.1.2.3.4.5.6.7.8.x264.720p/English Subs (SRT)/English/GoT.S06E06.Blood.of.My.Blood.720p.English.srt') target=PosixPath('/home/xircon/dmnts/htpc-mech/TV/Game.of.Thrones.Complete.Series.Season.1.2.3.4.5.6.7.8.x264.720p/English Subs (SRT)/English/GoT.S06E06.Blood.of.My.Blood.720p.English.srt')
2026-07-02T16:56:10.605 thread=140298646705856 event=copy.file.done operation='copy' source=PosixPath('/home/xircon/dmnts/twotb/Downloads/Completed/Game.of.Thrones.Complete.Series.Season.1.2.3.4.5.6.7.8.x264.720p/English Subs (SRT)/English/GoT.S06E06.Blood.of.My.Blood.720p.English.srt') target=PosixPath('/home/xircon/dmnts/htpc-mech/TV/Game.of.Thrones.Complete.Series.Season.1.2.3.4.5.6.7.8.x264.720p/English Subs (SRT)/English/GoT.S06E06.Blood.of.My.Blood.720p.English.srt') bytes=45555 elapsed_seconds=0.042
2026-07-02T16:56:10.618 thread=140298646705856 event=copy.file.start operation='copy' source=PosixPath('/home/xircon/dmnts/twotb/Downloads/Completed/Game.of.Thrones.Complete.Series.Season.1.2.3.4.5.6.7.8.x264.720p/English Subs (SRT)/English/GoT.S02E06.The.Old.Gods.And.The.New.720p.English.srt') target=PosixPath('/home/xircon/dmnts/htpc-mech/TV/Game.of.Thrones.Complete.Series.Season.1.2.3.4.5.6.7.8.x264.720p/English Subs (SRT)/English/GoT.S02E06.The.Old.Gods.And.The.New.720p.English.srt')
2026-07-02T16:56:10.656 thread=140298646705856 event=copy.file.done operation='copy' source=PosixPath('/home/xircon/dmnts/twotb/Downloads/Completed/Game.of.Thrones.Complete.Series.Season.1.2.3.4.5.6.7.8.x264.720p/English Subs (SRT)/English/GoT.S02E06.The.Old.Gods.And.The.New.720p.English.srt') target=PosixPath('/home/xircon/dmnts/htpc-mech/TV/Game.of.Thrones.Complete.Series.Season.1.2.3.4.5.6.7.8.x264.720p/English Subs (SRT)/English/GoT.S02E06.The.Old.Gods.And.The.New.720p.English.srt') bytes=56887 elapsed_seconds=0.038
2026-07-02T16:56:10.668 thread=140298646705856 event=copy.file.start operation='copy' source=PosixPath('/home/xircon/dmnts/twotb/Downloads/Completed/Game.of.Thrones.Complete.Series.Season.1.2.3.4.5.6.7.8.x264.720p/English Subs (SRT)/English/GoT.S03E08.Second.Sons.720p.English.srt') target=PosixPath('/home/xircon/dmnts/htpc-mech/TV/Game.of.Thrones.Complete.Series.Season.1.2.3.4.5.6.7.8.x264.720p/English Subs (SRT)/English/GoT.S03E08.Second.Sons.720p.English.srt')
2026-07-02T16:56:10.708 thread=140298646705856 event=copy.file.done operation='copy' source=PosixPath('/home/xircon/dmnts/twotb/Downloads/Completed/Game.of.Thrones.Complete.Series.Season.1.2.3.4.5.6.7.8.x264.720p/English Subs (SRT)/English/GoT.S03E08.Second.Sons.720p.English.srt') target=PosixPath('/home/xircon/dmnts/htpc-mech/TV/Game.of.Thrones.Complete.Series.Season.1.2.3.4.5.6.7.8.x264.720p/English Subs (SRT)/English/GoT.S03E08.Second.Sons.720p.English.srt') bytes=45889 elapsed_seconds=0.04
2026-07-02T16:56:10.723 thread=140298646705856 event=copy.file.start operation='copy' source=PosixPath('/home/xircon/dmnts/twotb/Downloads/Completed/Game.of.Thrones.Complete.Series.Season.1.2.3.4.5.6.7.8.x264.720p/English Subs (SRT)/English/GoT.S01E03.Lord.Snow.720p.English.srt') target=PosixPath('/home/xircon/dmnts/htpc-mech/TV/Game.of.Thrones.Complete.Series.Season.1.2.3.4.5.6.7.8.x264.720p/English Subs (SRT)/English/GoT.S01E03.Lord.Snow.720p.English.srt')
2026-07-02T16:56:10.781 thread=140298646705856 event=copy.file.done operation='copy' source=PosixPath('/home/xircon/dmnts/twotb/Downloads/Completed/Game.of.Thrones.Complete.Series.Season.1.2.3.4.5.6.7.8.x264.720p/English Subs (SRT)/English/GoT.S01E03.Lord.Snow.720p.English.srt') target=PosixPath('/home/xircon/dmnts/htpc-mech/TV/Game.of.Thrones.Complete.Series.Season.1.2.3.4.5.6.7.8.x264.720p/English Subs (SRT)/English/GoT.S01E03.Lord.Snow.720p.English.srt') bytes=59159 elapsed_seconds=0.058
2026-07-02T16:56:10.793 thread=140298646705856 event=copy.file.start operation='copy' source=PosixPath('/home/xircon/dmnts/twotb/Downloads/Completed/Game.of.Thrones.Complete.Series.Season.1.2.3.4.5.6.7.8.x264.720p/English Subs (SRT)/English/GoT.S08E03.The.Long.Night.720p.English.srt') target=PosixPath('/home/xircon/dmnts/htpc-mech/TV/Game.of.Thrones.Complete.Series.Season.1.2.3.4.5.6.7.8.x264.720p/English Subs (SRT)/English/GoT.S08E03.The.Long.Night.720p.English.srt')
2026-07-02T16:56:10.830 thread=140298646705856 event=copy.file.done operation='copy' source=PosixPath('/home/xircon/dmnts/twotb/Downloads/Completed/Game.of.Thrones.Complete.Series.Season.1.2.3.4.5.6.7.8.x264.720p/English Subs (SRT)/English/GoT.S08E03.The.Long.Night.720p.English.srt') target=PosixPath('/home/xircon/dmnts/htpc-mech/TV/Game.of.Thrones.Complete.Series.Season.1.2.3.4.5.6.7.8.x264.720p/English Subs (SRT)/English/GoT.S08E03.The.Long.Night.720p.English.srt') bytes=12464 elapsed_seconds=0.037
2026-07-02T16:56:10.842 thread=140298646705856 event=copy.file.start operation='copy' source=PosixPath('/home/xircon/dmnts/twotb/Downloads/Completed/Game.of.Thrones.Complete.Series.Season.1.2.3.4.5.6.7.8.x264.720p/English Subs (SRT)/English/GoT.S02E02.The.Night.Lands.720p.English.srt') target=PosixPath('/home/xircon/dmnts/htpc-mech/TV/Game.of.Thrones.Complete.Series.Season.1.2.3.4.5.6.7.8.x264.720p/English Subs (SRT)/English/GoT.S02E02.The.Night.Lands.720p.English.srt')
2026-07-02T16:56:10.885 thread=140298646705856 event=copy.file.done operation='copy' source=PosixPath('/home/xircon/dmnts/twotb/Downloads/Completed/Game.of.Thrones.Complete.Series.Season.1.2.3.4.5.6.7.8.x264.720p/English Subs (SRT)/English/GoT.S02E02.The.Night.Lands.720p.English.srt') target=PosixPath('/home/xircon/dmnts/htpc-mech/TV/Game.of.Thrones.Complete.Series.Season.1.2.3.4.5.6.7.8.x264.720p/English Subs (SRT)/English/GoT.S02E02.The.Night.Lands.720p.English.srt') bytes=59735 elapsed_seconds=0.043
2026-07-02T16:56:10.899 thread=140298646705856 event=copy.file.start operation='copy' source=PosixPath('/home/xircon/dmnts/twotb/Downloads/Completed/Game.of.Thrones.Complete.Series.Season.1.2.3.4.5.6.7.8.x264.720p/English Subs (SRT)/English/GoT.S05E06.Unbowed.Unbent.Unbroken.720p.English.srt') target=PosixPath('/home/xircon/dmnts/htpc-mech/TV/Game.of.Thrones.Complete.Series.Season.1.2.3.4.5.6.7.8.x264.720p/English Subs (SRT)/English/GoT.S05E06.Unbowed.Unbent.Unbroken.720p.English.srt')
2026-07-02T16:56:11.136 thread=140298646705856 event=copy.file.done operation='copy' source=PosixPath('/home/xircon/dmnts/twotb/Downloads/Completed/Game.of.Thrones.Complete.Series.Season.1.2.3.4.5.6.7.8.x264.720p/English Subs (SRT)/English/GoT.S05E06.Unbowed.Unbent.Unbroken.720p.English.srt') target=PosixPath('/home/xircon/dmnts/htpc-mech/TV/Game.of.Thrones.Complete.Series.Season.1.2.3.4.5.6.7.8.x264.720p/English Subs (SRT)/English/GoT.S05E06.Unbowed.Unbent.Unbroken.720p.English.srt') bytes=45783 elapsed_seconds=0.237
2026-07-02T16:56:11.148 thread=140298646705856 event=copy.file.start operation='copy' source=PosixPath('/home/xircon/dmnts/twotb/Downloads/Completed/Game.of.Thrones.Complete.Series.Season.1.2.3.4.5.6.7.8.x264.720p/English Subs (SRT)/English/GoT.S02E08.The.Prince.of.Winterfell.720p.English.srt') target=PosixPath('/home/xircon/dmnts/htpc-mech/TV/Game.of.Thrones.Complete.Series.Season.1.2.3.4.5.6.7.8.x264.720p/English Subs (SRT)/English/GoT.S02E08.The.Prince.of.Winterfell.720p.English.srt')
2026-07-02T16:56:11.198 thread=140298646705856 event=copy.file.done operation='copy' source=PosixPath('/home/xircon/dmnts/twotb/Downloads/Completed/Game.of.Thrones.Complete.Series.Season.1.2.3.4.5.6.7.8.x264.720p/English Subs (SRT)/English/GoT.S02E08.The.Prince.of.Winterfell.720p.English.srt') target=PosixPath('/home/xircon/dmnts/htpc-mech/TV/Game.of.Thrones.Complete.Series.Season.1.2.3.4.5.6.7.8.x264.720p/English Subs (SRT)/English/GoT.S02E08.The.Prince.of.Winterfell.720p.English.srt') bytes=59922 elapsed_seconds=0.05
2026-07-02T16:56:11.211 thread=140298646705856 event=copy.file.start operation='copy' source=PosixPath('/home/xircon/dmnts/twotb/Downloads/Completed/Game.of.Thrones.Complete.Series.Season.1.2.3.4.5.6.7.8.x264.720p/English Subs (SRT)/English/GoT.S06E03.Oathbreaker.720p.English.srt') target=PosixPath('/home/xircon/dmnts/htpc-mech/TV/Game.of.Thrones.Complete.Series.Season.1.2.3.4.5.6.7.8.x264.720p/English Subs (SRT)/English/GoT.S06E03.Oathbreaker.720p.English.srt')
2026-07-02T16:56:11.262 thread=140298646705856 event=copy.file.done operation='copy' source=PosixPath('/home/xircon/dmnts/twotb/Downloads/Completed/Game.of.Thrones.Complete.Series.Season.1.2.3.4.5.6.7.8.x264.720p/English Subs (SRT)/English/GoT.S06E03.Oathbreaker.720p.English.srt') target=PosixPath('/home/xircon/dmnts/htpc-mech/TV/Game.of.Thrones.Complete.Series.Season.1.2.3.4.5.6.7.8.x264.720p/English Subs (SRT)/English/GoT.S06E03.Oathbreaker.720p.English.srt') bytes=42944 elapsed_seconds=0.051
2026-07-02T16:56:11.275 thread=140298646705856 event=copy.file.start operation='copy' source=PosixPath('/home/xircon/dmnts/twotb/Downloads/Completed/Game.of.Thrones.Complete.Series.Season.1.2.3.4.5.6.7.8.x264.720p/English Subs (SRT)/English/GoT.S07E03.The.Queens.Justice.720p.English.srt') target=PosixPath('/home/xircon/dmnts/htpc-mech/TV/Game.of.Thrones.Complete.Series.Season.1.2.3.4.5.6.7.8.x264.720p/English Subs (SRT)/English/GoT.S07E03.The.Queens.Justice.720p.English.srt')
2026-07-02T16:56:11.324 thread=140298646705856 event=copy.file.done operation='copy' source=PosixPath('/home/xircon/dmnts/twotb/Downloads/Completed/Game.of.Thrones.Complete.Series.Season.1.2.3.4.5.6.7.8.x264.720p/English Subs (SRT)/English/GoT.S07E03.The.Queens.Justice.720p.English.srt') target=PosixPath('/home/xircon/dmnts/htpc-mech/TV/Game.of.Thrones.Complete.Series.Season.1.2.3.4.5.6.7.8.x264.720p/English Subs (SRT)/English/GoT.S07E03.The.Queens.Justice.720p.English.srt') bytes=70815 elapsed_seconds=0.049
2026-07-02T16:56:11.345 thread=140298646705856 event=copy.file.start operation='copy' source=PosixPath('/home/xircon/dmnts/twotb/Downloads/Completed/Game.of.Thrones.Complete.Series.Season.1.2.3.4.5.6.7.8.x264.720p/English Subs (SRT)/English/GoT.S04E09.The.Watchers.on.the.Wall.720p.English.srt') target=PosixPath('/home/xircon/dmnts/htpc-mech/TV/Game.of.Thrones.Complete.Series.Season.1.2.3.4.5.6.7.8.x264.720p/English Subs (SRT)/English/GoT.S04E09.The.Watchers.on.the.Wall.720p.English.srt')
2026-07-02T16:56:11.385 thread=140298646705856 event=copy.file.done operation='copy' source=PosixPath('/home/xircon/dmnts/twotb/Downloads/Completed/Game.of.Thrones.Complete.Series.Season.1.2.3.4.5.6.7.8.x264.720p/English Subs (SRT)/English/GoT.S04E09.The.Watchers.on.the.Wall.720p.English.srt') target=PosixPath('/home/xircon/dmnts/htpc-mech/TV/Game.of.Thrones.Complete.Series.Season.1.2.3.4.5.6.7.8.x264.720p/English Subs (SRT)/English/GoT.S04E09.The.Watchers.on.the.Wall.720p.English.srt') bytes=36798 elapsed_seconds=0.041
2026-07-02T16:56:11.397 thread=140298646705856 event=copy.file.start operation='copy' source=PosixPath('/home/xircon/dmnts/twotb/Downloads/Completed/Game.of.Thrones.Complete.Series.Season.1.2.3.4.5.6.7.8.x264.720p/English Subs (SRT)/English/GoT.S03E09.The.Rains.of.Castamere.720p.English.srt') target=PosixPath('/home/xircon/dmnts/htpc-mech/TV/Game.of.Thrones.Complete.Series.Season.1.2.3.4.5.6.7.8.x264.720p/English Subs (SRT)/English/GoT.S03E09.The.Rains.of.Castamere.720p.English.srt')
2026-07-02T16:56:11.437 thread=140298646705856 event=copy.file.done operation='copy' source=PosixPath('/home/xircon/dmnts/twotb/Downloads/Completed/Game.of.Thrones.Complete.Series.Season.1.2.3.4.5.6.7.8.x264.720p/English Subs (SRT)/English/GoT.S03E09.The.Rains.of.Castamere.720p.English.srt') target=PosixPath('/home/xircon/dmnts/htpc-mech/TV/Game.of.Thrones.Complete.Series.Season.1.2.3.4.5.6.7.8.x264.720p/English Subs (SRT)/English/GoT.S03E09.The.Rains.of.Castamere.720p.English.srt') bytes=44479 elapsed_seconds=0.04
2026-07-02T16:56:11.448 thread=140298646705856 event=copy.file.start operation='copy' source=PosixPath("/home/xircon/dmnts/twotb/Downloads/Completed/Game.of.Thrones.Complete.Series.Season.1.2.3.4.5.6.7.8.x264.720p/English Subs (SRT)/English/GoT.S05E10.Mother's.Mercy.720p.English.srt") target=PosixPath("/home/xircon/dmnts/htpc-mech/TV/Game.of.Thrones.Complete.Series.Season.1.2.3.4.5.6.7.8.x264.720p/English Subs (SRT)/English/GoT.S05E10.Mother's.Mercy.720p.English.srt")
2026-07-02T16:56:11.490 thread=140298646705856 event=copy.file.done operation='copy' source=PosixPath("/home/xircon/dmnts/twotb/Downloads/Completed/Game.of.Thrones.Complete.Series.Season.1.2.3.4.5.6.7.8.x264.720p/English Subs (SRT)/English/GoT.S05E10.Mother's.Mercy.720p.English.srt") target=PosixPath("/home/xircon/dmnts/htpc-mech/TV/Game.of.Thrones.Complete.Series.Season.1.2.3.4.5.6.7.8.x264.720p/English Subs (SRT)/English/GoT.S05E10.Mother's.Mercy.720p.English.srt") bytes=41741 elapsed_seconds=0.042
2026-07-02T16:56:11.502 thread=140298646705856 event=copy.file.start operation='copy' source=PosixPath('/home/xircon/dmnts/twotb/Downloads/Completed/Game.of.Thrones.Complete.Series.Season.1.2.3.4.5.6.7.8.x264.720p/English Subs (SRT)/English/GoT.S06E07.The.Broken.Man.720p.English.srt') target=PosixPath('/home/xircon/dmnts/htpc-mech/TV/Game.of.Thrones.Complete.Series.Season.1.2.3.4.5.6.7.8.x264.720p/English Subs (SRT)/English/GoT.S06E07.The.Broken.Man.720p.English.srt')
2026-07-02T16:56:11.544 thread=140298646705856 event=copy.file.done operation='copy' source=PosixPath('/home/xircon/dmnts/twotb/Downloads/Completed/Game.of.Thrones.Complete.Series.Season.1.2.3.4.5.6.7.8.x264.720p/English Subs (SRT)/English/GoT.S06E07.The.Broken.Man.720p.English.srt') target=PosixPath('/home/xircon/dmnts/htpc-mech/TV/Game.of.Thrones.Complete.Series.Season.1.2.3.4.5.6.7.8.x264.720p/English Subs (SRT)/English/GoT.S06E07.The.Broken.Man.720p.English.srt') bytes=48190 elapsed_seconds=0.043
2026-07-02T16:56:11.557 thread=140298646705856 event=copy.file.start operation='copy' source=PosixPath('/home/xircon/dmnts/twotb/Downloads/Completed/Game.of.Thrones.Complete.Series.Season.1.2.3.4.5.6.7.8.x264.720p/English Subs (SRT)/English/GoT.S04E06.The.Laws.of.Gods.and.Men.720p.English.srt') target=PosixPath('/home/xircon/dmnts/htpc-mech/TV/Game.of.Thrones.Complete.Series.Season.1.2.3.4.5.6.7.8.x264.720p/English Subs (SRT)/English/GoT.S04E06.The.Laws.of.Gods.and.Men.720p.English.srt')
2026-07-02T16:56:11.603 thread=140298646705856 event=copy.file.done operation='copy' source=PosixPath('/home/xircon/dmnts/twotb/Downloads/Completed/Game.of.Thrones.Complete.Series.Season.1.2.3.4.5.6.7.8.x264.720p/English Subs (SRT)/English/GoT.S04E06.The.Laws.of.Gods.and.Men.720p.English.srt') target=PosixPath('/home/xircon/dmnts/htpc-mech/TV/Game.of.Thrones.Complete.Series.Season.1.2.3.4.5.6.7.8.x264.720p/English Subs (SRT)/English/GoT.S04E06.The.Laws.of.Gods.and.Men.720p.English.srt') bytes=50649 elapsed_seconds=0.046
2026-07-02T16:56:11.615 thread=140298646705856 event=copy.file.start operation='copy' source=PosixPath('/home/xircon/dmnts/twotb/Downloads/Completed/Game.of.Thrones.Complete.Series.Season.1.2.3.4.5.6.7.8.x264.720p/English Subs (SRT)/English/GoT.S03E02.Dark.Wings,.Dark.Words.720p.English.srt') target=PosixPath('/home/xircon/dmnts/htpc-mech/TV/Game.of.Thrones.Complete.Series.Season.1.2.3.4.5.6.7.8.x264.720p/English Subs (SRT)/English/GoT.S03E02.Dark.Wings,.Dark.Words.720p.English.srt')
2026-07-02T16:56:11.665 thread=140298646705856 event=copy.file.done operation='copy' source=PosixPath('/home/xircon/dmnts/twotb/Downloads/Completed/Game.of.Thrones.Complete.Series.Season.1.2.3.4.5.6.7.8.x264.720p/English Subs (SRT)/English/GoT.S03E02.Dark.Wings,.Dark.Words.720p.English.srt') target=PosixPath('/home/xircon/dmnts/htpc-mech/TV/Game.of.Thrones.Complete.Series.Season.1.2.3.4.5.6.7.8.x264.720p/English Subs (SRT)/English/GoT.S03E02.Dark.Wings,.Dark.Words.720p.English.srt') bytes=60820 elapsed_seconds=0.05
2026-07-02T16:56:11.678 thread=140298646705856 event=copy.file.start operation='copy' source=PosixPath('/home/xircon/dmnts/twotb/Downloads/Completed/Game.of.Thrones.Complete.Series.Season.1.2.3.4.5.6.7.8.x264.720p/English Subs (SRT)/English/GoT.S01E08.The.Pointy.End.720p.English.srt') target=PosixPath('/home/xircon/dmnts/htpc-mech/TV/Game.of.Thrones.Complete.Series.Season.1.2.3.4.5.6.7.8.x264.720p/English Subs (SRT)/English/GoT.S01E08.The.Pointy.End.720p.English.srt')
2026-07-02T16:56:11.719 thread=140298646705856 event=copy.file.done operation='copy' source=PosixPath('/home/xircon/dmnts/twotb/Downloads/Completed/Game.of.Thrones.Complete.Series.Season.1.2.3.4.5.6.7.8.x264.720p/English Subs (SRT)/English/GoT.S01E08.The.Pointy.End.720p.English.srt') target=PosixPath('/home/xircon/dmnts/htpc-mech/TV/Game.of.Thrones.Complete.Series.Season.1.2.3.4.5.6.7.8.x264.720p/English Subs (SRT)/English/GoT.S01E08.The.Pointy.End.720p.English.srt') bytes=53813 elapsed_seconds=0.041
2026-07-02T16:56:11.730 thread=140298646705856 event=copy.file.start operation='copy' source=PosixPath('/home/xircon/dmnts/twotb/Downloads/Completed/Game.of.Thrones.Complete.Series.Season.1.2.3.4.5.6.7.8.x264.720p/English Subs (SRT)/English/GoT.S01E01.Winter.Is.Coming.720p.English.srt') target=PosixPath('/home/xircon/dmnts/htpc-mech/TV/Game.of.Thrones.Complete.Series.Season.1.2.3.4.5.6.7.8.x264.720p/English Subs (SRT)/English/GoT.S01E01.Winter.Is.Coming.720p.English.srt')
2026-07-02T16:56:11.771 thread=140298646705856 event=copy.file.done operation='copy' source=PosixPath('/home/xircon/dmnts/twotb/Downloads/Completed/Game.of.Thrones.Complete.Series.Season.1.2.3.4.5.6.7.8.x264.720p/English Subs (SRT)/English/GoT.S01E01.Winter.Is.Coming.720p.English.srt') target=PosixPath('/home/xircon/dmnts/htpc-mech/TV/Game.of.Thrones.Complete.Series.Season.1.2.3.4.5.6.7.8.x264.720p/English Subs (SRT)/English/GoT.S01E01.Winter.Is.Coming.720p.English.srt') bytes=44806 elapsed_seconds=0.041
2026-07-02T16:56:11.784 thread=140298646705856 event=copy.file.start operation='copy' source=PosixPath('/home/xircon/dmnts/twotb/Downloads/Completed/Game.of.Thrones.Complete.Series.Season.1.2.3.4.5.6.7.8.x264.720p/English Subs (SRT)/English/GoT.S02E10.Valar.Morghulis.720p.English.srt') target=PosixPath('/home/xircon/dmnts/htpc-mech/TV/Game.of.Thrones.Complete.Series.Season.1.2.3.4.5.6.7.8.x264.720p/English Subs (SRT)/English/GoT.S02E10.Valar.Morghulis.720p.English.srt')
2026-07-02T16:56:11.819 thread=140298646705856 event=copy.file.done operation='copy' source=PosixPath('/home/xircon/dmnts/twotb/Downloads/Completed/Game.of.Thrones.Complete.Series.Season.1.2.3.4.5.6.7.8.x264.720p/English Subs (SRT)/English/GoT.S02E10.Valar.Morghulis.720p.English.srt') target=PosixPath('/home/xircon/dmnts/htpc-mech/TV/Game.of.Thrones.Complete.Series.Season.1.2.3.4.5.6.7.8.x264.720p/English Subs (SRT)/English/GoT.S02E10.Valar.Morghulis.720p.English.srt') bytes=50795 elapsed_seconds=0.035
2026-07-02T16:56:11.831 thread=140298646705856 event=copy.file.start operation='copy' source=PosixPath('/home/xircon/dmnts/twotb/Downloads/Completed/Game.of.Thrones.Complete.Series.Season.1.2.3.4.5.6.7.8.x264.720p/English Subs (SRT)/English/GoT.S02E01.The.North.Remembers.720p.English.srt') target=PosixPath('/home/xircon/dmnts/htpc-mech/TV/Game.of.Thrones.Complete.Series.Season.1.2.3.4.5.6.7.8.x264.720p/English Subs (SRT)/English/GoT.S02E01.The.North.Remembers.720p.English.srt')
2026-07-02T16:56:11.883 thread=140298646705856 event=copy.file.done operation='copy' source=PosixPath('/home/xircon/dmnts/twotb/Downloads/Completed/Game.of.Thrones.Complete.Series.Season.1.2.3.4.5.6.7.8.x264.720p/English Subs (SRT)/English/GoT.S02E01.The.North.Remembers.720p.English.srt') target=PosixPath('/home/xircon/dmnts/htpc-mech/TV/Game.of.Thrones.Complete.Series.Season.1.2.3.4.5.6.7.8.x264.720p/English Subs (SRT)/English/GoT.S02E01.The.North.Remembers.720p.English.srt') bytes=55505 elapsed_seconds=0.052
2026-07-02T16:56:11.896 thread=140298646705856 event=copy.file.start operation='copy' source=PosixPath('/home/xircon/dmnts/twotb/Downloads/Completed/Game.of.Thrones.Complete.Series.Season.1.2.3.4.5.6.7.8.x264.720p/English Subs (SRT)/English/GoT.S07E02.Stormborn.720p.English.srt') target=PosixPath('/home/xircon/dmnts/htpc-mech/TV/Game.of.Thrones.Complete.Series.Season.1.2.3.4.5.6.7.8.x264.720p/English Subs (SRT)/English/GoT.S07E02.Stormborn.720p.English.srt')
2026-07-02T16:56:11.947 thread=140298646705856 event=copy.file.done operation='copy' source=PosixPath('/home/xircon/dmnts/twotb/Downloads/Completed/Game.of.Thrones.Complete.Series.Season.1.2.3.4.5.6.7.8.x264.720p/English Subs (SRT)/English/GoT.S07E02.Stormborn.720p.English.srt') target=PosixPath('/home/xircon/dmnts/htpc-mech/TV/Game.of.Thrones.Complete.Series.Season.1.2.3.4.5.6.7.8.x264.720p/English Subs (SRT)/English/GoT.S07E02.Stormborn.720p.English.srt') bytes=56371 elapsed_seconds=0.052
2026-07-02T16:56:11.960 thread=140298646705856 event=copy.file.start operation='copy' source=PosixPath('/home/xircon/dmnts/twotb/Downloads/Completed/Game.of.Thrones.Complete.Series.Season.1.2.3.4.5.6.7.8.x264.720p/English Subs (SRT)/English/GoT.S04E01.Two.Swords.720p.English.srt') target=PosixPath('/home/xircon/dmnts/htpc-mech/TV/Game.of.Thrones.Complete.Series.Season.1.2.3.4.5.6.7.8.x264.720p/English Subs (SRT)/English/GoT.S04E01.Two.Swords.720p.English.srt')
2026-07-02T16:56:12.005 thread=140298646705856 event=copy.file.done operation='copy' source=PosixPath('/home/xircon/dmnts/twotb/Downloads/Completed/Game.of.Thrones.Complete.Series.Season.1.2.3.4.5.6.7.8.x264.720p/English Subs (SRT)/English/GoT.S04E01.Two.Swords.720p.English.srt') target=PosixPath('/home/xircon/dmnts/htpc-mech/TV/Game.of.Thrones.Complete.Series.Season.1.2.3.4.5.6.7.8.x264.720p/English Subs (SRT)/English/GoT.S04E01.Two.Swords.720p.English.srt') bytes=61112 elapsed_seconds=0.045
2026-07-02T16:56:12.016 thread=140298646705856 event=copy.file.start operation='copy' source=PosixPath('/home/xircon/dmnts/twotb/Downloads/Completed/Game.of.Thrones.Complete.Series.Season.1.2.3.4.5.6.7.8.x264.720p/English Subs (SRT)/English/GoT.S05E03.High.Sparrow.720p.English.srt') target=PosixPath('/home/xircon/dmnts/htpc-mech/TV/Game.of.Thrones.Complete.Series.Season.1.2.3.4.5.6.7.8.x264.720p/English Subs (SRT)/English/GoT.S05E03.High.Sparrow.720p.English.srt')
2026-07-02T16:56:12.053 thread=140298646705856 event=copy.file.done operation='copy' source=PosixPath('/home/xircon/dmnts/twotb/Downloads/Completed/Game.of.Thrones.Complete.Series.Season.1.2.3.4.5.6.7.8.x264.720p/English Subs (SRT)/English/GoT.S05E03.High.Sparrow.720p.English.srt') target=PosixPath('/home/xircon/dmnts/htpc-mech/TV/Game.of.Thrones.Complete.Series.Season.1.2.3.4.5.6.7.8.x264.720p/English Subs (SRT)/English/GoT.S05E03.High.Sparrow.720p.English.srt') bytes=58267 elapsed_seconds=0.037
2026-07-02T16:56:12.065 thread=140298646705856 event=copy.file.start operation='copy' source=PosixPath('/home/xircon/dmnts/twotb/Downloads/Completed/Game.of.Thrones.Complete.Series.Season.1.2.3.4.5.6.7.8.x264.720p/English Subs (SRT)/English/GoT.S07E07.The.Dragon.And.The.Wolf.720p.English.srt') target=PosixPath('/home/xircon/dmnts/htpc-mech/TV/Game.of.Thrones.Complete.Series.Season.1.2.3.4.5.6.7.8.x264.720p/English Subs (SRT)/English/GoT.S07E07.The.Dragon.And.The.Wolf.720p.English.srt')
2026-07-02T16:56:12.145 thread=140298646705856 event=copy.file.done operation='copy' source=PosixPath('/home/xircon/dmnts/twotb/Downloads/Completed/Game.of.Thrones.Complete.Series.Season.1.2.3.4.5.6.7.8.x264.720p/English Subs (SRT)/English/GoT.S07E07.The.Dragon.And.The.Wolf.720p.English.srt') target=PosixPath('/home/xircon/dmnts/htpc-mech/TV/Game.of.Thrones.Complete.Series.Season.1.2.3.4.5.6.7.8.x264.720p/English Subs (SRT)/English/GoT.S07E07.The.Dragon.And.The.Wolf.720p.English.srt') bytes=64036 elapsed_seconds=0.081
2026-07-02T16:56:12.161 thread=140298646705856 event=copy.file.start operation='copy' source=PosixPath('/home/xircon/dmnts/twotb/Downloads/Completed/Game.of.Thrones.Complete.Series.Season.1.2.3.4.5.6.7.8.x264.720p/English Subs (SRT)/English/GoT.S03E01.Valar.Dohaeris.720p.English.srt') target=PosixPath('/home/xircon/dmnts/htpc-mech/TV/Game.of.Thrones.Complete.Series.Season.1.2.3.4.5.6.7.8.x264.720p/English Subs (SRT)/English/GoT.S03E01.Valar.Dohaeris.720p.English.srt')
2026-07-02T16:56:12.203 thread=140298646705856 event=copy.file.done operation='copy' source=PosixPath('/home/xircon/dmnts/twotb/Downloads/Completed/Game.of.Thrones.Complete.Series.Season.1.2.3.4.5.6.7.8.x264.720p/English Subs (SRT)/English/GoT.S03E01.Valar.Dohaeris.720p.English.srt') target=PosixPath('/home/xircon/dmnts/htpc-mech/TV/Game.of.Thrones.Complete.Series.Season.1.2.3.4.5.6.7.8.x264.720p/English Subs (SRT)/English/GoT.S03E01.Valar.Dohaeris.720p.English.srt') bytes=51675 elapsed_seconds=0.042
2026-07-02T16:56:12.260 thread=140298646705856 event=copy.file.start operation='copy' source=PosixPath('/home/xircon/dmnts/twotb/Downloads/Completed/Game.of.Thrones.Complete.Series.Season.1.2.3.4.5.6.7.8.x264.720p/English Subs (SRT)/English/GoT.S03E10.Mhysa.720p.English.srt') target=PosixPath('/home/xircon/dmnts/htpc-mech/TV/Game.of.Thrones.Complete.Series.Season.1.2.3.4.5.6.7.8.x264.720p/English Subs (SRT)/English/GoT.S03E10.Mhysa.720p.English.srt')
2026-07-02T16:56:12.355 thread=140298646705856 event=copy.file.done operation='copy' source=PosixPath('/home/xircon/dmnts/twotb/Downloads/Completed/Game.of.Thrones.Complete.Series.Season.1.2.3.4.5.6.7.8.x264.720p/English Subs (SRT)/English/GoT.S03E10.Mhysa.720p.English.srt') target=PosixPath('/home/xircon/dmnts/htpc-mech/TV/Game.of.Thrones.Complete.Series.Season.1.2.3.4.5.6.7.8.x264.720p/English Subs (SRT)/English/GoT.S03E10.Mhysa.720p.English.srt') bytes=61425 elapsed_seconds=0.095
2026-07-02T16:56:12.366 thread=140298646705856 event=copy.file.start operation='copy' source=PosixPath('/home/xircon/dmnts/twotb/Downloads/Completed/Game.of.Thrones.Complete.Series.Season.1.2.3.4.5.6.7.8.x264.720p/English Subs (SRT)/English/GoT.S04E10.The.Children.720p.English.srt') target=PosixPath('/home/xircon/dmnts/htpc-mech/TV/Game.of.Thrones.Complete.Series.Season.1.2.3.4.5.6.7.8.x264.720p/English Subs (SRT)/English/GoT.S04E10.The.Children.720p.English.srt')
2026-07-02T16:56:12.404 thread=140298646705856 event=copy.file.done operation='copy' source=PosixPath('/home/xircon/dmnts/twotb/Downloads/Completed/Game.of.Thrones.Complete.Series.Season.1.2.3.4.5.6.7.8.x264.720p/English Subs (SRT)/English/GoT.S04E10.The.Children.720p.English.srt') target=PosixPath('/home/xircon/dmnts/htpc-mech/TV/Game.of.Thrones.Complete.Series.Season.1.2.3.4.5.6.7.8.x264.720p/English Subs (SRT)/English/GoT.S04E10.The.Children.720p.English.srt') bytes=47748 elapsed_seconds=0.037
2026-07-02T16:56:12.416 thread=140298646705856 event=copy.file.start operation='copy' source=PosixPath('/home/xircon/dmnts/twotb/Downloads/Completed/Game.of.Thrones.Complete.Series.Season.1.2.3.4.5.6.7.8.x264.720p/English Subs (SRT)/English/GoT.S03E03.Walk.of.Punishment.720p.English.srt') target=PosixPath('/home/xircon/dmnts/htpc-mech/TV/Game.of.Thrones.Complete.Series.Season.1.2.3.4.5.6.7.8.x264.720p/English Subs (SRT)/English/GoT.S03E03.Walk.of.Punishment.720p.English.srt')
2026-07-02T16:56:12.466 thread=140298646705856 event=copy.file.done operation='copy' source=PosixPath('/home/xircon/dmnts/twotb/Downloads/Completed/Game.of.Thrones.Complete.Series.Season.1.2.3.4.5.6.7.8.x264.720p/English Subs (SRT)/English/GoT.S03E03.Walk.of.Punishment.720p.English.srt') target=PosixPath('/home/xircon/dmnts/htpc-mech/TV/Game.of.Thrones.Complete.Series.Season.1.2.3.4.5.6.7.8.x264.720p/English Subs (SRT)/English/GoT.S03E03.Walk.of.Punishment.720p.English.srt') bytes=54497 elapsed_seconds=0.05
2026-07-02T16:56:12.480 thread=140298646705856 event=copy.file.start operation='copy' source=PosixPath('/home/xircon/dmnts/twotb/Downloads/Completed/Game.of.Thrones.Complete.Series.Season.1.2.3.4.5.6.7.8.x264.720p/English Subs (SRT)/English/GoT.S01E07.You.Win.or.You.Die.720p.English.srt') target=PosixPath('/home/xircon/dmnts/htpc-mech/TV/Game.of.Thrones.Complete.Series.Season.1.2.3.4.5.6.7.8.x264.720p/English Subs (SRT)/English/GoT.S01E07.You.Win.or.You.Die.720p.English.srt')
2026-07-02T16:56:12.517 thread=140298646705856 event=copy.file.done operation='copy' source=PosixPath('/home/xircon/dmnts/twotb/Downloads/Completed/Game.of.Thrones.Complete.Series.Season.1.2.3.4.5.6.7.8.x264.720p/English Subs (SRT)/English/GoT.S01E07.You.Win.or.You.Die.720p.English.srt') target=PosixPath('/home/xircon/dmnts/htpc-mech/TV/Game.of.Thrones.Complete.Series.Season.1.2.3.4.5.6.7.8.x264.720p/English Subs (SRT)/English/GoT.S01E07.You.Win.or.You.Die.720p.English.srt') bytes=59968 elapsed_seconds=0.037
2026-07-02T16:56:12.532 thread=140298646705856 event=copy.file.start operation='copy' source=PosixPath('/home/xircon/dmnts/twotb/Downloads/Completed/Game.of.Thrones.Complete.Series.Season.1.2.3.4.5.6.7.8.x264.720p/English Subs (SRT)/English/GoT.S06E10.The.Winds.of.Winter.720p.English.srt') target=PosixPath('/home/xircon/dmnts/htpc-mech/TV/Game.of.Thrones.Complete.Series.Season.1.2.3.4.5.6.7.8.x264.720p/English Subs (SRT)/English/GoT.S06E10.The.Winds.of.Winter.720p.English.srt')
2026-07-02T16:56:12.569 thread=140298646705856 event=copy.file.done operation='copy' source=PosixPath('/home/xircon/dmnts/twotb/Downloads/Completed/Game.of.Thrones.Complete.Series.Season.1.2.3.4.5.6.7.8.x264.720p/English Subs (SRT)/English/GoT.S06E10.The.Winds.of.Winter.720p.English.srt') target=PosixPath('/home/xircon/dmnts/htpc-mech/TV/Game.of.Thrones.Complete.Series.Season.1.2.3.4.5.6.7.8.x264.720p/English Subs (SRT)/English/GoT.S06E10.The.Winds.of.Winter.720p.English.srt') bytes=46925 elapsed_seconds=0.037
2026-07-02T16:56:12.581 thread=140298646705856 event=copy.file.start operation='copy' source=PosixPath('/home/xircon/dmnts/twotb/Downloads/Completed/Game.of.Thrones.Complete.Series.Season.1.2.3.4.5.6.7.8.x264.720p/English Subs (SRT)/English/GoT.S02E04.Garden.of.Bones.720p.English.srt') target=PosixPath('/home/xircon/dmnts/htpc-mech/TV/Game.of.Thrones.Complete.Series.Season.1.2.3.4.5.6.7.8.x264.720p/English Subs (SRT)/English/GoT.S02E04.Garden.of.Bones.720p.English.srt')
2026-07-02T16:56:12.616 thread=140298646705856 event=copy.file.done operation='copy' source=PosixPath('/home/xircon/dmnts/twotb/Downloads/Completed/Game.of.Thrones.Complete.Series.Season.1.2.3.4.5.6.7.8.x264.720p/English Subs (SRT)/English/GoT.S02E04.Garden.of.Bones.720p.English.srt') target=PosixPath('/home/xircon/dmnts/htpc-mech/TV/Game.of.Thrones.Complete.Series.Season.1.2.3.4.5.6.7.8.x264.720p/English Subs (SRT)/English/GoT.S02E04.Garden.of.Bones.720p.English.srt') bytes=50454 elapsed_seconds=0.035
2026-07-02T16:56:12.627 thread=140298646705856 event=copy.file.start operation='copy' source=PosixPath('/home/xircon/dmnts/twotb/Downloads/Completed/Game.of.Thrones.Complete.Series.Season.1.2.3.4.5.6.7.8.x264.720p/English Subs (SRT)/English/GoT.S03E04.And.Now.His.Watch.Is.Ended.720p.English.srt') target=PosixPath('/home/xircon/dmnts/htpc-mech/TV/Game.of.Thrones.Complete.Series.Season.1.2.3.4.5.6.7.8.x264.720p/English Subs (SRT)/English/GoT.S03E04.And.Now.His.Watch.Is.Ended.720p.English.srt')
2026-07-02T16:56:12.668 thread=140298646705856 event=copy.file.done operation='copy' source=PosixPath('/home/xircon/dmnts/twotb/Downloads/Completed/Game.of.Thrones.Complete.Series.Season.1.2.3.4.5.6.7.8.x264.720p/English Subs (SRT)/English/GoT.S03E04.And.Now.His.Watch.Is.Ended.720p.English.srt') target=PosixPath('/home/xircon/dmnts/htpc-mech/TV/Game.of.Thrones.Complete.Series.Season.1.2.3.4.5.6.7.8.x264.720p/English Subs (SRT)/English/GoT.S03E04.And.Now.His.Watch.Is.Ended.720p.English.srt') bytes=56607 elapsed_seconds=0.041
2026-07-02T16:56:12.681 thread=140298646705856 event=copy.file.start operation='copy' source=PosixPath('/home/xircon/dmnts/twotb/Downloads/Completed/Game.of.Thrones.Complete.Series.Season.1.2.3.4.5.6.7.8.x264.720p/English Subs (SRT)/English/GoT.S01E05.The.Wolf.and.the.Lion.720p.English.srt') target=PosixPath('/home/xircon/dmnts/htpc-mech/TV/Game.of.Thrones.Complete.Series.Season.1.2.3.4.5.6.7.8.x264.720p/English Subs (SRT)/English/GoT.S01E05.The.Wolf.and.the.Lion.720p.English.srt')
2026-07-02T16:56:12.724 thread=140298646705856 event=copy.file.done operation='copy' source=PosixPath('/home/xircon/dmnts/twotb/Downloads/Completed/Game.of.Thrones.Complete.Series.Season.1.2.3.4.5.6.7.8.x264.720p/English Subs (SRT)/English/GoT.S01E05.The.Wolf.and.the.Lion.720p.English.srt') target=PosixPath('/home/xircon/dmnts/htpc-mech/TV/Game.of.Thrones.Complete.Series.Season.1.2.3.4.5.6.7.8.x264.720p/English Subs (SRT)/English/GoT.S01E05.The.Wolf.and.the.Lion.720p.English.srt') bytes=60463 elapsed_seconds=0.044
2026-07-02T16:56:12.736 thread=140298646705856 event=copy.file.start operation='copy' source=PosixPath('/home/xircon/dmnts/twotb/Downloads/Completed/Game.of.Thrones.Complete.Series.Season.1.2.3.4.5.6.7.8.x264.720p/English Subs (SRT)/English/GoT.S08E06.The.Iron.Throne.720p.English.srt') target=PosixPath('/home/xircon/dmnts/htpc-mech/TV/Game.of.Thrones.Complete.Series.Season.1.2.3.4.5.6.7.8.x264.720p/English Subs (SRT)/English/GoT.S08E06.The.Iron.Throne.720p.English.srt')
2026-07-02T16:56:12.780 thread=140298646705856 event=copy.file.done operation='copy' source=PosixPath('/home/xircon/dmnts/twotb/Downloads/Completed/Game.of.Thrones.Complete.Series.Season.1.2.3.4.5.6.7.8.x264.720p/English Subs (SRT)/English/GoT.S08E06.The.Iron.Throne.720p.English.srt') target=PosixPath('/home/xircon/dmnts/htpc-mech/TV/Game.of.Thrones.Complete.Series.Season.1.2.3.4.5.6.7.8.x264.720p/English Subs (SRT)/English/GoT.S08E06.The.Iron.Throne.720p.English.srt') bytes=35311 elapsed_seconds=0.044
2026-07-02T16:56:12.795 thread=140298646705856 event=copy.file.start operation='copy' source=PosixPath('/home/xircon/dmnts/twotb/Downloads/Completed/Game.of.Thrones.Complete.Series.Season.1.2.3.4.5.6.7.8.x264.720p/English Subs (SRT)/English/GoT.S03E05.Kissed.by.Fire.720p.English.srt') target=PosixPath('/home/xircon/dmnts/htpc-mech/TV/Game.of.Thrones.Complete.Series.Season.1.2.3.4.5.6.7.8.x264.720p/English Subs (SRT)/English/GoT.S03E05.Kissed.by.Fire.720p.English.srt')
2026-07-02T16:56:12.833 thread=140298646705856 event=copy.file.done operation='copy' source=PosixPath('/home/xircon/dmnts/twotb/Downloads/Completed/Game.of.Thrones.Complete.Series.Season.1.2.3.4.5.6.7.8.x264.720p/English Subs (SRT)/English/GoT.S03E05.Kissed.by.Fire.720p.English.srt') target=PosixPath('/home/xircon/dmnts/htpc-mech/TV/Game.of.Thrones.Complete.Series.Season.1.2.3.4.5.6.7.8.x264.720p/English Subs (SRT)/English/GoT.S03E05.Kissed.by.Fire.720p.English.srt') bytes=63723 elapsed_seconds=0.037
2026-07-02T16:56:12.841 thread=140298646705856 event=copy.file.start operation='copy' source=PosixPath('/home/xircon/dmnts/twotb/Downloads/Completed/Game.of.Thrones.Complete.Series.Season.1.2.3.4.5.6.7.8.x264.720p/English Subs (SRT)/English For Non-English Dialogue/GoT.S02E04.Garden.of.Bones.720p.English (Forced).srt') target=PosixPath('/home/xircon/dmnts/htpc-mech/TV/Game.of.Thrones.Complete.Series.Season.1.2.3.4.5.6.7.8.x264.720p/English Subs (SRT)/English For Non-English Dialogue/GoT.S02E04.Garden.of.Bones.720p.English (Forced).srt')
2026-07-02T16:56:12.895 thread=140298646705856 event=copy.file.done operation='copy' source=PosixPath('/home/xircon/dmnts/twotb/Downloads/Completed/Game.of.Thrones.Complete.Series.Season.1.2.3.4.5.6.7.8.x264.720p/English Subs (SRT)/English For Non-English Dialogue/GoT.S02E04.Garden.of.Bones.720p.English (Forced).srt') target=PosixPath('/home/xircon/dmnts/htpc-mech/TV/Game.of.Thrones.Complete.Series.Season.1.2.3.4.5.6.7.8.x264.720p/English Subs (SRT)/English For Non-English Dialogue/GoT.S02E04.Garden.of.Bones.720p.English (Forced).srt') bytes=473 elapsed_seconds=0.054
2026-07-02T16:56:12.908 thread=140298646705856 event=copy.file.start operation='copy' source=PosixPath('/home/xircon/dmnts/twotb/Downloads/Completed/Game.of.Thrones.Complete.Series.Season.1.2.3.4.5.6.7.8.x264.720p/English Subs (SRT)/English For Non-English Dialogue/GoT.S03E01.Valar.Dohaeris.720p.English (Forced).srt') target=PosixPath('/home/xircon/dmnts/htpc-mech/TV/Game.of.Thrones.Complete.Series.Season.1.2.3.4.5.6.7.8.x264.720p/English Subs (SRT)/English For Non-English Dialogue/GoT.S03E01.Valar.Dohaeris.720p.English (Forced).srt')
2026-07-02T16:56:13.006 thread=140298646705856 event=copy.file.done operation='copy' source=PosixPath('/home/xircon/dmnts/twotb/Downloads/Completed/Game.of.Thrones.Complete.Series.Season.1.2.3.4.5.6.7.8.x264.720p/English Subs (SRT)/English For Non-English Dialogue/GoT.S03E01.Valar.Dohaeris.720p.English (Forced).srt') target=PosixPath('/home/xircon/dmnts/htpc-mech/TV/Game.of.Thrones.Complete.Series.Season.1.2.3.4.5.6.7.8.x264.720p/English Subs (SRT)/English For Non-English Dialogue/GoT.S03E01.Valar.Dohaeris.720p.English (Forced).srt') bytes=1539 elapsed_seconds=0.099
2026-07-02T16:56:13.019 thread=140298646705856 event=copy.file.start operation='copy' source=PosixPath('/home/xircon/dmnts/twotb/Downloads/Completed/Game.of.Thrones.Complete.Series.Season.1.2.3.4.5.6.7.8.x264.720p/English Subs (SRT)/English For Non-English Dialogue/GoT.S03E08.Second.Sons.720p.English (Forced).srt') target=PosixPath('/home/xircon/dmnts/htpc-mech/TV/Game.of.Thrones.Complete.Series.Season.1.2.3.4.5.6.7.8.x264.720p/English Subs (SRT)/English For Non-English Dialogue/GoT.S03E08.Second.Sons.720p.English (Forced).srt')
2026-07-02T16:56:13.058 thread=140298646705856 event=copy.file.done operation='copy' source=PosixPath('/home/xircon/dmnts/twotb/Downloads/Completed/Game.of.Thrones.Complete.Series.Season.1.2.3.4.5.6.7.8.x264.720p/English Subs (SRT)/English For Non-English Dialogue/GoT.S03E08.Second.Sons.720p.English (Forced).srt') target=PosixPath('/home/xircon/dmnts/htpc-mech/TV/Game.of.Thrones.Complete.Series.Season.1.2.3.4.5.6.7.8.x264.720p/English Subs (SRT)/English For Non-English Dialogue/GoT.S03E08.Second.Sons.720p.English (Forced).srt') bytes=301 elapsed_seconds=0.039
2026-07-02T16:56:13.072 thread=140298646705856 event=copy.file.start operation='copy' source=PosixPath('/home/xircon/dmnts/twotb/Downloads/Completed/Game.of.Thrones.Complete.Series.Season.1.2.3.4.5.6.7.8.x264.720p/English Subs (SRT)/English For Non-English Dialogue/GoT.S04E03.Breaker.of.Chains.720p.English (Forced).srt') target=PosixPath('/home/xircon/dmnts/htpc-mech/TV/Game.of.Thrones.Complete.Series.Season.1.2.3.4.5.6.7.8.x264.720p/English Subs (SRT)/English For Non-English Dialogue/GoT.S04E03.Breaker.of.Chains.720p.English (Forced).srt')
2026-07-02T16:56:13.111 thread=140298646705856 event=copy.file.done operation='copy' source=PosixPath('/home/xircon/dmnts/twotb/Downloads/Completed/Game.of.Thrones.Complete.Series.Season.1.2.3.4.5.6.7.8.x264.720p/English Subs (SRT)/English For Non-English Dialogue/GoT.S04E03.Breaker.of.Chains.720p.English (Forced).srt') target=PosixPath('/home/xircon/dmnts/htpc-mech/TV/Game.of.Thrones.Complete.Series.Season.1.2.3.4.5.6.7.8.x264.720p/English Subs (SRT)/English For Non-English Dialogue/GoT.S04E03.Breaker.of.Chains.720p.English (Forced).srt') bytes=1881 elapsed_seconds=0.039
2026-07-02T16:56:13.125 thread=140298646705856 event=copy.file.start operation='copy' source=PosixPath('/home/xircon/dmnts/twotb/Downloads/Completed/Game.of.Thrones.Complete.Series.Season.1.2.3.4.5.6.7.8.x264.720p/English Subs (SRT)/English For Non-English Dialogue/GoT.S02E05.The.Ghost.Of.Harrenhal.720p.English (Forced).srt') target=PosixPath('/home/xircon/dmnts/htpc-mech/TV/Game.of.Thrones.Complete.Series.Season.1.2.3.4.5.6.7.8.x264.720p/English Subs (SRT)/English For Non-English Dialogue/GoT.S02E05.The.Ghost.Of.Harrenhal.720p.English (Forced).srt')
2026-07-02T16:56:13.165 thread=140298646705856 event=copy.file.done operation='copy' source=PosixPath('/home/xircon/dmnts/twotb/Downloads/Completed/Game.of.Thrones.Complete.Series.Season.1.2.3.4.5.6.7.8.x264.720p/English Subs (SRT)/English For Non-English Dialogue/GoT.S02E05.The.Ghost.Of.Harrenhal.720p.English (Forced).srt') target=PosixPath('/home/xircon/dmnts/htpc-mech/TV/Game.of.Thrones.Complete.Series.Season.1.2.3.4.5.6.7.8.x264.720p/English Subs (SRT)/English For Non-English Dialogue/GoT.S02E05.The.Ghost.Of.Harrenhal.720p.English (Forced).srt') bytes=822 elapsed_seconds=0.04
2026-07-02T16:56:13.178 thread=140298646705856 event=copy.file.start operation='copy' source=PosixPath('/home/xircon/dmnts/twotb/Downloads/Completed/Game.of.Thrones.Complete.Series.Season.1.2.3.4.5.6.7.8.x264.720p/English Subs (SRT)/English For Non-English Dialogue/GoT.S05E04.Sons.Of.The.Harpy.720p.English (Forced).srt') target=PosixPath('/home/xircon/dmnts/htpc-mech/TV/Game.of.Thrones.Complete.Series.Season.1.2.3.4.5.6.7.8.x264.720p/English Subs (SRT)/English For Non-English Dialogue/GoT.S05E04.Sons.Of.The.Harpy.720p.English (Forced).srt')
2026-07-02T16:56:13.221 thread=140298646705856 event=copy.file.done operation='copy' source=PosixPath('/home/xircon/dmnts/twotb/Downloads/Completed/Game.of.Thrones.Complete.Series.Season.1.2.3.4.5.6.7.8.x264.720p/English Subs (SRT)/English For Non-English Dialogue/GoT.S05E04.Sons.Of.The.Harpy.720p.English (Forced).srt') target=PosixPath('/home/xircon/dmnts/htpc-mech/TV/Game.of.Thrones.Complete.Series.Season.1.2.3.4.5.6.7.8.x264.720p/English Subs (SRT)/English For Non-English Dialogue/GoT.S05E04.Sons.Of.The.Harpy.720p.English (Forced).srt') bytes=59 elapsed_seconds=0.043
2026-07-02T16:56:13.234 thread=140298646705856 event=copy.file.start operation='copy' source=PosixPath('/home/xircon/dmnts/twotb/Downloads/Completed/Game.of.Thrones.Complete.Series.Season.1.2.3.4.5.6.7.8.x264.720p/English Subs (SRT)/English For Non-English Dialogue/GoT.S04E01.Two.Swords.720p.English (Forced).srt') target=PosixPath('/home/xircon/dmnts/htpc-mech/TV/Game.of.Thrones.Complete.Series.Season.1.2.3.4.5.6.7.8.x264.720p/English Subs (SRT)/English For Non-English Dialogue/GoT.S04E01.Two.Swords.720p.English (Forced).srt')
2026-07-02T16:56:13.280 thread=140298646705856 event=copy.file.done operation='copy' source=PosixPath('/home/xircon/dmnts/twotb/Downloads/Completed/Game.of.Thrones.Complete.Series.Season.1.2.3.4.5.6.7.8.x264.720p/English Subs (SRT)/English For Non-English Dialogue/GoT.S04E01.Two.Swords.720p.English (Forced).srt') target=PosixPath('/home/xircon/dmnts/htpc-mech/TV/Game.of.Thrones.Complete.Series.Season.1.2.3.4.5.6.7.8.x264.720p/English Subs (SRT)/English For Non-English Dialogue/GoT.S04E01.Two.Swords.720p.English (Forced).srt') bytes=312 elapsed_seconds=0.046
2026-07-02T16:56:13.292 thread=140298646705856 event=copy.file.start operation='copy' source=PosixPath('/home/xircon/dmnts/twotb/Downloads/Completed/Game.of.Thrones.Complete.Series.Season.1.2.3.4.5.6.7.8.x264.720p/English Subs (SRT)/English For Non-English Dialogue/GoT.S07E04.The.Spoils.Of.War.720p.English (Forced).srt') target=PosixPath('/home/xircon/dmnts/htpc-mech/TV/Game.of.Thrones.Complete.Series.Season.1.2.3.4.5.6.7.8.x264.720p/English Subs (SRT)/English For Non-English Dialogue/GoT.S07E04.The.Spoils.Of.War.720p.English (Forced).srt')
2026-07-02T16:56:13.331 thread=140298646705856 event=copy.file.done operation='copy' source=PosixPath('/home/xircon/dmnts/twotb/Downloads/Completed/Game.of.Thrones.Complete.Series.Season.1.2.3.4.5.6.7.8.x264.720p/English Subs (SRT)/English For Non-English Dialogue/GoT.S07E04.The.Spoils.Of.War.720p.English (Forced).srt') target=PosixPath('/home/xircon/dmnts/htpc-mech/TV/Game.of.Thrones.Complete.Series.Season.1.2.3.4.5.6.7.8.x264.720p/English Subs (SRT)/English For Non-English Dialogue/GoT.S07E04.The.Spoils.Of.War.720p.English (Forced).srt') bytes=118 elapsed_seconds=0.039
2026-07-02T16:56:13.344 thread=140298646705856 event=copy.file.start operation='copy' source=PosixPath('/home/xircon/dmnts/twotb/Downloads/Completed/Game.of.Thrones.Complete.Series.Season.1.2.3.4.5.6.7.8.x264.720p/English Subs (SRT)/English For Non-English Dialogue/GoT.S06E04.Book.of.the.Stranger.720p.English (Forced).srt') target=PosixPath('/home/xircon/dmnts/htpc-mech/TV/Game.of.Thrones.Complete.Series.Season.1.2.3.4.5.6.7.8.x264.720p/English Subs (SRT)/English For Non-English Dialogue/GoT.S06E04.Book.of.the.Stranger.720p.English (Forced).srt')
2026-07-02T16:56:13.385 thread=140298646705856 event=copy.file.done operation='copy' source=PosixPath('/home/xircon/dmnts/twotb/Downloads/Completed/Game.of.Thrones.Complete.Series.Season.1.2.3.4.5.6.7.8.x264.720p/English Subs (SRT)/English For Non-English Dialogue/GoT.S06E04.Book.of.the.Stranger.720p.English (Forced).srt') target=PosixPath('/home/xircon/dmnts/htpc-mech/TV/Game.of.Thrones.Complete.Series.Season.1.2.3.4.5.6.7.8.x264.720p/English Subs (SRT)/English For Non-English Dialogue/GoT.S06E04.Book.of.the.Stranger.720p.English (Forced).srt') bytes=8699 elapsed_seconds=0.041
2026-07-02T16:56:13.399 thread=140298646705856 event=copy.file.start operation='copy' source=PosixPath('/home/xircon/dmnts/twotb/Downloads/Completed/Game.of.Thrones.Complete.Series.Season.1.2.3.4.5.6.7.8.x264.720p/English Subs (SRT)/English For Non-English Dialogue/GoT.S02E02.The.Night.Lands.720p.English (Forced).srt') target=PosixPath('/home/xircon/dmnts/htpc-mech/TV/Game.of.Thrones.Complete.Series.Season.1.2.3.4.5.6.7.8.x264.720p/English Subs (SRT)/English For Non-English Dialogue/GoT.S02E02.The.Night.Lands.720p.English (Forced).srt')
2026-07-02T16:56:13.432 thread=140298646705856 event=copy.file.done operation='copy' source=PosixPath('/home/xircon/dmnts/twotb/Downloads/Completed/Game.of.Thrones.Complete.Series.Season.1.2.3.4.5.6.7.8.x264.720p/English Subs (SRT)/English For Non-English Dialogue/GoT.S02E02.The.Night.Lands.720p.English (Forced).srt') target=PosixPath('/home/xircon/dmnts/htpc-mech/TV/Game.of.Thrones.Complete.Series.Season.1.2.3.4.5.6.7.8.x264.720p/English Subs (SRT)/English For Non-English Dialogue/GoT.S02E02.The.Night.Lands.720p.English (Forced).srt') bytes=620 elapsed_seconds=0.034
2026-07-02T16:56:13.444 thread=140298646705856 event=copy.file.start operation='copy' source=PosixPath('/home/xircon/dmnts/twotb/Downloads/Completed/Game.of.Thrones.Complete.Series.Season.1.2.3.4.5.6.7.8.x264.720p/English Subs (SRT)/English For Non-English Dialogue/GoT.S04E10.The.Children.720p.English (Forced).srt') target=PosixPath('/home/xircon/dmnts/htpc-mech/TV/Game.of.Thrones.Complete.Series.Season.1.2.3.4.5.6.7.8.x264.720p/English Subs (SRT)/English For Non-English Dialogue/GoT.S04E10.The.Children.720p.English (Forced).srt')
2026-07-02T16:56:13.479 thread=140298646705856 event=copy.file.done operation='copy' source=PosixPath('/home/xircon/dmnts/twotb/Downloads/Completed/Game.of.Thrones.Complete.Series.Season.1.2.3.4.5.6.7.8.x264.720p/English Subs (SRT)/English For Non-English Dialogue/GoT.S04E10.The.Children.720p.English (Forced).srt') target=PosixPath('/home/xircon/dmnts/htpc-mech/TV/Game.of.Thrones.Complete.Series.Season.1.2.3.4.5.6.7.8.x264.720p/English Subs (SRT)/English For Non-English Dialogue/GoT.S04E10.The.Children.720p.English (Forced).srt') bytes=1061 elapsed_seconds=0.035
2026-07-02T16:56:13.490 thread=140298646705856 event=copy.file.start operation='copy' source=PosixPath('/home/xircon/dmnts/twotb/Downloads/Completed/Game.of.Thrones.Complete.Series.Season.1.2.3.4.5.6.7.8.x264.720p/English Subs (SRT)/English For Non-English Dialogue/GoT.S03E07.The.Bear.and.the.Maiden.Fair.720p.English (Forced).srt') target=PosixPath('/home/xircon/dmnts/htpc-mech/TV/Game.of.Thrones.Complete.Series.Season.1.2.3.4.5.6.7.8.x264.720p/English Subs (SRT)/English For Non-English Dialogue/GoT.S03E07.The.Bear.and.the.Maiden.Fair.720p.English (Forced).srt')
2026-07-02T16:56:13.588 thread=140298646705856 event=copy.file.done operation='copy' source=PosixPath('/home/xircon/dmnts/twotb/Downloads/Completed/Game.of.Thrones.Complete.Series.Season.1.2.3.4.5.6.7.8.x264.720p/English Subs (SRT)/English For Non-English Dialogue/GoT.S03E07.The.Bear.and.the.Maiden.Fair.720p.English (Forced).srt') target=PosixPath('/home/xircon/dmnts/htpc-mech/TV/Game.of.Thrones.Complete.Series.Season.1.2.3.4.5.6.7.8.x264.720p/English Subs (SRT)/English For Non-English Dialogue/GoT.S03E07.The.Bear.and.the.Maiden.Fair.720p.English (Forced).srt') bytes=273 elapsed_seconds=0.098
2026-07-02T16:56:13.602 thread=140298646705856 event=copy.file.start operation='copy' source=PosixPath('/home/xircon/dmnts/twotb/Downloads/Completed/Game.of.Thrones.Complete.Series.Season.1.2.3.4.5.6.7.8.x264.720p/English Subs (SRT)/English For Non-English Dialogue/GoT.S05E08.Hardhome.720p.English (Forced).srt') target=PosixPath('/home/xircon/dmnts/htpc-mech/TV/Game.of.Thrones.Complete.Series.Season.1.2.3.4.5.6.7.8.x264.720p/English Subs (SRT)/English For Non-English Dialogue/GoT.S05E08.Hardhome.720p.English (Forced).srt')
2026-07-02T16:56:13.634 thread=140298646705856 event=copy.file.done operation='copy' source=PosixPath('/home/xircon/dmnts/twotb/Downloads/Completed/Game.of.Thrones.Complete.Series.Season.1.2.3.4.5.6.7.8.x264.720p/English Subs (SRT)/English For Non-English Dialogue/GoT.S05E08.Hardhome.720p.English (Forced).srt') target=PosixPath('/home/xircon/dmnts/htpc-mech/TV/Game.of.Thrones.Complete.Series.Season.1.2.3.4.5.6.7.8.x264.720p/English Subs (SRT)/English For Non-English Dialogue/GoT.S05E08.Hardhome.720p.English (Forced).srt') bytes=65 elapsed_seconds=0.032
2026-07-02T16:56:13.646 thread=140298646705856 event=copy.file.start operation='copy' source=PosixPath('/home/xircon/dmnts/twotb/Downloads/Completed/Game.of.Thrones.Complete.Series.Season.1.2.3.4.5.6.7.8.x264.720p/English Subs (SRT)/English For Non-English Dialogue/GoT.S07E03.The.Queens.Justice.720p.English (Forced).srt') target=PosixPath('/home/xircon/dmnts/htpc-mech/TV/Game.of.Thrones.Complete.Series.Season.1.2.3.4.5.6.7.8.x264.720p/English Subs (SRT)/English For Non-English Dialogue/GoT.S07E03.The.Queens.Justice.720p.English (Forced).srt')
2026-07-02T16:56:13.680 thread=140298646705856 event=copy.file.done operation='copy' source=PosixPath('/home/xircon/dmnts/twotb/Downloads/Completed/Game.of.Thrones.Complete.Series.Season.1.2.3.4.5.6.7.8.x264.720p/English Subs (SRT)/English For Non-English Dialogue/GoT.S07E03.The.Queens.Justice.720p.English (Forced).srt') target=PosixPath('/home/xircon/dmnts/htpc-mech/TV/Game.of.Thrones.Complete.Series.Season.1.2.3.4.5.6.7.8.x264.720p/English Subs (SRT)/English For Non-English Dialogue/GoT.S07E03.The.Queens.Justice.720p.English (Forced).srt') bytes=188 elapsed_seconds=0.034
2026-07-02T16:56:13.693 thread=140298646705856 event=copy.file.start operation='copy' source=PosixPath('/home/xircon/dmnts/twotb/Downloads/Completed/Game.of.Thrones.Complete.Series.Season.1.2.3.4.5.6.7.8.x264.720p/English Subs (SRT)/English For Non-English Dialogue/GoT.S03E04.And.Now.His.Watch.Is.Ended.720p.English (Forced).srt') target=PosixPath('/home/xircon/dmnts/htpc-mech/TV/Game.of.Thrones.Complete.Series.Season.1.2.3.4.5.6.7.8.x264.720p/English Subs (SRT)/English For Non-English Dialogue/GoT.S03E04.And.Now.His.Watch.Is.Ended.720p.English (Forced).srt')
2026-07-02T16:56:13.796 thread=140298646705856 event=copy.file.done operation='copy' source=PosixPath('/home/xircon/dmnts/twotb/Downloads/Completed/Game.of.Thrones.Complete.Series.Season.1.2.3.4.5.6.7.8.x264.720p/English Subs (SRT)/English For Non-English Dialogue/GoT.S03E04.And.Now.His.Watch.Is.Ended.720p.English (Forced).srt') target=PosixPath('/home/xircon/dmnts/htpc-mech/TV/Game.of.Thrones.Complete.Series.Season.1.2.3.4.5.6.7.8.x264.720p/English Subs (SRT)/English For Non-English Dialogue/GoT.S03E04.And.Now.His.Watch.Is.Ended.720p.English (Forced).srt') bytes=1654 elapsed_seconds=0.103
2026-07-02T16:56:13.807 thread=140298646705856 event=copy.file.start operation='copy' source=PosixPath('/home/xircon/dmnts/twotb/Downloads/Completed/Game.of.Thrones.Complete.Series.Season.1.2.3.4.5.6.7.8.x264.720p/English Subs (SRT)/English For Non-English Dialogue/GoT.S04E06.The.Laws.of.Gods.and.Men.720p.English (Forced).srt') target=PosixPath('/home/xircon/dmnts/htpc-mech/TV/Game.of.Thrones.Complete.Series.Season.1.2.3.4.5.6.7.8.x264.720p/English Subs (SRT)/English For Non-English Dialogue/GoT.S04E06.The.Laws.of.Gods.and.Men.720p.English (Forced).srt')
2026-07-02T16:56:13.846 thread=140298646705856 event=copy.file.done operation='copy' source=PosixPath('/home/xircon/dmnts/twotb/Downloads/Completed/Game.of.Thrones.Complete.Series.Season.1.2.3.4.5.6.7.8.x264.720p/English Subs (SRT)/English For Non-English Dialogue/GoT.S04E06.The.Laws.of.Gods.and.Men.720p.English (Forced).srt') target=PosixPath('/home/xircon/dmnts/htpc-mech/TV/Game.of.Thrones.Complete.Series.Season.1.2.3.4.5.6.7.8.x264.720p/English Subs (SRT)/English For Non-English Dialogue/GoT.S04E06.The.Laws.of.Gods.and.Men.720p.English (Forced).srt') bytes=825 elapsed_seconds=0.039
2026-07-02T16:56:13.859 thread=140298646705856 event=copy.file.start operation='copy' source=PosixPath('/home/xircon/dmnts/twotb/Downloads/Completed/Game.of.Thrones.Complete.Series.Season.1.2.3.4.5.6.7.8.x264.720p/English Subs (SRT)/English For Non-English Dialogue/GoT.S06E09.Battle.of.the.Bastards.720p.English (Forced).srt') target=PosixPath('/home/xircon/dmnts/htpc-mech/TV/Game.of.Thrones.Complete.Series.Season.1.2.3.4.5.6.7.8.x264.720p/English Subs (SRT)/English For Non-English Dialogue/GoT.S06E09.Battle.of.the.Bastards.720p.English (Forced).srt')
2026-07-02T16:56:13.903 thread=140298646705856 event=copy.file.done operation='copy' source=PosixPath('/home/xircon/dmnts/twotb/Downloads/Completed/Game.of.Thrones.Complete.Series.Season.1.2.3.4.5.6.7.8.x264.720p/English Subs (SRT)/English For Non-English Dialogue/GoT.S06E09.Battle.of.the.Bastards.720p.English (Forced).srt') target=PosixPath('/home/xircon/dmnts/htpc-mech/TV/Game.of.Thrones.Complete.Series.Season.1.2.3.4.5.6.7.8.x264.720p/English Subs (SRT)/English For Non-English Dialogue/GoT.S06E09.Battle.of.the.Bastards.720p.English (Forced).srt') bytes=232 elapsed_seconds=0.045
2026-07-02T16:56:13.916 thread=140298646705856 event=copy.file.start operation='copy' source=PosixPath('/home/xircon/dmnts/twotb/Downloads/Completed/Game.of.Thrones.Complete.Series.Season.1.2.3.4.5.6.7.8.x264.720p/English Subs (SRT)/English For Non-English Dialogue/GoT.S05E09.The.Dance.Of.Dragons.720p.English (Forced).srt') target=PosixPath('/home/xircon/dmnts/htpc-mech/TV/Game.of.Thrones.Complete.Series.Season.1.2.3.4.5.6.7.8.x264.720p/English Subs (SRT)/English For Non-English Dialogue/GoT.S05E09.The.Dance.Of.Dragons.720p.English (Forced).srt')
2026-07-02T16:56:14.003 thread=140298646705856 event=copy.file.done operation='copy' source=PosixPath('/home/xircon/dmnts/twotb/Downloads/Completed/Game.of.Thrones.Complete.Series.Season.1.2.3.4.5.6.7.8.x264.720p/English Subs (SRT)/English For Non-English Dialogue/GoT.S05E09.The.Dance.Of.Dragons.720p.English (Forced).srt') target=PosixPath('/home/xircon/dmnts/htpc-mech/TV/Game.of.Thrones.Complete.Series.Season.1.2.3.4.5.6.7.8.x264.720p/English Subs (SRT)/English For Non-English Dialogue/GoT.S05E09.The.Dance.Of.Dragons.720p.English (Forced).srt') bytes=1095 elapsed_seconds=0.087
2026-07-02T16:56:14.017 thread=140298646705856 event=copy.file.start operation='copy' source=PosixPath('/home/xircon/dmnts/twotb/Downloads/Completed/Game.of.Thrones.Complete.Series.Season.1.2.3.4.5.6.7.8.x264.720p/English Subs (SRT)/English For Non-English Dialogue/GoT.S05E01.The.Wars.To.Come.720p.English (Forced).srt') target=PosixPath('/home/xircon/dmnts/htpc-mech/TV/Game.of.Thrones.Complete.Series.Season.1.2.3.4.5.6.7.8.x264.720p/English Subs (SRT)/English For Non-English Dialogue/GoT.S05E01.The.Wars.To.Come.720p.English (Forced).srt')
2026-07-02T16:56:14.053 thread=140298646705856 event=copy.file.done operation='copy' source=PosixPath('/home/xircon/dmnts/twotb/Downloads/Completed/Game.of.Thrones.Complete.Series.Season.1.2.3.4.5.6.7.8.x264.720p/English Subs (SRT)/English For Non-English Dialogue/GoT.S05E01.The.Wars.To.Come.720p.English (Forced).srt') target=PosixPath('/home/xircon/dmnts/htpc-mech/TV/Game.of.Thrones.Complete.Series.Season.1.2.3.4.5.6.7.8.x264.720p/English Subs (SRT)/English For Non-English Dialogue/GoT.S05E01.The.Wars.To.Come.720p.English (Forced).srt') bytes=439 elapsed_seconds=0.036
2026-07-02T16:56:14.065 thread=140298646705856 event=copy.file.start operation='copy' source=PosixPath('/home/xircon/dmnts/twotb/Downloads/Completed/Game.of.Thrones.Complete.Series.Season.1.2.3.4.5.6.7.8.x264.720p/English Subs (SRT)/English For Non-English Dialogue/GoT.S03E03.Walk.of.Punishment.720p.English (Forced).srt') target=PosixPath('/home/xircon/dmnts/htpc-mech/TV/Game.of.Thrones.Complete.Series.Season.1.2.3.4.5.6.7.8.x264.720p/English Subs (SRT)/English For Non-English Dialogue/GoT.S03E03.Walk.of.Punishment.720p.English (Forced).srt')
2026-07-02T16:56:14.106 thread=140298646705856 event=copy.file.done operation='copy' source=PosixPath('/home/xircon/dmnts/twotb/Downloads/Completed/Game.of.Thrones.Complete.Series.Season.1.2.3.4.5.6.7.8.x264.720p/English Subs (SRT)/English For Non-English Dialogue/GoT.S03E03.Walk.of.Punishment.720p.English (Forced).srt') target=PosixPath('/home/xircon/dmnts/htpc-mech/TV/Game.of.Thrones.Complete.Series.Season.1.2.3.4.5.6.7.8.x264.720p/English Subs (SRT)/English For Non-English Dialogue/GoT.S03E03.Walk.of.Punishment.720p.English (Forced).srt') bytes=1321 elapsed_seconds=0.041
2026-07-02T16:56:14.120 thread=140298646705856 event=copy.file.start operation='copy' source=PosixPath('/home/xircon/dmnts/twotb/Downloads/Completed/Game.of.Thrones.Complete.Series.Season.1.2.3.4.5.6.7.8.x264.720p/English Subs (SRT)/English For Non-English Dialogue/GoT.S01E02.The.Kingsroad.720p.English (Forced).srt') target=PosixPath('/home/xircon/dmnts/htpc-mech/TV/Game.of.Thrones.Complete.Series.Season.1.2.3.4.5.6.7.8.x264.720p/English Subs (SRT)/English For Non-English Dialogue/GoT.S01E02.The.Kingsroad.720p.English (Forced).srt')
2026-07-02T16:56:14.223 thread=140298646705856 event=copy.file.done operation='copy' source=PosixPath('/home/xircon/dmnts/twotb/Downloads/Completed/Game.of.Thrones.Complete.Series.Season.1.2.3.4.5.6.7.8.x264.720p/English Subs (SRT)/English For Non-English Dialogue/GoT.S01E02.The.Kingsroad.720p.English (Forced).srt') target=PosixPath('/home/xircon/dmnts/htpc-mech/TV/Game.of.Thrones.Complete.Series.Season.1.2.3.4.5.6.7.8.x264.720p/English Subs (SRT)/English For Non-English Dialogue/GoT.S01E02.The.Kingsroad.720p.English (Forced).srt') bytes=77 elapsed_seconds=0.103
2026-07-02T16:56:14.237 thread=140298646705856 event=copy.file.start operation='copy' source=PosixPath('/home/xircon/dmnts/twotb/Downloads/Completed/Game.of.Thrones.Complete.Series.Season.1.2.3.4.5.6.7.8.x264.720p/English Subs (SRT)/English For Non-English Dialogue/GoT.S01E09.Baelor.720p.English (Forced).srt') target=PosixPath('/home/xircon/dmnts/htpc-mech/TV/Game.of.Thrones.Complete.Series.Season.1.2.3.4.5.6.7.8.x264.720p/English Subs (SRT)/English For Non-English Dialogue/GoT.S01E09.Baelor.720p.English (Forced).srt')
2026-07-02T16:56:14.277 thread=140298646705856 event=copy.file.done operation='copy' source=PosixPath('/home/xircon/dmnts/twotb/Downloads/Completed/Game.of.Thrones.Complete.Series.Season.1.2.3.4.5.6.7.8.x264.720p/English Subs (SRT)/English For Non-English Dialogue/GoT.S01E09.Baelor.720p.English (Forced).srt') target=PosixPath('/home/xircon/dmnts/htpc-mech/TV/Game.of.Thrones.Complete.Series.Season.1.2.3.4.5.6.7.8.x264.720p/English Subs (SRT)/English For Non-English Dialogue/GoT.S01E09.Baelor.720p.English (Forced).srt') bytes=2187 elapsed_seconds=0.041
2026-07-02T16:56:14.290 thread=140298646705856 event=copy.file.start operation='copy' source=PosixPath('/home/xircon/dmnts/twotb/Downloads/Completed/Game.of.Thrones.Complete.Series.Season.1.2.3.4.5.6.7.8.x264.720p/English Subs (SRT)/English For Non-English Dialogue/GoT.S01E07.You.Win.or.You.Die.720p.English (Forced).srt') target=PosixPath('/home/xircon/dmnts/htpc-mech/TV/Game.of.Thrones.Complete.Series.Season.1.2.3.4.5.6.7.8.x264.720p/English Subs (SRT)/English For Non-English Dialogue/GoT.S01E07.You.Win.or.You.Die.720p.English (Forced).srt')
2026-07-02T16:56:14.332 thread=140298646705856 event=copy.file.done operation='copy' source=PosixPath('/home/xircon/dmnts/twotb/Downloads/Completed/Game.of.Thrones.Complete.Series.Season.1.2.3.4.5.6.7.8.x264.720p/English Subs (SRT)/English For Non-English Dialogue/GoT.S01E07.You.Win.or.You.Die.720p.English (Forced).srt') target=PosixPath('/home/xircon/dmnts/htpc-mech/TV/Game.of.Thrones.Complete.Series.Season.1.2.3.4.5.6.7.8.x264.720p/English Subs (SRT)/English For Non-English Dialogue/GoT.S01E07.You.Win.or.You.Die.720p.English (Forced).srt') bytes=3831 elapsed_seconds=0.042
2026-07-02T16:56:14.344 thread=140298646705856 event=copy.file.start operation='copy' source=PosixPath('/home/xircon/dmnts/twotb/Downloads/Completed/Game.of.Thrones.Complete.Series.Season.1.2.3.4.5.6.7.8.x264.720p/English Subs (SRT)/English For Non-English Dialogue/GoT.S06E03.Oathbreaker.720p.English (Forced).srt') target=PosixPath('/home/xircon/dmnts/htpc-mech/TV/Game.of.Thrones.Complete.Series.Season.1.2.3.4.5.6.7.8.x264.720p/English Subs (SRT)/English For Non-English Dialogue/GoT.S06E03.Oathbreaker.720p.English (Forced).srt')
2026-07-02T16:56:14.382 thread=140298646705856 event=copy.file.done operation='copy' source=PosixPath('/home/xircon/dmnts/twotb/Downloads/Completed/Game.of.Thrones.Complete.Series.Season.1.2.3.4.5.6.7.8.x264.720p/English Subs (SRT)/English For Non-English Dialogue/GoT.S06E03.Oathbreaker.720p.English (Forced).srt') target=PosixPath('/home/xircon/dmnts/htpc-mech/TV/Game.of.Thrones.Complete.Series.Season.1.2.3.4.5.6.7.8.x264.720p/English Subs (SRT)/English For Non-English Dialogue/GoT.S06E03.Oathbreaker.720p.English (Forced).srt') bytes=2702 elapsed_seconds=0.037
2026-07-02T16:56:14.393 thread=140298646705856 event=copy.file.start operation='copy' source=PosixPath('/home/xircon/dmnts/twotb/Downloads/Completed/Game.of.Thrones.Complete.Series.Season.1.2.3.4.5.6.7.8.x264.720p/English Subs (SRT)/English For Non-English Dialogue/GoT.S02E01.The.North.Remembers.720p.English (Forced).srt') target=PosixPath('/home/xircon/dmnts/htpc-mech/TV/Game.of.Thrones.Complete.Series.Season.1.2.3.4.5.6.7.8.x264.720p/English Subs (SRT)/English For Non-English Dialogue/GoT.S02E01.The.North.Remembers.720p.English (Forced).srt')
2026-07-02T16:56:14.434 thread=140298646705856 event=copy.file.done operation='copy' source=PosixPath('/home/xircon/dmnts/twotb/Downloads/Completed/Game.of.Thrones.Complete.Series.Season.1.2.3.4.5.6.7.8.x264.720p/English Subs (SRT)/English For Non-English Dialogue/GoT.S02E01.The.North.Remembers.720p.English (Forced).srt') target=PosixPath('/home/xircon/dmnts/htpc-mech/TV/Game.of.Thrones.Complete.Series.Season.1.2.3.4.5.6.7.8.x264.720p/English Subs (SRT)/English For Non-English Dialogue/GoT.S02E01.The.North.Remembers.720p.English (Forced).srt') bytes=642 elapsed_seconds=0.041
2026-07-02T16:56:14.447 thread=140298646705856 event=copy.file.start operation='copy' source=PosixPath('/home/xircon/dmnts/twotb/Downloads/Completed/Game.of.Thrones.Complete.Series.Season.1.2.3.4.5.6.7.8.x264.720p/English Subs (SRT)/English For Non-English Dialogue/GoT.S02E10.Valar.Morghulis.720p.English (Forced).srt') target=PosixPath('/home/xircon/dmnts/htpc-mech/TV/Game.of.Thrones.Complete.Series.Season.1.2.3.4.5.6.7.8.x264.720p/English Subs (SRT)/English For Non-English Dialogue/GoT.S02E10.Valar.Morghulis.720p.English (Forced).srt')
2026-07-02T16:56:14.485 thread=140298646705856 event=copy.file.done operation='copy' source=PosixPath('/home/xircon/dmnts/twotb/Downloads/Completed/Game.of.Thrones.Complete.Series.Season.1.2.3.4.5.6.7.8.x264.720p/English Subs (SRT)/English For Non-English Dialogue/GoT.S02E10.Valar.Morghulis.720p.English (Forced).srt') target=PosixPath('/home/xircon/dmnts/htpc-mech/TV/Game.of.Thrones.Complete.Series.Season.1.2.3.4.5.6.7.8.x264.720p/English Subs (SRT)/English For Non-English Dialogue/GoT.S02E10.Valar.Morghulis.720p.English (Forced).srt') bytes=1612 elapsed_seconds=0.039
2026-07-02T16:56:14.506 thread=140298646705856 event=copy.file.start operation='copy' source=PosixPath('/home/xircon/dmnts/twotb/Downloads/Completed/Game.of.Thrones.Complete.Series.Season.1.2.3.4.5.6.7.8.x264.720p/English Subs (SRT)/English For Non-English Dialogue/GoT.S04E08.The.Mountain.and.the.Viper.720p.English (Forced).srt') target=PosixPath('/home/xircon/dmnts/htpc-mech/TV/Game.of.Thrones.Complete.Series.Season.1.2.3.4.5.6.7.8.x264.720p/English Subs (SRT)/English For Non-English Dialogue/GoT.S04E08.The.Mountain.and.the.Viper.720p.English (Forced).srt')
2026-07-02T16:56:14.547 thread=140298646705856 event=copy.file.done operation='copy' source=PosixPath('/home/xircon/dmnts/twotb/Downloads/Completed/Game.of.Thrones.Complete.Series.Season.1.2.3.4.5.6.7.8.x264.720p/English Subs (SRT)/English For Non-English Dialogue/GoT.S04E08.The.Mountain.and.the.Viper.720p.English (Forced).srt') target=PosixPath('/home/xircon/dmnts/htpc-mech/TV/Game.of.Thrones.Complete.Series.Season.1.2.3.4.5.6.7.8.x264.720p/English Subs (SRT)/English For Non-English Dialogue/GoT.S04E08.The.Mountain.and.the.Viper.720p.English (Forced).srt') bytes=393 elapsed_seconds=0.042
2026-07-02T16:56:14.560 thread=140298646705856 event=copy.file.start operation='copy' source=PosixPath('/home/xircon/dmnts/twotb/Downloads/Completed/Game.of.Thrones.Complete.Series.Season.1.2.3.4.5.6.7.8.x264.720p/English Subs (SRT)/English For Non-English Dialogue/GoT.S01E10.Fire.and.Blood.720p.English (Forced).srt') target=PosixPath('/home/xircon/dmnts/htpc-mech/TV/Game.of.Thrones.Complete.Series.Season.1.2.3.4.5.6.7.8.x264.720p/English Subs (SRT)/English For Non-English Dialogue/GoT.S01E10.Fire.and.Blood.720p.English (Forced).srt')
2026-07-02T16:56:14.835 thread=140298646705856 event=copy.file.done operation='copy' source=PosixPath('/home/xircon/dmnts/twotb/Downloads/Completed/Game.of.Thrones.Complete.Series.Season.1.2.3.4.5.6.7.8.x264.720p/English Subs (SRT)/English For Non-English Dialogue/GoT.S01E10.Fire.and.Blood.720p.English (Forced).srt') target=PosixPath('/home/xircon/dmnts/htpc-mech/TV/Game.of.Thrones.Complete.Series.Season.1.2.3.4.5.6.7.8.x264.720p/English Subs (SRT)/English For Non-English Dialogue/GoT.S01E10.Fire.and.Blood.720p.English (Forced).srt') bytes=599 elapsed_seconds=0.275
2026-07-02T16:56:14.848 thread=140298646705856 event=copy.file.start operation='copy' source=PosixPath('/home/xircon/dmnts/twotb/Downloads/Completed/Game.of.Thrones.Complete.Series.Season.1.2.3.4.5.6.7.8.x264.720p/English Subs (SRT)/English For Non-English Dialogue/GoT.S05E03.High.Sparrow.720p.English (Forced).srt') target=PosixPath('/home/xircon/dmnts/htpc-mech/TV/Game.of.Thrones.Complete.Series.Season.1.2.3.4.5.6.7.8.x264.720p/English Subs (SRT)/English For Non-English Dialogue/GoT.S05E03.High.Sparrow.720p.English (Forced).srt')
2026-07-02T16:56:14.887 thread=140298646705856 event=copy.file.done operation='copy' source=PosixPath('/home/xircon/dmnts/twotb/Downloads/Completed/Game.of.Thrones.Complete.Series.Season.1.2.3.4.5.6.7.8.x264.720p/English Subs (SRT)/English For Non-English Dialogue/GoT.S05E03.High.Sparrow.720p.English (Forced).srt') target=PosixPath('/home/xircon/dmnts/htpc-mech/TV/Game.of.Thrones.Complete.Series.Season.1.2.3.4.5.6.7.8.x264.720p/English Subs (SRT)/English For Non-English Dialogue/GoT.S05E03.High.Sparrow.720p.English (Forced).srt') bytes=884 elapsed_seconds=0.039
2026-07-02T16:56:14.900 thread=140298646705856 event=copy.file.start operation='copy' source=PosixPath('/home/xircon/dmnts/twotb/Downloads/Completed/Game.of.Thrones.Complete.Series.Season.1.2.3.4.5.6.7.8.x264.720p/English Subs (SRT)/English For Non-English Dialogue/GoT.S06E08.No.One.720p.English (Forced).srt') target=PosixPath('/home/xircon/dmnts/htpc-mech/TV/Game.of.Thrones.Complete.Series.Season.1.2.3.4.5.6.7.8.x264.720p/English Subs (SRT)/English For Non-English Dialogue/GoT.S06E08.No.One.720p.English (Forced).srt')
2026-07-02T16:56:14.939 thread=140298646705856 event=copy.file.done operation='copy' source=PosixPath('/home/xircon/dmnts/twotb/Downloads/Completed/Game.of.Thrones.Complete.Series.Season.1.2.3.4.5.6.7.8.x264.720p/English Subs (SRT)/English For Non-English Dialogue/GoT.S06E08.No.One.720p.English (Forced).srt') target=PosixPath('/home/xircon/dmnts/htpc-mech/TV/Game.of.Thrones.Complete.Series.Season.1.2.3.4.5.6.7.8.x264.720p/English Subs (SRT)/English For Non-English Dialogue/GoT.S06E08.No.One.720p.English (Forced).srt') bytes=378 elapsed_seconds=0.039
2026-07-02T16:56:14.952 thread=140298646705856 event=copy.file.start operation='copy' source=PosixPath('/home/xircon/dmnts/twotb/Downloads/Completed/Game.of.Thrones.Complete.Series.Season.1.2.3.4.5.6.7.8.x264.720p/English Subs (SRT)/English For Non-English Dialogue/GoT.S06E06.Blood.of.My.Blood.720p.English (Forced).srt') target=PosixPath('/home/xircon/dmnts/htpc-mech/TV/Game.of.Thrones.Complete.Series.Season.1.2.3.4.5.6.7.8.x264.720p/English Subs (SRT)/English For Non-English Dialogue/GoT.S06E06.Blood.of.My.Blood.720p.English (Forced).srt')
2026-07-02T16:56:14.992 thread=140298646705856 event=copy.file.done operation='copy' source=PosixPath('/home/xircon/dmnts/twotb/Downloads/Completed/Game.of.Thrones.Complete.Series.Season.1.2.3.4.5.6.7.8.x264.720p/English Subs (SRT)/English For Non-English Dialogue/GoT.S06E06.Blood.of.My.Blood.720p.English (Forced).srt') target=PosixPath('/home/xircon/dmnts/htpc-mech/TV/Game.of.Thrones.Complete.Series.Season.1.2.3.4.5.6.7.8.x264.720p/English Subs (SRT)/English For Non-English Dialogue/GoT.S06E06.Blood.of.My.Blood.720p.English (Forced).srt') bytes=1228 elapsed_seconds=0.04
2026-07-02T16:56:15.005 thread=140298646705856 event=copy.file.start operation='copy' source=PosixPath('/home/xircon/dmnts/twotb/Downloads/Completed/Game.of.Thrones.Complete.Series.Season.1.2.3.4.5.6.7.8.x264.720p/English Subs (SRT)/English For Non-English Dialogue/GoT.S06E05.The.Door.720p.English (Forced).srt') target=PosixPath('/home/xircon/dmnts/htpc-mech/TV/Game.of.Thrones.Complete.Series.Season.1.2.3.4.5.6.7.8.x264.720p/English Subs (SRT)/English For Non-English Dialogue/GoT.S06E05.The.Door.720p.English (Forced).srt')
2026-07-02T16:56:15.042 thread=140298646705856 event=copy.file.done operation='copy' source=PosixPath('/home/xircon/dmnts/twotb/Downloads/Completed/Game.of.Thrones.Complete.Series.Season.1.2.3.4.5.6.7.8.x264.720p/English Subs (SRT)/English For Non-English Dialogue/GoT.S06E05.The.Door.720p.English (Forced).srt') target=PosixPath('/home/xircon/dmnts/htpc-mech/TV/Game.of.Thrones.Complete.Series.Season.1.2.3.4.5.6.7.8.x264.720p/English Subs (SRT)/English For Non-English Dialogue/GoT.S06E05.The.Door.720p.English (Forced).srt') bytes=410 elapsed_seconds=0.037
2026-07-02T16:56:15.055 thread=140298646705856 event=copy.file.start operation='copy' source=PosixPath('/home/xircon/dmnts/twotb/Downloads/Completed/Game.of.Thrones.Complete.Series.Season.1.2.3.4.5.6.7.8.x264.720p/English Subs (SRT)/English For Non-English Dialogue/GoT.S03E05.Kissed.by.Fire.720p.English (Forced).srt') target=PosixPath('/home/xircon/dmnts/htpc-mech/TV/Game.of.Thrones.Complete.Series.Season.1.2.3.4.5.6.7.8.x264.720p/English Subs (SRT)/English For Non-English Dialogue/GoT.S03E05.Kissed.by.Fire.720p.English (Forced).srt')
2026-07-02T16:56:15.091 thread=140298646705856 event=copy.file.done operation='copy' source=PosixPath('/home/xircon/dmnts/twotb/Downloads/Completed/Game.of.Thrones.Complete.Series.Season.1.2.3.4.5.6.7.8.x264.720p/English Subs (SRT)/English For Non-English Dialogue/GoT.S03E05.Kissed.by.Fire.720p.English (Forced).srt') target=PosixPath('/home/xircon/dmnts/htpc-mech/TV/Game.of.Thrones.Complete.Series.Season.1.2.3.4.5.6.7.8.x264.720p/English Subs (SRT)/English For Non-English Dialogue/GoT.S03E05.Kissed.by.Fire.720p.English (Forced).srt') bytes=1367 elapsed_seconds=0.035
2026-07-02T16:56:15.107 thread=140298646705856 event=copy.file.start operation='copy' source=PosixPath('/home/xircon/dmnts/twotb/Downloads/Completed/Game.of.Thrones.Complete.Series.Season.1.2.3.4.5.6.7.8.x264.720p/English Subs (SRT)/English For Non-English Dialogue/GoT.S07E05.Eastwatch.720p.English (Forced).srt') target=PosixPath('/home/xircon/dmnts/htpc-mech/TV/Game.of.Thrones.Complete.Series.Season.1.2.3.4.5.6.7.8.x264.720p/English Subs (SRT)/English For Non-English Dialogue/GoT.S07E05.Eastwatch.720p.English (Forced).srt')
2026-07-02T16:56:15.142 thread=140298646705856 event=copy.file.done operation='copy' source=PosixPath('/home/xircon/dmnts/twotb/Downloads/Completed/Game.of.Thrones.Complete.Series.Season.1.2.3.4.5.6.7.8.x264.720p/English Subs (SRT)/English For Non-English Dialogue/GoT.S07E05.Eastwatch.720p.English (Forced).srt') target=PosixPath('/home/xircon/dmnts/htpc-mech/TV/Game.of.Thrones.Complete.Series.Season.1.2.3.4.5.6.7.8.x264.720p/English Subs (SRT)/English For Non-English Dialogue/GoT.S07E05.Eastwatch.720p.English (Forced).srt') bytes=138 elapsed_seconds=0.035
2026-07-02T16:56:15.155 thread=140298646705856 event=copy.file.start operation='copy' source=PosixPath('/home/xircon/dmnts/twotb/Downloads/Completed/Game.of.Thrones.Complete.Series.Season.1.2.3.4.5.6.7.8.x264.720p/English Subs (SRT)/English For Non-English Dialogue/GoT.S06E01.The.Red.Woman.720p.English (Forced).srt') target=PosixPath('/home/xircon/dmnts/htpc-mech/TV/Game.of.Thrones.Complete.Series.Season.1.2.3.4.5.6.7.8.x264.720p/English Subs (SRT)/English For Non-English Dialogue/GoT.S06E01.The.Red.Woman.720p.English (Forced).srt')
2026-07-02T16:56:15.196 thread=140298646705856 event=copy.file.done operation='copy' source=PosixPath('/home/xircon/dmnts/twotb/Downloads/Completed/Game.of.Thrones.Complete.Series.Season.1.2.3.4.5.6.7.8.x264.720p/English Subs (SRT)/English For Non-English Dialogue/GoT.S06E01.The.Red.Woman.720p.English (Forced).srt') target=PosixPath('/home/xircon/dmnts/htpc-mech/TV/Game.of.Thrones.Complete.Series.Season.1.2.3.4.5.6.7.8.x264.720p/English Subs (SRT)/English For Non-English Dialogue/GoT.S06E01.The.Red.Woman.720p.English (Forced).srt') bytes=6045 elapsed_seconds=0.041
2026-07-02T16:56:15.209 thread=140298646705856 event=copy.file.start operation='copy' source=PosixPath('/home/xircon/dmnts/twotb/Downloads/Completed/Game.of.Thrones.Complete.Series.Season.1.2.3.4.5.6.7.8.x264.720p/English Subs (SRT)/English For Non-English Dialogue/GoT.S01E06.A.Golden.Crown.720p.English (Forced).srt') target=PosixPath('/home/xircon/dmnts/htpc-mech/TV/Game.of.Thrones.Complete.Series.Season.1.2.3.4.5.6.7.8.x264.720p/English Subs (SRT)/English For Non-English Dialogue/GoT.S01E06.A.Golden.Crown.720p.English (Forced).srt')
2026-07-02T16:56:15.245 thread=140298646705856 event=copy.file.done operation='copy' source=PosixPath('/home/xircon/dmnts/twotb/Downloads/Completed/Game.of.Thrones.Complete.Series.Season.1.2.3.4.5.6.7.8.x264.720p/English Subs (SRT)/English For Non-English Dialogue/GoT.S01E06.A.Golden.Crown.720p.English (Forced).srt') target=PosixPath('/home/xircon/dmnts/htpc-mech/TV/Game.of.Thrones.Complete.Series.Season.1.2.3.4.5.6.7.8.x264.720p/English Subs (SRT)/English For Non-English Dialogue/GoT.S01E06.A.Golden.Crown.720p.English (Forced).srt') bytes=134 elapsed_seconds=0.036
2026-07-02T16:56:15.258 thread=140298646705856 event=copy.file.start operation='copy' source=PosixPath('/home/xircon/dmnts/twotb/Downloads/Completed/Game.of.Thrones.Complete.Series.Season.1.2.3.4.5.6.7.8.x264.720p/English Subs (SRT)/English For Non-English Dialogue/GoT.S03E10.Mhysa.720p.English (Forced).srt') target=PosixPath('/home/xircon/dmnts/htpc-mech/TV/Game.of.Thrones.Complete.Series.Season.1.2.3.4.5.6.7.8.x264.720p/English Subs (SRT)/English For Non-English Dialogue/GoT.S03E10.Mhysa.720p.English (Forced).srt')
2026-07-02T16:56:15.296 thread=140298646705856 event=copy.file.done operation='copy' source=PosixPath('/home/xircon/dmnts/twotb/Downloads/Completed/Game.of.Thrones.Complete.Series.Season.1.2.3.4.5.6.7.8.x264.720p/English Subs (SRT)/English For Non-English Dialogue/GoT.S03E10.Mhysa.720p.English (Forced).srt') target=PosixPath('/home/xircon/dmnts/htpc-mech/TV/Game.of.Thrones.Complete.Series.Season.1.2.3.4.5.6.7.8.x264.720p/English Subs (SRT)/English For Non-English Dialogue/GoT.S03E10.Mhysa.720p.English (Forced).srt') bytes=872 elapsed_seconds=0.039
2026-07-02T16:56:15.309 thread=140298646705856 event=copy.file.start operation='copy' source=PosixPath('/home/xircon/dmnts/twotb/Downloads/Completed/Game.of.Thrones.Complete.Series.Season.1.2.3.4.5.6.7.8.x264.720p/English Subs (SRT)/English For Non-English Dialogue/GoT.S01E08.The.Pointy.End.720p.English (Forced).srt') target=PosixPath('/home/xircon/dmnts/htpc-mech/TV/Game.of.Thrones.Complete.Series.Season.1.2.3.4.5.6.7.8.x264.720p/English Subs (SRT)/English For Non-English Dialogue/GoT.S01E08.The.Pointy.End.720p.English (Forced).srt')
2026-07-02T16:56:15.356 thread=140298646705856 event=copy.file.done operation='copy' source=PosixPath('/home/xircon/dmnts/twotb/Downloads/Completed/Game.of.Thrones.Complete.Series.Season.1.2.3.4.5.6.7.8.x264.720p/English Subs (SRT)/English For Non-English Dialogue/GoT.S01E08.The.Pointy.End.720p.English (Forced).srt') target=PosixPath('/home/xircon/dmnts/htpc-mech/TV/Game.of.Thrones.Complete.Series.Season.1.2.3.4.5.6.7.8.x264.720p/English Subs (SRT)/English For Non-English Dialogue/GoT.S01E08.The.Pointy.End.720p.English (Forced).srt') bytes=3791 elapsed_seconds=0.046
2026-07-02T16:56:15.368 thread=140298646705856 event=copy.file.start operation='copy' source=PosixPath("/home/xircon/dmnts/twotb/Downloads/Completed/Game.of.Thrones.Complete.Series.Season.1.2.3.4.5.6.7.8.x264.720p/English Subs (SRT)/English For Non-English Dialogue/GoT.S05E10.Mother's.Mercy.720p.English (Forced).srt") target=PosixPath("/home/xircon/dmnts/htpc-mech/TV/Game.of.Thrones.Complete.Series.Season.1.2.3.4.5.6.7.8.x264.720p/English Subs (SRT)/English For Non-English Dialogue/GoT.S05E10.Mother's.Mercy.720p.English (Forced).srt")
2026-07-02T16:56:15.451 thread=140298646705856 event=copy.file.done operation='copy' source=PosixPath("/home/xircon/dmnts/twotb/Downloads/Completed/Game.of.Thrones.Complete.Series.Season.1.2.3.4.5.6.7.8.x264.720p/English Subs (SRT)/English For Non-English Dialogue/GoT.S05E10.Mother's.Mercy.720p.English (Forced).srt") target=PosixPath("/home/xircon/dmnts/htpc-mech/TV/Game.of.Thrones.Complete.Series.Season.1.2.3.4.5.6.7.8.x264.720p/English Subs (SRT)/English For Non-English Dialogue/GoT.S05E10.Mother's.Mercy.720p.English (Forced).srt") bytes=412 elapsed_seconds=0.083
2026-07-02T16:56:15.465 thread=140298646705856 event=copy.file.start operation='copy' source=PosixPath('/home/xircon/dmnts/twotb/Downloads/Completed/Game.of.Thrones.Complete.Series.Season.1.2.3.4.5.6.7.8.x264.720p/English Subs (SRT)/English For Non-English Dialogue/GoT.S07E02.Stormborn.720p.English (Forced).srt') target=PosixPath('/home/xircon/dmnts/htpc-mech/TV/Game.of.Thrones.Complete.Series.Season.1.2.3.4.5.6.7.8.x264.720p/English Subs (SRT)/English For Non-English Dialogue/GoT.S07E02.Stormborn.720p.English (Forced).srt')
2026-07-02T16:56:15.507 thread=140298646705856 event=copy.file.done operation='copy' source=PosixPath('/home/xircon/dmnts/twotb/Downloads/Completed/Game.of.Thrones.Complete.Series.Season.1.2.3.4.5.6.7.8.x264.720p/English Subs (SRT)/English For Non-English Dialogue/GoT.S07E02.Stormborn.720p.English (Forced).srt') target=PosixPath('/home/xircon/dmnts/htpc-mech/TV/Game.of.Thrones.Complete.Series.Season.1.2.3.4.5.6.7.8.x264.720p/English Subs (SRT)/English For Non-English Dialogue/GoT.S07E02.Stormborn.720p.English (Forced).srt') bytes=732 elapsed_seconds=0.042
2026-07-02T16:56:15.520 thread=140298646705856 event=copy.file.start operation='copy' source=PosixPath('/home/xircon/dmnts/twotb/Downloads/Completed/Game.of.Thrones.Complete.Series.Season.1.2.3.4.5.6.7.8.x264.720p/English Subs (SRT)/English For Non-English Dialogue/GoT.S05E05.Kill.The.Boy.720p.English (Forced).srt') target=PosixPath('/home/xircon/dmnts/htpc-mech/TV/Game.of.Thrones.Complete.Series.Season.1.2.3.4.5.6.7.8.x264.720p/English Subs (SRT)/English For Non-English Dialogue/GoT.S05E05.Kill.The.Boy.720p.English (Forced).srt')
2026-07-02T16:56:15.560 thread=140298646705856 event=copy.file.done operation='copy' source=PosixPath('/home/xircon/dmnts/twotb/Downloads/Completed/Game.of.Thrones.Complete.Series.Season.1.2.3.4.5.6.7.8.x264.720p/English Subs (SRT)/English For Non-English Dialogue/GoT.S05E05.Kill.The.Boy.720p.English (Forced).srt') target=PosixPath('/home/xircon/dmnts/htpc-mech/TV/Game.of.Thrones.Complete.Series.Season.1.2.3.4.5.6.7.8.x264.720p/English Subs (SRT)/English For Non-English Dialogue/GoT.S05E05.Kill.The.Boy.720p.English (Forced).srt') bytes=1502 elapsed_seconds=0.04
2026-07-02T16:56:15.573 thread=140298646705856 event=copy.file.start operation='copy' source=PosixPath('/home/xircon/dmnts/twotb/Downloads/Completed/Game.of.Thrones.Complete.Series.Season.1.2.3.4.5.6.7.8.x264.720p/English Subs (SRT)/English For Non-English Dialogue/GoT.S05E02.The.House.Of.Black.And.White.720p.English (Forced).srt') target=PosixPath('/home/xircon/dmnts/htpc-mech/TV/Game.of.Thrones.Complete.Series.Season.1.2.3.4.5.6.7.8.x264.720p/English Subs (SRT)/English For Non-English Dialogue/GoT.S05E02.The.House.Of.Black.And.White.720p.English (Forced).srt')
2026-07-02T16:56:15.611 thread=140298646705856 event=copy.file.done operation='copy' source=PosixPath('/home/xircon/dmnts/twotb/Downloads/Completed/Game.of.Thrones.Complete.Series.Season.1.2.3.4.5.6.7.8.x264.720p/English Subs (SRT)/English For Non-English Dialogue/GoT.S05E02.The.House.Of.Black.And.White.720p.English (Forced).srt') target=PosixPath('/home/xircon/dmnts/htpc-mech/TV/Game.of.Thrones.Complete.Series.Season.1.2.3.4.5.6.7.8.x264.720p/English Subs (SRT)/English For Non-English Dialogue/GoT.S05E02.The.House.Of.Black.And.White.720p.English (Forced).srt') bytes=2495 elapsed_seconds=0.039
2026-07-02T16:56:15.623 thread=140298646705856 event=copy.file.start operation='copy' source=PosixPath('/home/xircon/dmnts/twotb/Downloads/Completed/Game.of.Thrones.Complete.Series.Season.1.2.3.4.5.6.7.8.x264.720p/English Subs (SRT)/English For Non-English Dialogue/GoT.S01E03.Lord.Snow.720p.English (Forced).srt') target=PosixPath('/home/xircon/dmnts/htpc-mech/TV/Game.of.Thrones.Complete.Series.Season.1.2.3.4.5.6.7.8.x264.720p/English Subs (SRT)/English For Non-English Dialogue/GoT.S01E03.Lord.Snow.720p.English (Forced).srt')
2026-07-02T16:56:15.666 thread=140298646705856 event=copy.file.done operation='copy' source=PosixPath('/home/xircon/dmnts/twotb/Downloads/Completed/Game.of.Thrones.Complete.Series.Season.1.2.3.4.5.6.7.8.x264.720p/English Subs (SRT)/English For Non-English Dialogue/GoT.S01E03.Lord.Snow.720p.English (Forced).srt') target=PosixPath('/home/xircon/dmnts/htpc-mech/TV/Game.of.Thrones.Complete.Series.Season.1.2.3.4.5.6.7.8.x264.720p/English Subs (SRT)/English For Non-English Dialogue/GoT.S01E03.Lord.Snow.720p.English (Forced).srt') bytes=1301 elapsed_seconds=0.043
2026-07-02T16:56:15.680 thread=140298646705856 event=copy.file.start operation='copy' source=PosixPath('/home/xircon/dmnts/twotb/Downloads/Completed/Game.of.Thrones.Complete.Series.Season.1.2.3.4.5.6.7.8.x264.720p/English Subs (SRT)/English For Non-English Dialogue/GoT.S03E09.The.Rains.of.Castamere.720p.English (Forced).srt') target=PosixPath('/home/xircon/dmnts/htpc-mech/TV/Game.of.Thrones.Complete.Series.Season.1.2.3.4.5.6.7.8.x264.720p/English Subs (SRT)/English For Non-English Dialogue/GoT.S03E09.The.Rains.of.Castamere.720p.English (Forced).srt')
2026-07-02T16:56:15.766 thread=140298646705856 event=copy.file.done operation='copy' source=PosixPath('/home/xircon/dmnts/twotb/Downloads/Completed/Game.of.Thrones.Complete.Series.Season.1.2.3.4.5.6.7.8.x264.720p/English Subs (SRT)/English For Non-English Dialogue/GoT.S03E09.The.Rains.of.Castamere.720p.English (Forced).srt') target=PosixPath('/home/xircon/dmnts/htpc-mech/TV/Game.of.Thrones.Complete.Series.Season.1.2.3.4.5.6.7.8.x264.720p/English Subs (SRT)/English For Non-English Dialogue/GoT.S03E09.The.Rains.of.Castamere.720p.English (Forced).srt') bytes=167 elapsed_seconds=0.086
2026-07-02T16:56:15.778 thread=140298646705856 event=copy.file.start operation='copy' source=PosixPath('/home/xircon/dmnts/twotb/Downloads/Completed/Game.of.Thrones.Complete.Series.Season.1.2.3.4.5.6.7.8.x264.720p/English Subs (SRT)/English For Non-English Dialogue/GoT.S04E04.Oathkeeper.720p.English (Forced).srt') target=PosixPath('/home/xircon/dmnts/htpc-mech/TV/Game.of.Thrones.Complete.Series.Season.1.2.3.4.5.6.7.8.x264.720p/English Subs (SRT)/English For Non-English Dialogue/GoT.S04E04.Oathkeeper.720p.English (Forced).srt')
2026-07-02T16:56:15.814 thread=140298646705856 event=copy.file.done operation='copy' source=PosixPath('/home/xircon/dmnts/twotb/Downloads/Completed/Game.of.Thrones.Complete.Series.Season.1.2.3.4.5.6.7.8.x264.720p/English Subs (SRT)/English For Non-English Dialogue/GoT.S04E04.Oathkeeper.720p.English (Forced).srt') target=PosixPath('/home/xircon/dmnts/htpc-mech/TV/Game.of.Thrones.Complete.Series.Season.1.2.3.4.5.6.7.8.x264.720p/English Subs (SRT)/English For Non-English Dialogue/GoT.S04E04.Oathkeeper.720p.English (Forced).srt') bytes=2242 elapsed_seconds=0.036
2026-07-02T16:56:15.827 thread=140298646705856 event=copy.file.start operation='copy' source=PosixPath('/home/xircon/dmnts/twotb/Downloads/Completed/Game.of.Thrones.Complete.Series.Season.1.2.3.4.5.6.7.8.x264.720p/English Subs (SRT)/English For Non-English Dialogue/GoT.S03E06.The.Climb.720p.English (Forced).srt') target=PosixPath('/home/xircon/dmnts/htpc-mech/TV/Game.of.Thrones.Complete.Series.Season.1.2.3.4.5.6.7.8.x264.720p/English Subs (SRT)/English For Non-English Dialogue/GoT.S03E06.The.Climb.720p.English (Forced).srt')
2026-07-02T16:56:15.870 thread=140298646705856 event=copy.file.done operation='copy' source=PosixPath('/home/xircon/dmnts/twotb/Downloads/Completed/Game.of.Thrones.Complete.Series.Season.1.2.3.4.5.6.7.8.x264.720p/English Subs (SRT)/English For Non-English Dialogue/GoT.S03E06.The.Climb.720p.English (Forced).srt') target=PosixPath('/home/xircon/dmnts/htpc-mech/TV/Game.of.Thrones.Complete.Series.Season.1.2.3.4.5.6.7.8.x264.720p/English Subs (SRT)/English For Non-English Dialogue/GoT.S03E06.The.Climb.720p.English (Forced).srt') bytes=1156 elapsed_seconds=0.043
2026-07-02T16:56:15.883 thread=140298646705856 event=copy.file.start operation='copy' source=PosixPath('/home/xircon/dmnts/twotb/Downloads/Completed/Game.of.Thrones.Complete.Series.Season.1.2.3.4.5.6.7.8.x264.720p/Season 1/GoT.S01E07.You.Win.or.You.Die.720p.mkv') target=PosixPath('/home/xircon/dmnts/htpc-mech/TV/Game.of.Thrones.Complete.Series.Season.1.2.3.4.5.6.7.8.x264.720p/Season 1/GoT.S01E07.You.Win.or.You.Die.720p.mkv')
2026-07-02T16:58:37.985 thread=140298646705856 event=copy.file.done operation='copy' source=PosixPath('/home/xircon/dmnts/twotb/Downloads/Completed/Game.of.Thrones.Complete.Series.Season.1.2.3.4.5.6.7.8.x264.720p/Season 1/GoT.S01E07.You.Win.or.You.Die.720p.mkv') target=PosixPath('/home/xircon/dmnts/htpc-mech/TV/Game.of.Thrones.Complete.Series.Season.1.2.3.4.5.6.7.8.x264.720p/Season 1/GoT.S01E07.You.Win.or.You.Die.720p.mkv') bytes=663986183 elapsed_seconds=142.102
2026-07-02T16:58:37.993 thread=140298646705856 event=copy.file.start operation='copy' source=PosixPath('/home/xircon/dmnts/twotb/Downloads/Completed/Game.of.Thrones.Complete.Series.Season.1.2.3.4.5.6.7.8.x264.720p/Season 1/GoT.S01E06.A.Golden.Crown.720p.mkv') target=PosixPath('/home/xircon/dmnts/htpc-mech/TV/Game.of.Thrones.Complete.Series.Season.1.2.3.4.5.6.7.8.x264.720p/Season 1/GoT.S01E06.A.Golden.Crown.720p.mkv')
2026-07-02T17:00:27.844 thread=140298646705856 event=copy.file.done operation='copy' source=PosixPath('/home/xircon/dmnts/twotb/Downloads/Completed/Game.of.Thrones.Complete.Series.Season.1.2.3.4.5.6.7.8.x264.720p/Season 1/GoT.S01E06.A.Golden.Crown.720p.mkv') target=PosixPath('/home/xircon/dmnts/htpc-mech/TV/Game.of.Thrones.Complete.Series.Season.1.2.3.4.5.6.7.8.x264.720p/Season 1/GoT.S01E06.A.Golden.Crown.720p.mkv') bytes=591582281 elapsed_seconds=109.852
2026-07-02T17:00:27.852 thread=140298646705856 event=copy.file.start operation='copy' source=PosixPath('/home/xircon/dmnts/twotb/Downloads/Completed/Game.of.Thrones.Complete.Series.Season.1.2.3.4.5.6.7.8.x264.720p/Season 1/GoT.S01E01.Winter.Is.Coming.720p.mkv') target=PosixPath('/home/xircon/dmnts/htpc-mech/TV/Game.of.Thrones.Complete.Series.Season.1.2.3.4.5.6.7.8.x264.720p/Season 1/GoT.S01E01.Winter.Is.Coming.720p.mkv')
2026-07-02T17:02:38.823 thread=140298646705856 event=copy.file.done operation='copy' source=PosixPath('/home/xircon/dmnts/twotb/Downloads/Completed/Game.of.Thrones.Complete.Series.Season.1.2.3.4.5.6.7.8.x264.720p/Season 1/GoT.S01E01.Winter.Is.Coming.720p.mkv') target=PosixPath('/home/xircon/dmnts/htpc-mech/TV/Game.of.Thrones.Complete.Series.Season.1.2.3.4.5.6.7.8.x264.720p/Season 1/GoT.S01E01.Winter.Is.Coming.720p.mkv') bytes=759073408 elapsed_seconds=130.972
2026-07-02T17:02:38.833 thread=140298646705856 event=copy.file.start operation='copy' source=PosixPath('/home/xircon/dmnts/twotb/Downloads/Completed/Game.of.Thrones.Complete.Series.Season.1.2.3.4.5.6.7.8.x264.720p/Season 1/GoT.S01E02.The.Kingsroad.720p.mkv') target=PosixPath('/home/xircon/dmnts/htpc-mech/TV/Game.of.Thrones.Complete.Series.Season.1.2.3.4.5.6.7.8.x264.720p/Season 1/GoT.S01E02.The.Kingsroad.720p.mkv')
2026-07-02T17:05:07.151 thread=140298646705856 event=copy.file.done operation='copy' source=PosixPath('/home/xircon/dmnts/twotb/Downloads/Completed/Game.of.Thrones.Complete.Series.Season.1.2.3.4.5.6.7.8.x264.720p/Season 1/GoT.S01E02.The.Kingsroad.720p.mkv') target=PosixPath('/home/xircon/dmnts/htpc-mech/TV/Game.of.Thrones.Complete.Series.Season.1.2.3.4.5.6.7.8.x264.720p/Season 1/GoT.S01E02.The.Kingsroad.720p.mkv') bytes=681565850 elapsed_seconds=148.319
2026-07-02T17:05:07.161 thread=140298646705856 event=copy.file.start operation='copy' source=PosixPath('/home/xircon/dmnts/twotb/Downloads/Completed/Game.of.Thrones.Complete.Series.Season.1.2.3.4.5.6.7.8.x264.720p/Season 1/GoT.S01E10.Fire.and.Blood.720p.mkv') target=PosixPath('/home/xircon/dmnts/htpc-mech/TV/Game.of.Thrones.Complete.Series.Season.1.2.3.4.5.6.7.8.x264.720p/Season 1/GoT.S01E10.Fire.and.Blood.720p.mkv')
2026-07-02T17:06:58.530 thread=140298646705856 event=copy.file.done operation='copy' source=PosixPath('/home/xircon/dmnts/twotb/Downloads/Completed/Game.of.Thrones.Complete.Series.Season.1.2.3.4.5.6.7.8.x264.720p/Season 1/GoT.S01E10.Fire.and.Blood.720p.mkv') target=PosixPath('/home/xircon/dmnts/htpc-mech/TV/Game.of.Thrones.Complete.Series.Season.1.2.3.4.5.6.7.8.x264.720p/Season 1/GoT.S01E10.Fire.and.Blood.720p.mkv') bytes=563271377 elapsed_seconds=111.369
2026-07-02T17:06:58.539 thread=140298646705856 event=copy.file.start operation='copy' source=PosixPath('/home/xircon/dmnts/twotb/Downloads/Completed/Game.of.Thrones.Complete.Series.Season.1.2.3.4.5.6.7.8.x264.720p/Season 1/GoT.S01E05.The.Wolf.and.the.Lion.720p.mkv') target=PosixPath('/home/xircon/dmnts/htpc-mech/TV/Game.of.Thrones.Complete.Series.Season.1.2.3.4.5.6.7.8.x264.720p/Season 1/GoT.S01E05.The.Wolf.and.the.Lion.720p.mkv')
2026-07-02T17:09:23.210 thread=140298646705856 event=copy.file.done operation='copy' source=PosixPath('/home/xircon/dmnts/twotb/Downloads/Completed/Game.of.Thrones.Complete.Series.Season.1.2.3.4.5.6.7.8.x264.720p/Season 1/GoT.S01E05.The.Wolf.and.the.Lion.720p.mkv') target=PosixPath('/home/xircon/dmnts/htpc-mech/TV/Game.of.Thrones.Complete.Series.Season.1.2.3.4.5.6.7.8.x264.720p/Season 1/GoT.S01E05.The.Wolf.and.the.Lion.720p.mkv') bytes=637644111 elapsed_seconds=144.671
2026-07-02T17:09:23.219 thread=140298646705856 event=copy.file.start operation='copy' source=PosixPath('/home/xircon/dmnts/twotb/Downloads/Completed/Game.of.Thrones.Complete.Series.Season.1.2.3.4.5.6.7.8.x264.720p/Season 1/GoT.S01E04.Cripples,.Bastards,.and.Broken.Things.720p.mkv') target=PosixPath('/home/xircon/dmnts/htpc-mech/TV/Game.of.Thrones.Complete.Series.Season.1.2.3.4.5.6.7.8.x264.720p/Season 1/GoT.S01E04.Cripples,.Bastards,.and.Broken.Things.720p.mkv')
2026-07-02T17:11:27.566 thread=140298646705856 event=copy.file.done operation='copy' source=PosixPath('/home/xircon/dmnts/twotb/Downloads/Completed/Game.of.Thrones.Complete.Series.Season.1.2.3.4.5.6.7.8.x264.720p/Season 1/GoT.S01E04.Cripples,.Bastards,.and.Broken.Things.720p.mkv') target=PosixPath('/home/xircon/dmnts/htpc-mech/TV/Game.of.Thrones.Complete.Series.Season.1.2.3.4.5.6.7.8.x264.720p/Season 1/GoT.S01E04.Cripples,.Bastards,.and.Broken.Things.720p.mkv') bytes=632328749 elapsed_seconds=124.347
2026-07-02T17:11:27.574 thread=140298646705856 event=copy.file.start operation='copy' source=PosixPath('/home/xircon/dmnts/twotb/Downloads/Completed/Game.of.Thrones.Complete.Series.Season.1.2.3.4.5.6.7.8.x264.720p/Season 1/GoT.S01E08.The.Pointy.End.720p.mkv') target=PosixPath('/home/xircon/dmnts/htpc-mech/TV/Game.of.Thrones.Complete.Series.Season.1.2.3.4.5.6.7.8.x264.720p/Season 1/GoT.S01E08.The.Pointy.End.720p.mkv')
2026-07-02T17:13:17.095 thread=140298646705856 event=copy.file.done operation='copy' source=PosixPath('/home/xircon/dmnts/twotb/Downloads/Completed/Game.of.Thrones.Complete.Series.Season.1.2.3.4.5.6.7.8.x264.720p/Season 1/GoT.S01E08.The.Pointy.End.720p.mkv') target=PosixPath('/home/xircon/dmnts/htpc-mech/TV/Game.of.Thrones.Complete.Series.Season.1.2.3.4.5.6.7.8.x264.720p/Season 1/GoT.S01E08.The.Pointy.End.720p.mkv') bytes=677596746 elapsed_seconds=109.521
2026-07-02T17:13:17.110 thread=140298646705856 event=copy.file.start operation='copy' source=PosixPath('/home/xircon/dmnts/twotb/Downloads/Completed/Game.of.Thrones.Complete.Series.Season.1.2.3.4.5.6.7.8.x264.720p/Season 1/GoT.S01E03.Lord.Snow.720p.mkv') target=PosixPath('/home/xircon/dmnts/htpc-mech/TV/Game.of.Thrones.Complete.Series.Season.1.2.3.4.5.6.7.8.x264.720p/Season 1/GoT.S01E03.Lord.Snow.720p.mkv')
2026-07-02T17:15:19.181 thread=140298646705856 event=copy.file.done operation='copy' source=PosixPath('/home/xircon/dmnts/twotb/Downloads/Completed/Game.of.Thrones.Complete.Series.Season.1.2.3.4.5.6.7.8.x264.720p/Season 1/GoT.S01E03.Lord.Snow.720p.mkv') target=PosixPath('/home/xircon/dmnts/htpc-mech/TV/Game.of.Thrones.Complete.Series.Season.1.2.3.4.5.6.7.8.x264.720p/Season 1/GoT.S01E03.Lord.Snow.720p.mkv') bytes=662111418 elapsed_seconds=122.071
2026-07-02T17:15:19.188 thread=140298646705856 event=copy.file.start operation='copy' source=PosixPath('/home/xircon/dmnts/twotb/Downloads/Completed/Game.of.Thrones.Complete.Series.Season.1.2.3.4.5.6.7.8.x264.720p/Season 1/GoT.S01E09.Baelor.720p.mkv') target=PosixPath('/home/xircon/dmnts/htpc-mech/TV/Game.of.Thrones.Complete.Series.Season.1.2.3.4.5.6.7.8.x264.720p/Season 1/GoT.S01E09.Baelor.720p.mkv')
2026-07-02T17:17:03.283 thread=140298646705856 event=copy.file.done operation='copy' source=PosixPath('/home/xircon/dmnts/twotb/Downloads/Completed/Game.of.Thrones.Complete.Series.Season.1.2.3.4.5.6.7.8.x264.720p/Season 1/GoT.S01E09.Baelor.720p.mkv') target=PosixPath('/home/xircon/dmnts/htpc-mech/TV/Game.of.Thrones.Complete.Series.Season.1.2.3.4.5.6.7.8.x264.720p/Season 1/GoT.S01E09.Baelor.720p.mkv') bytes=654054117 elapsed_seconds=104.095
2026-07-02T17:17:03.296 thread=140298646705856 event=copy.file.start operation='copy' source=PosixPath('/home/xircon/dmnts/twotb/Downloads/Completed/Game.of.Thrones.Complete.Series.Season.1.2.3.4.5.6.7.8.x264.720p/Season 3/GoT.S03E06.The.Climb.720p.mkv') target=PosixPath('/home/xircon/dmnts/htpc-mech/TV/Game.of.Thrones.Complete.Series.Season.1.2.3.4.5.6.7.8.x264.720p/Season 3/GoT.S03E06.The.Climb.720p.mkv')
2026-07-02T17:18:35.534 thread=140298646705856 event=copy.file.done operation='copy' source=PosixPath('/home/xircon/dmnts/twotb/Downloads/Completed/Game.of.Thrones.Complete.Series.Season.1.2.3.4.5.6.7.8.x264.720p/Season 3/GoT.S03E06.The.Climb.720p.mkv') target=PosixPath('/home/xircon/dmnts/htpc-mech/TV/Game.of.Thrones.Complete.Series.Season.1.2.3.4.5.6.7.8.x264.720p/Season 3/GoT.S03E06.The.Climb.720p.mkv') bytes=538533340 elapsed_seconds=92.238
2026-07-02T17:18:35.543 thread=140298646705856 event=copy.file.start operation='copy' source=PosixPath('/home/xircon/dmnts/twotb/Downloads/Completed/Game.of.Thrones.Complete.Series.Season.1.2.3.4.5.6.7.8.x264.720p/Season 3/GoT.S03E01.Valar.Dohaeris.720p.mkv') target=PosixPath('/home/xircon/dmnts/htpc-mech/TV/Game.of.Thrones.Complete.Series.Season.1.2.3.4.5.6.7.8.x264.720p/Season 3/GoT.S03E01.Valar.Dohaeris.720p.mkv')
2026-07-02T17:20:07.454 thread=140298646705856 event=copy.file.done operation='copy' source=PosixPath('/home/xircon/dmnts/twotb/Downloads/Completed/Game.of.Thrones.Complete.Series.Season.1.2.3.4.5.6.7.8.x264.720p/Season 3/GoT.S03E01.Valar.Dohaeris.720p.mkv') target=PosixPath('/home/xircon/dmnts/htpc-mech/TV/Game.of.Thrones.Complete.Series.Season.1.2.3.4.5.6.7.8.x264.720p/Season 3/GoT.S03E01.Valar.Dohaeris.720p.mkv') bytes=537573512 elapsed_seconds=91.911
2026-07-02T17:20:07.463 thread=140298646705856 event=copy.file.start operation='copy' source=PosixPath('/home/xircon/dmnts/twotb/Downloads/Completed/Game.of.Thrones.Complete.Series.Season.1.2.3.4.5.6.7.8.x264.720p/Season 3/GoT.S03E07.The.Bear.and.the.Maiden.Fair.720p.mkv') target=PosixPath('/home/xircon/dmnts/htpc-mech/TV/Game.of.Thrones.Complete.Series.Season.1.2.3.4.5.6.7.8.x264.720p/Season 3/GoT.S03E07.The.Bear.and.the.Maiden.Fair.720p.mkv')
2026-07-02T17:21:48.966 thread=140298646705856 event=copy.file.done operation='copy' source=PosixPath('/home/xircon/dmnts/twotb/Downloads/Completed/Game.of.Thrones.Complete.Series.Season.1.2.3.4.5.6.7.8.x264.720p/Season 3/GoT.S03E07.The.Bear.and.the.Maiden.Fair.720p.mkv') target=PosixPath('/home/xircon/dmnts/htpc-mech/TV/Game.of.Thrones.Complete.Series.Season.1.2.3.4.5.6.7.8.x264.720p/Season 3/GoT.S03E07.The.Bear.and.the.Maiden.Fair.720p.mkv') bytes=594255410 elapsed_seconds=101.502
2026-07-02T17:21:48.980 thread=140298646705856 event=copy.file.start operation='copy' source=PosixPath('/home/xircon/dmnts/twotb/Downloads/Completed/Game.of.Thrones.Complete.Series.Season.1.2.3.4.5.6.7.8.x264.720p/Season 3/GoT.S03E02.Dark.Wings,.Dark.Words.720p.mkv') target=PosixPath('/home/xircon/dmnts/htpc-mech/TV/Game.of.Thrones.Complete.Series.Season.1.2.3.4.5.6.7.8.x264.720p/Season 3/GoT.S03E02.Dark.Wings,.Dark.Words.720p.mkv')
2026-07-02T17:23:41.129 thread=140298646705856 event=copy.file.done operation='copy' source=PosixPath('/home/xircon/dmnts/twotb/Downloads/Completed/Game.of.Thrones.Complete.Series.Season.1.2.3.4.5.6.7.8.x264.720p/Season 3/GoT.S03E02.Dark.Wings,.Dark.Words.720p.mkv') target=PosixPath('/home/xircon/dmnts/htpc-mech/TV/Game.of.Thrones.Complete.Series.Season.1.2.3.4.5.6.7.8.x264.720p/Season 3/GoT.S03E02.Dark.Wings,.Dark.Words.720p.mkv') bytes=665186180 elapsed_seconds=112.149
2026-07-02T17:23:41.137 thread=140298646705856 event=copy.file.start operation='copy' source=PosixPath('/home/xircon/dmnts/twotb/Downloads/Completed/Game.of.Thrones.Complete.Series.Season.1.2.3.4.5.6.7.8.x264.720p/Season 3/GoT.S03E09.The.Rains.of.Castamere.720p.mkv') target=PosixPath('/home/xircon/dmnts/htpc-mech/TV/Game.of.Thrones.Complete.Series.Season.1.2.3.4.5.6.7.8.x264.720p/Season 3/GoT.S03E09.The.Rains.of.Castamere.720p.mkv')
2026-07-02T17:26:38.007 thread=140298646705856 event=copy.file.done operation='copy' source=PosixPath('/home/xircon/dmnts/twotb/Downloads/Completed/Game.of.Thrones.Complete.Series.Season.1.2.3.4.5.6.7.8.x264.720p/Season 3/GoT.S03E09.The.Rains.of.Castamere.720p.mkv') target=PosixPath('/home/xircon/dmnts/htpc-mech/TV/Game.of.Thrones.Complete.Series.Season.1.2.3.4.5.6.7.8.x264.720p/Season 3/GoT.S03E09.The.Rains.of.Castamere.720p.mkv') bytes=469084708 elapsed_seconds=176.869
2026-07-02T17:26:38.018 thread=140298646705856 event=copy.file.start operation='copy' source=PosixPath('/home/xircon/dmnts/twotb/Downloads/Completed/Game.of.Thrones.Complete.Series.Season.1.2.3.4.5.6.7.8.x264.720p/Season 3/GoT.S03E03.Walk.of.Punishment.720p.mkv') target=PosixPath('/home/xircon/dmnts/htpc-mech/TV/Game.of.Thrones.Complete.Series.Season.1.2.3.4.5.6.7.8.x264.720p/Season 3/GoT.S03E03.Walk.of.Punishment.720p.mkv')
2026-07-02T17:28:27.268 thread=140298646705856 event=copy.file.done operation='copy' source=PosixPath('/home/xircon/dmnts/twotb/Downloads/Completed/Game.of.Thrones.Complete.Series.Season.1.2.3.4.5.6.7.8.x264.720p/Season 3/GoT.S03E03.Walk.of.Punishment.720p.mkv') target=PosixPath('/home/xircon/dmnts/htpc-mech/TV/Game.of.Thrones.Complete.Series.Season.1.2.3.4.5.6.7.8.x264.720p/Season 3/GoT.S03E03.Walk.of.Punishment.720p.mkv') bytes=548743130 elapsed_seconds=109.25
2026-07-02T17:28:27.278 thread=140298646705856 event=copy.file.start operation='copy' source=PosixPath('/home/xircon/dmnts/twotb/Downloads/Completed/Game.of.Thrones.Complete.Series.Season.1.2.3.4.5.6.7.8.x264.720p/Season 3/GoT.S03E08.Second.Sons.720p.mkv') target=PosixPath('/home/xircon/dmnts/htpc-mech/TV/Game.of.Thrones.Complete.Series.Season.1.2.3.4.5.6.7.8.x264.720p/Season 3/GoT.S03E08.Second.Sons.720p.mkv')
2026-07-02T17:30:12.289 thread=140298646705856 event=copy.file.done operation='copy' source=PosixPath('/home/xircon/dmnts/twotb/Downloads/Completed/Game.of.Thrones.Complete.Series.Season.1.2.3.4.5.6.7.8.x264.720p/Season 3/GoT.S03E08.Second.Sons.720p.mkv') target=PosixPath('/home/xircon/dmnts/htpc-mech/TV/Game.of.Thrones.Complete.Series.Season.1.2.3.4.5.6.7.8.x264.720p/Season 3/GoT.S03E08.Second.Sons.720p.mkv') bytes=512971181 elapsed_seconds=105.011
2026-07-02T17:30:12.300 thread=140298646705856 event=copy.file.start operation='copy' source=PosixPath('/home/xircon/dmnts/twotb/Downloads/Completed/Game.of.Thrones.Complete.Series.Season.1.2.3.4.5.6.7.8.x264.720p/Season 3/GoT.S03E10.Mhysa.720p.mkv') target=PosixPath('/home/xircon/dmnts/htpc-mech/TV/Game.of.Thrones.Complete.Series.Season.1.2.3.4.5.6.7.8.x264.720p/Season 3/GoT.S03E10.Mhysa.720p.mkv')
2026-07-02T17:32:04.555 thread=140298646705856 event=copy.file.done operation='copy' source=PosixPath('/home/xircon/dmnts/twotb/Downloads/Completed/Game.of.Thrones.Complete.Series.Season.1.2.3.4.5.6.7.8.x264.720p/Season 3/GoT.S03E10.Mhysa.720p.mkv') target=PosixPath('/home/xircon/dmnts/htpc-mech/TV/Game.of.Thrones.Complete.Series.Season.1.2.3.4.5.6.7.8.x264.720p/Season 3/GoT.S03E10.Mhysa.720p.mkv') bytes=569517440 elapsed_seconds=112.254
2026-07-02T17:32:04.570 thread=140298646705856 event=copy.file.start operation='copy' source=PosixPath('/home/xircon/dmnts/twotb/Downloads/Completed/Game.of.Thrones.Complete.Series.Season.1.2.3.4.5.6.7.8.x264.720p/Season 3/GoT.S03E05.Kissed.by.Fire.720p.mkv') target=PosixPath('/home/xircon/dmnts/htpc-mech/TV/Game.of.Thrones.Complete.Series.Season.1.2.3.4.5.6.7.8.x264.720p/Season 3/GoT.S03E05.Kissed.by.Fire.720p.mkv')
2026-07-02T17:33:40.547 thread=140298646705856 event=copy.file.done operation='copy' source=PosixPath('/home/xircon/dmnts/twotb/Downloads/Completed/Game.of.Thrones.Complete.Series.Season.1.2.3.4.5.6.7.8.x264.720p/Season 3/GoT.S03E05.Kissed.by.Fire.720p.mkv') target=PosixPath('/home/xircon/dmnts/htpc-mech/TV/Game.of.Thrones.Complete.Series.Season.1.2.3.4.5.6.7.8.x264.720p/Season 3/GoT.S03E05.Kissed.by.Fire.720p.mkv') bytes=563224718 elapsed_seconds=95.978
2026-07-02T17:33:40.557 thread=140298646705856 event=copy.file.start operation='copy' source=PosixPath('/home/xircon/dmnts/twotb/Downloads/Completed/Game.of.Thrones.Complete.Series.Season.1.2.3.4.5.6.7.8.x264.720p/Season 3/GoT.S03E04.And.Now.His.Watch.Is.Ended.720p.mkv') target=PosixPath('/home/xircon/dmnts/htpc-mech/TV/Game.of.Thrones.Complete.Series.Season.1.2.3.4.5.6.7.8.x264.720p/Season 3/GoT.S03E04.And.Now.His.Watch.Is.Ended.720p.mkv')
2026-07-02T17:35:38.001 thread=140298646705856 event=copy.file.done operation='copy' source=PosixPath('/home/xircon/dmnts/twotb/Downloads/Completed/Game.of.Thrones.Complete.Series.Season.1.2.3.4.5.6.7.8.x264.720p/Season 3/GoT.S03E04.And.Now.His.Watch.Is.Ended.720p.mkv') target=PosixPath('/home/xircon/dmnts/htpc-mech/TV/Game.of.Thrones.Complete.Series.Season.1.2.3.4.5.6.7.8.x264.720p/Season 3/GoT.S03E04.And.Now.His.Watch.Is.Ended.720p.mkv') bytes=546690538 elapsed_seconds=117.444
2026-07-02T17:35:38.029 thread=140298646705856 event=copy.file.start operation='copy' source=PosixPath('/home/xircon/dmnts/twotb/Downloads/Completed/Game.of.Thrones.Complete.Series.Season.1.2.3.4.5.6.7.8.x264.720p/Season 6/GoT.S06E05.The.Door.720p.mkv') target=PosixPath('/home/xircon/dmnts/htpc-mech/TV/Game.of.Thrones.Complete.Series.Season.1.2.3.4.5.6.7.8.x264.720p/Season 6/GoT.S06E05.The.Door.720p.mkv')
2026-07-02T17:37:17.744 thread=140298646705856 event=copy.file.done operation='copy' source=PosixPath('/home/xircon/dmnts/twotb/Downloads/Completed/Game.of.Thrones.Complete.Series.Season.1.2.3.4.5.6.7.8.x264.720p/Season 6/GoT.S06E05.The.Door.720p.mkv') target=PosixPath('/home/xircon/dmnts/htpc-mech/TV/Game.of.Thrones.Complete.Series.Season.1.2.3.4.5.6.7.8.x264.720p/Season 6/GoT.S06E05.The.Door.720p.mkv') bytes=596541435 elapsed_seconds=99.716
2026-07-02T17:37:17.753 thread=140298646705856 event=copy.file.start operation='copy' source=PosixPath('/home/xircon/dmnts/twotb/Downloads/Completed/Game.of.Thrones.Complete.Series.Season.1.2.3.4.5.6.7.8.x264.720p/Season 6/GoT.S06E03.Oathbreaker.720p.mkv') target=PosixPath('/home/xircon/dmnts/htpc-mech/TV/Game.of.Thrones.Complete.Series.Season.1.2.3.4.5.6.7.8.x264.720p/Season 6/GoT.S06E03.Oathbreaker.720p.mkv')
2026-07-02T17:38:47.651 thread=140298646705856 event=copy.file.done operation='copy' source=PosixPath('/home/xircon/dmnts/twotb/Downloads/Completed/Game.of.Thrones.Complete.Series.Season.1.2.3.4.5.6.7.8.x264.720p/Season 6/GoT.S06E03.Oathbreaker.720p.mkv') target=PosixPath('/home/xircon/dmnts/htpc-mech/TV/Game.of.Thrones.Complete.Series.Season.1.2.3.4.5.6.7.8.x264.720p/Season 6/GoT.S06E03.Oathbreaker.720p.mkv') bytes=436821054 elapsed_seconds=89.898
2026-07-02T17:38:47.660 thread=140298646705856 event=copy.file.start operation='copy' source=PosixPath('/home/xircon/dmnts/twotb/Downloads/Completed/Game.of.Thrones.Complete.Series.Season.1.2.3.4.5.6.7.8.x264.720p/Season 6/GoT.S06E08.No.One.720p.mkv') target=PosixPath('/home/xircon/dmnts/htpc-mech/TV/Game.of.Thrones.Complete.Series.Season.1.2.3.4.5.6.7.8.x264.720p/Season 6/GoT.S06E08.No.One.720p.mkv')
2026-07-02T17:40:54.088 thread=140298646705856 event=copy.file.done operation='copy' source=PosixPath('/home/xircon/dmnts/twotb/Downloads/Completed/Game.of.Thrones.Complete.Series.Season.1.2.3.4.5.6.7.8.x264.720p/Season 6/GoT.S06E08.No.One.720p.mkv') target=PosixPath('/home/xircon/dmnts/htpc-mech/TV/Game.of.Thrones.Complete.Series.Season.1.2.3.4.5.6.7.8.x264.720p/Season 6/GoT.S06E08.No.One.720p.mkv') bytes=565741801 elapsed_seconds=126.428
2026-07-02T17:40:54.096 thread=140298646705856 event=copy.file.start operation='copy' source=PosixPath('/home/xircon/dmnts/twotb/Downloads/Completed/Game.of.Thrones.Complete.Series.Season.1.2.3.4.5.6.7.8.x264.720p/Season 6/GoT.S06E09.Battle.of.the.Bastards.720p.mkv') target=PosixPath('/home/xircon/dmnts/htpc-mech/TV/Game.of.Thrones.Complete.Series.Season.1.2.3.4.5.6.7.8.x264.720p/Season 6/GoT.S06E09.Battle.of.the.Bastards.720p.mkv')
2026-07-02T17:43:19.053 thread=140298646705856 event=copy.file.done operation='copy' source=PosixPath('/home/xircon/dmnts/twotb/Downloads/Completed/Game.of.Thrones.Complete.Series.Season.1.2.3.4.5.6.7.8.x264.720p/Season 6/GoT.S06E09.Battle.of.the.Bastards.720p.mkv') target=PosixPath('/home/xircon/dmnts/htpc-mech/TV/Game.of.Thrones.Complete.Series.Season.1.2.3.4.5.6.7.8.x264.720p/Season 6/GoT.S06E09.Battle.of.the.Bastards.720p.mkv') bytes=700278026 elapsed_seconds=144.957
2026-07-02T17:43:19.071 thread=140298646705856 event=copy.file.start operation='copy' source=PosixPath('/home/xircon/dmnts/twotb/Downloads/Completed/Game.of.Thrones.Complete.Series.Season.1.2.3.4.5.6.7.8.x264.720p/Season 6/GoT.S06E02.Home.720p.mkv') target=PosixPath('/home/xircon/dmnts/htpc-mech/TV/Game.of.Thrones.Complete.Series.Season.1.2.3.4.5.6.7.8.x264.720p/Season 6/GoT.S06E02.Home.720p.mkv')
2026-07-02T17:44:48.269 thread=140298646705856 event=copy.file.done operation='copy' source=PosixPath('/home/xircon/dmnts/twotb/Downloads/Completed/Game.of.Thrones.Complete.Series.Season.1.2.3.4.5.6.7.8.x264.720p/Season 6/GoT.S06E02.Home.720p.mkv') target=PosixPath('/home/xircon/dmnts/htpc-mech/TV/Game.of.Thrones.Complete.Series.Season.1.2.3.4.5.6.7.8.x264.720p/Season 6/GoT.S06E02.Home.720p.mkv') bytes=460111911 elapsed_seconds=89.198
2026-07-02T17:44:48.278 thread=140298646705856 event=copy.file.start operation='copy' source=PosixPath('/home/xircon/dmnts/twotb/Downloads/Completed/Game.of.Thrones.Complete.Series.Season.1.2.3.4.5.6.7.8.x264.720p/Season 6/GoT.S06E07.The.Broken.Man.720p.mkv') target=PosixPath('/home/xircon/dmnts/htpc-mech/TV/Game.of.Thrones.Complete.Series.Season.1.2.3.4.5.6.7.8.x264.720p/Season 6/GoT.S06E07.The.Broken.Man.720p.mkv')
2026-07-02T17:46:16.948 thread=140298646705856 event=copy.file.done operation='copy' source=PosixPath('/home/xircon/dmnts/twotb/Downloads/Completed/Game.of.Thrones.Complete.Series.Season.1.2.3.4.5.6.7.8.x264.720p/Season 6/GoT.S06E07.The.Broken.Man.720p.mkv') target=PosixPath('/home/xircon/dmnts/htpc-mech/TV/Game.of.Thrones.Complete.Series.Season.1.2.3.4.5.6.7.8.x264.720p/Season 6/GoT.S06E07.The.Broken.Man.720p.mkv') bytes=564584069 elapsed_seconds=88.671
2026-07-02T17:46:16.966 thread=140298646705856 event=copy.file.start operation='copy' source=PosixPath('/home/xircon/dmnts/twotb/Downloads/Completed/Game.of.Thrones.Complete.Series.Season.1.2.3.4.5.6.7.8.x264.720p/Season 6/GoT.S06E10.The.Winds.of.Winter.720p.mkv') target=PosixPath('/home/xircon/dmnts/htpc-mech/TV/Game.of.Thrones.Complete.Series.Season.1.2.3.4.5.6.7.8.x264.720p/Season 6/GoT.S06E10.The.Winds.of.Winter.720p.mkv')
2026-07-02T17:48:53.451 thread=140298646705856 event=copy.file.done operation='copy' source=PosixPath('/home/xircon/dmnts/twotb/Downloads/Completed/Game.of.Thrones.Complete.Series.Season.1.2.3.4.5.6.7.8.x264.720p/Season 6/GoT.S06E10.The.Winds.of.Winter.720p.mkv') target=PosixPath('/home/xircon/dmnts/htpc-mech/TV/Game.of.Thrones.Complete.Series.Season.1.2.3.4.5.6.7.8.x264.720p/Season 6/GoT.S06E10.The.Winds.of.Winter.720p.mkv') bytes=567266908 elapsed_seconds=156.485
2026-07-02T17:48:53.459 thread=140298646705856 event=copy.file.start operation='copy' source=PosixPath('/home/xircon/dmnts/twotb/Downloads/Completed/Game.of.Thrones.Complete.Series.Season.1.2.3.4.5.6.7.8.x264.720p/Season 6/GoT.S06E01.The.Red.Woman.720p.mkv') target=PosixPath('/home/xircon/dmnts/htpc-mech/TV/Game.of.Thrones.Complete.Series.Season.1.2.3.4.5.6.7.8.x264.720p/Season 6/GoT.S06E01.The.Red.Woman.720p.mkv')
2026-07-02T17:51:00.915 thread=140298646705856 event=copy.file.done operation='copy' source=PosixPath('/home/xircon/dmnts/twotb/Downloads/Completed/Game.of.Thrones.Complete.Series.Season.1.2.3.4.5.6.7.8.x264.720p/Season 6/GoT.S06E01.The.Red.Woman.720p.mkv') target=PosixPath('/home/xircon/dmnts/htpc-mech/TV/Game.of.Thrones.Complete.Series.Season.1.2.3.4.5.6.7.8.x264.720p/Season 6/GoT.S06E01.The.Red.Woman.720p.mkv') bytes=596583679 elapsed_seconds=127.456
2026-07-02T17:51:00.924 thread=140298646705856 event=copy.file.start operation='copy' source=PosixPath('/home/xircon/dmnts/twotb/Downloads/Completed/Game.of.Thrones.Complete.Series.Season.1.2.3.4.5.6.7.8.x264.720p/Season 6/GoT.S06E04.Book.of.the.Stranger.720p.mkv') target=PosixPath('/home/xircon/dmnts/htpc-mech/TV/Game.of.Thrones.Complete.Series.Season.1.2.3.4.5.6.7.8.x264.720p/Season 6/GoT.S06E04.Book.of.the.Stranger.720p.mkv')
2026-07-02T17:52:52.919 thread=140298646705856 event=copy.file.done operation='copy' source=PosixPath('/home/xircon/dmnts/twotb/Downloads/Completed/Game.of.Thrones.Complete.Series.Season.1.2.3.4.5.6.7.8.x264.720p/Season 6/GoT.S06E04.Book.of.the.Stranger.720p.mkv') target=PosixPath('/home/xircon/dmnts/htpc-mech/TV/Game.of.Thrones.Complete.Series.Season.1.2.3.4.5.6.7.8.x264.720p/Season 6/GoT.S06E04.Book.of.the.Stranger.720p.mkv') bytes=533035189 elapsed_seconds=111.996
2026-07-02T17:52:52.928 thread=140298646705856 event=copy.file.start operation='copy' source=PosixPath('/home/xircon/dmnts/twotb/Downloads/Completed/Game.of.Thrones.Complete.Series.Season.1.2.3.4.5.6.7.8.x264.720p/Season 6/GoT.S06E06.Blood.of.My.Blood.720p.mkv') target=PosixPath('/home/xircon/dmnts/htpc-mech/TV/Game.of.Thrones.Complete.Series.Season.1.2.3.4.5.6.7.8.x264.720p/Season 6/GoT.S06E06.Blood.of.My.Blood.720p.mkv')
2026-07-02T17:54:54.116 thread=140298646705856 event=copy.file.done operation='copy' source=PosixPath('/home/xircon/dmnts/twotb/Downloads/Completed/Game.of.Thrones.Complete.Series.Season.1.2.3.4.5.6.7.8.x264.720p/Season 6/GoT.S06E06.Blood.of.My.Blood.720p.mkv') target=PosixPath('/home/xircon/dmnts/htpc-mech/TV/Game.of.Thrones.Complete.Series.Season.1.2.3.4.5.6.7.8.x264.720p/Season 6/GoT.S06E06.Blood.of.My.Blood.720p.mkv') bytes=510151427 elapsed_seconds=121.187
2026-07-02T17:54:54.139 thread=140298646705856 event=copy.file.start operation='copy' source=PosixPath('/home/xircon/dmnts/twotb/Downloads/Completed/Game.of.Thrones.Complete.Series.Season.1.2.3.4.5.6.7.8.x264.720p/Season 8/GoT.S08E04.The.Last.of.the.Starks.720p.mkv') target=PosixPath('/home/xircon/dmnts/htpc-mech/TV/Game.of.Thrones.Complete.Series.Season.1.2.3.4.5.6.7.8.x264.720p/Season 8/GoT.S08E04.The.Last.of.the.Starks.720p.mkv')
2026-07-02T17:58:01.522 thread=140298646705856 event=copy.file.done operation='copy' source=PosixPath('/home/xircon/dmnts/twotb/Downloads/Completed/Game.of.Thrones.Complete.Series.Season.1.2.3.4.5.6.7.8.x264.720p/Season 8/GoT.S08E04.The.Last.of.the.Starks.720p.mkv') target=PosixPath('/home/xircon/dmnts/htpc-mech/TV/Game.of.Thrones.Complete.Series.Season.1.2.3.4.5.6.7.8.x264.720p/Season 8/GoT.S08E04.The.Last.of.the.Starks.720p.mkv') bytes=721475502 elapsed_seconds=187.384
2026-07-02T17:58:01.531 thread=140298646705856 event=copy.file.start operation='copy' source=PosixPath('/home/xircon/dmnts/twotb/Downloads/Completed/Game.of.Thrones.Complete.Series.Season.1.2.3.4.5.6.7.8.x264.720p/Season 8/GoT.S08E02.A.Knight.of.the.Seven.Kingdoms.720p.mkv') target=PosixPath('/home/xircon/dmnts/htpc-mech/TV/Game.of.Thrones.Complete.Series.Season.1.2.3.4.5.6.7.8.x264.720p/Season 8/GoT.S08E02.A.Knight.of.the.Seven.Kingdoms.720p.mkv')
2026-07-02T18:00:16.610 thread=140298646705856 event=copy.file.done operation='copy' source=PosixPath('/home/xircon/dmnts/twotb/Downloads/Completed/Game.of.Thrones.Complete.Series.Season.1.2.3.4.5.6.7.8.x264.720p/Season 8/GoT.S08E02.A.Knight.of.the.Seven.Kingdoms.720p.mkv') target=PosixPath('/home/xircon/dmnts/htpc-mech/TV/Game.of.Thrones.Complete.Series.Season.1.2.3.4.5.6.7.8.x264.720p/Season 8/GoT.S08E02.A.Knight.of.the.Seven.Kingdoms.720p.mkv') bytes=523359221 elapsed_seconds=135.079
2026-07-02T18:00:16.619 thread=140298646705856 event=copy.file.start operation='copy' source=PosixPath('/home/xircon/dmnts/twotb/Downloads/Completed/Game.of.Thrones.Complete.Series.Season.1.2.3.4.5.6.7.8.x264.720p/Season 8/GoT.S08E06.The.Iron.Throne.720p.mkv') target=PosixPath('/home/xircon/dmnts/htpc-mech/TV/Game.of.Thrones.Complete.Series.Season.1.2.3.4.5.6.7.8.x264.720p/Season 8/GoT.S08E06.The.Iron.Throne.720p.mkv')
2026-07-02T18:03:40.214 thread=140298646705856 event=copy.file.done operation='copy' source=PosixPath('/home/xircon/dmnts/twotb/Downloads/Completed/Game.of.Thrones.Complete.Series.Season.1.2.3.4.5.6.7.8.x264.720p/Season 8/GoT.S08E06.The.Iron.Throne.720p.mkv') target=PosixPath('/home/xircon/dmnts/htpc-mech/TV/Game.of.Thrones.Complete.Series.Season.1.2.3.4.5.6.7.8.x264.720p/Season 8/GoT.S08E06.The.Iron.Throne.720p.mkv') bytes=790235355 elapsed_seconds=203.595
2026-07-02T18:03:40.350 thread=140298646705856 event=copy.file.start operation='copy' source=PosixPath('/home/xircon/dmnts/twotb/Downloads/Completed/Game.of.Thrones.Complete.Series.Season.1.2.3.4.5.6.7.8.x264.720p/Season 8/GoT.S08E05.The.Bells.720p.mkv') target=PosixPath('/home/xircon/dmnts/htpc-mech/TV/Game.of.Thrones.Complete.Series.Season.1.2.3.4.5.6.7.8.x264.720p/Season 8/GoT.S08E05.The.Bells.720p.mkv')
2026-07-02T18:07:18.092 thread=140298646705856 event=copy.file.done operation='copy' source=PosixPath('/home/xircon/dmnts/twotb/Downloads/Completed/Game.of.Thrones.Complete.Series.Season.1.2.3.4.5.6.7.8.x264.720p/Season 8/GoT.S08E05.The.Bells.720p.mkv') target=PosixPath('/home/xircon/dmnts/htpc-mech/TV/Game.of.Thrones.Complete.Series.Season.1.2.3.4.5.6.7.8.x264.720p/Season 8/GoT.S08E05.The.Bells.720p.mkv') bytes=981060910 elapsed_seconds=217.742
2026-07-02T18:07:18.109 thread=140298646705856 event=copy.file.start operation='copy' source=PosixPath('/home/xircon/dmnts/twotb/Downloads/Completed/Game.of.Thrones.Complete.Series.Season.1.2.3.4.5.6.7.8.x264.720p/Season 8/GoT.S08E01.Winterfell.720p.mkv') target=PosixPath('/home/xircon/dmnts/htpc-mech/TV/Game.of.Thrones.Complete.Series.Season.1.2.3.4.5.6.7.8.x264.720p/Season 8/GoT.S08E01.Winterfell.720p.mkv')
2026-07-02T18:09:40.048 thread=140298646705856 event=copy.file.done operation='copy' source=PosixPath('/home/xircon/dmnts/twotb/Downloads/Completed/Game.of.Thrones.Complete.Series.Season.1.2.3.4.5.6.7.8.x264.720p/Season 8/GoT.S08E01.Winterfell.720p.mkv') target=PosixPath('/home/xircon/dmnts/htpc-mech/TV/Game.of.Thrones.Complete.Series.Season.1.2.3.4.5.6.7.8.x264.720p/Season 8/GoT.S08E01.Winterfell.720p.mkv') bytes=563037437 elapsed_seconds=141.939
2026-07-02T18:09:40.058 thread=140298646705856 event=copy.file.start operation='copy' source=PosixPath('/home/xircon/dmnts/twotb/Downloads/Completed/Game.of.Thrones.Complete.Series.Season.1.2.3.4.5.6.7.8.x264.720p/Season 8/GoT.S08E03.The.Long.Night.720p.mkv') target=PosixPath('/home/xircon/dmnts/htpc-mech/TV/Game.of.Thrones.Complete.Series.Season.1.2.3.4.5.6.7.8.x264.720p/Season 8/GoT.S08E03.The.Long.Night.720p.mkv')
2026-07-02T18:13:28.340 thread=140298646705856 event=copy.file.done operation='copy' source=PosixPath('/home/xircon/dmnts/twotb/Downloads/Completed/Game.of.Thrones.Complete.Series.Season.1.2.3.4.5.6.7.8.x264.720p/Season 8/GoT.S08E03.The.Long.Night.720p.mkv') target=PosixPath('/home/xircon/dmnts/htpc-mech/TV/Game.of.Thrones.Complete.Series.Season.1.2.3.4.5.6.7.8.x264.720p/Season 8/GoT.S08E03.The.Long.Night.720p.mkv') bytes=906248143 elapsed_seconds=228.282
2026-07-02T18:13:28.354 thread=140298646705856 event=copy.file.start operation='copy' source=PosixPath('/home/xircon/dmnts/twotb/Downloads/Completed/Game.of.Thrones.Complete.Series.Season.1.2.3.4.5.6.7.8.x264.720p/Season 5/GoT.S05E08.Hardhome.720p.mkv') target=PosixPath('/home/xircon/dmnts/htpc-mech/TV/Game.of.Thrones.Complete.Series.Season.1.2.3.4.5.6.7.8.x264.720p/Season 5/GoT.S05E08.Hardhome.720p.mkv')
2026-07-02T18:15:43.560 thread=140298646705856 event=copy.file.done operation='copy' source=PosixPath('/home/xircon/dmnts/twotb/Downloads/Completed/Game.of.Thrones.Complete.Series.Season.1.2.3.4.5.6.7.8.x264.720p/Season 5/GoT.S05E08.Hardhome.720p.mkv') target=PosixPath('/home/xircon/dmnts/htpc-mech/TV/Game.of.Thrones.Complete.Series.Season.1.2.3.4.5.6.7.8.x264.720p/Season 5/GoT.S05E08.Hardhome.720p.mkv') bytes=688397770 elapsed_seconds=135.206
2026-07-02T18:15:43.569 thread=140298646705856 event=copy.file.start operation='copy' source=PosixPath('/home/xircon/dmnts/twotb/Downloads/Completed/Game.of.Thrones.Complete.Series.Season.1.2.3.4.5.6.7.8.x264.720p/Season 5/GoT.S05E02.The.House.Of.Black.And.White.720p.mkv') target=PosixPath('/home/xircon/dmnts/htpc-mech/TV/Game.of.Thrones.Complete.Series.Season.1.2.3.4.5.6.7.8.x264.720p/Season 5/GoT.S05E02.The.House.Of.Black.And.White.720p.mkv')
2026-07-02T18:16:22.015 thread=140299889445824 event=pane.filesystem_tint left=PosixPath('/home/xircon/dmnts/twotb/Downloads/Completed') right=PosixPath('/home/xircon/dmnts/htpc-mech/TV/Game.of.Thrones.Complete.Series.Season.1.2.3.4.5.6.7.8.x264.720p') left_fs=66309 right_fs=108 different=True
2026-07-02T18:16:48.963 thread=140299889445824 event=pane.filesystem_tint left=PosixPath('/home/xircon/dmnts/twotb/Downloads/Completed') right=PosixPath('/home/xircon/dmnts/htpc-mech/TV/Game.of.Thrones.Complete.Series.Season.1.2.3.4.5.6.7.8.x264.720p/Season 1') left_fs=66309 right_fs=108 different=True
2026-07-02T18:17:26.153 thread=140298646705856 event=copy.file.done operation='copy' source=PosixPath('/home/xircon/dmnts/twotb/Downloads/Completed/Game.of.Thrones.Complete.Series.Season.1.2.3.4.5.6.7.8.x264.720p/Season 5/GoT.S05E02.The.House.Of.Black.And.White.720p.mkv') target=PosixPath('/home/xircon/dmnts/htpc-mech/TV/Game.of.Thrones.Complete.Series.Season.1.2.3.4.5.6.7.8.x264.720p/Season 5/GoT.S05E02.The.House.Of.Black.And.White.720p.mkv') bytes=609255575 elapsed_seconds=102.584
2026-07-02T18:17:26.164 thread=140298646705856 event=copy.file.start operation='copy' source=PosixPath('/home/xircon/dmnts/twotb/Downloads/Completed/Game.of.Thrones.Complete.Series.Season.1.2.3.4.5.6.7.8.x264.720p/Season 5/GoT.S05E01.The.Wars.To.Come.720p.mkv') target=PosixPath('/home/xircon/dmnts/htpc-mech/TV/Game.of.Thrones.Complete.Series.Season.1.2.3.4.5.6.7.8.x264.720p/Season 5/GoT.S05E01.The.Wars.To.Come.720p.mkv')
2026-07-02T18:18:56.221 thread=140298646705856 event=copy.file.done operation='copy' source=PosixPath('/home/xircon/dmnts/twotb/Downloads/Completed/Game.of.Thrones.Complete.Series.Season.1.2.3.4.5.6.7.8.x264.720p/Season 5/GoT.S05E01.The.Wars.To.Come.720p.mkv') target=PosixPath('/home/xircon/dmnts/htpc-mech/TV/Game.of.Thrones.Complete.Series.Season.1.2.3.4.5.6.7.8.x264.720p/Season 5/GoT.S05E01.The.Wars.To.Come.720p.mkv') bytes=489763644 elapsed_seconds=90.058
2026-07-02T18:18:56.230 thread=140298646705856 event=copy.file.start operation='copy' source=PosixPath('/home/xircon/dmnts/twotb/Downloads/Completed/Game.of.Thrones.Complete.Series.Season.1.2.3.4.5.6.7.8.x264.720p/Season 5/GoT.S05E03.High.Sparrow.720p.mkv') target=PosixPath('/home/xircon/dmnts/htpc-mech/TV/Game.of.Thrones.Complete.Series.Season.1.2.3.4.5.6.7.8.x264.720p/Season 5/GoT.S05E03.High.Sparrow.720p.mkv')
2026-07-02T18:20:57.300 thread=140298646705856 event=copy.file.done operation='copy' source=PosixPath('/home/xircon/dmnts/twotb/Downloads/Completed/Game.of.Thrones.Complete.Series.Season.1.2.3.4.5.6.7.8.x264.720p/Season 5/GoT.S05E03.High.Sparrow.720p.mkv') target=PosixPath('/home/xircon/dmnts/htpc-mech/TV/Game.of.Thrones.Complete.Series.Season.1.2.3.4.5.6.7.8.x264.720p/Season 5/GoT.S05E03.High.Sparrow.720p.mkv') bytes=547363581 elapsed_seconds=121.07
2026-07-02T18:20:57.315 thread=140298646705856 event=copy.file.start operation='copy' source=PosixPath('/home/xircon/dmnts/twotb/Downloads/Completed/Game.of.Thrones.Complete.Series.Season.1.2.3.4.5.6.7.8.x264.720p/Season 5/GoT.S05E09.The.Dance.Of.Dragons.720p.mkv') target=PosixPath('/home/xircon/dmnts/htpc-mech/TV/Game.of.Thrones.Complete.Series.Season.1.2.3.4.5.6.7.8.x264.720p/Season 5/GoT.S05E09.The.Dance.Of.Dragons.720p.mkv')
2026-07-02T18:23:04.981 thread=140298646705856 event=copy.file.done operation='copy' source=PosixPath('/home/xircon/dmnts/twotb/Downloads/Completed/Game.of.Thrones.Complete.Series.Season.1.2.3.4.5.6.7.8.x264.720p/Season 5/GoT.S05E09.The.Dance.Of.Dragons.720p.mkv') target=PosixPath('/home/xircon/dmnts/htpc-mech/TV/Game.of.Thrones.Complete.Series.Season.1.2.3.4.5.6.7.8.x264.720p/Season 5/GoT.S05E09.The.Dance.Of.Dragons.720p.mkv') bytes=705874279 elapsed_seconds=127.666
2026-07-02T18:23:04.989 thread=140298646705856 event=copy.file.start operation='copy' source=PosixPath("/home/xircon/dmnts/twotb/Downloads/Completed/Game.of.Thrones.Complete.Series.Season.1.2.3.4.5.6.7.8.x264.720p/Season 5/GoT.S05E10.Mother's.Mercy.720p.mkv") target=PosixPath("/home/xircon/dmnts/htpc-mech/TV/Game.of.Thrones.Complete.Series.Season.1.2.3.4.5.6.7.8.x264.720p/Season 5/GoT.S05E10.Mother's.Mercy.720p.mkv")
2026-07-02T18:25:28.141 thread=140298646705856 event=copy.file.done operation='copy' source=PosixPath("/home/xircon/dmnts/twotb/Downloads/Completed/Game.of.Thrones.Complete.Series.Season.1.2.3.4.5.6.7.8.x264.720p/Season 5/GoT.S05E10.Mother's.Mercy.720p.mkv") target=PosixPath("/home/xircon/dmnts/htpc-mech/TV/Game.of.Thrones.Complete.Series.Season.1.2.3.4.5.6.7.8.x264.720p/Season 5/GoT.S05E10.Mother's.Mercy.720p.mkv") bytes=630213394 elapsed_seconds=143.151
2026-07-02T18:25:28.150 thread=140298646705856 event=copy.file.start operation='copy' source=PosixPath('/home/xircon/dmnts/twotb/Downloads/Completed/Game.of.Thrones.Complete.Series.Season.1.2.3.4.5.6.7.8.x264.720p/Season 5/GoT.S05E06.Unbowed.Unbent.Unbroken.720p.mkv') target=PosixPath('/home/xircon/dmnts/htpc-mech/TV/Game.of.Thrones.Complete.Series.Season.1.2.3.4.5.6.7.8.x264.720p/Season 5/GoT.S05E06.Unbowed.Unbent.Unbroken.720p.mkv')
2026-07-02T18:27:00.067 thread=140298646705856 event=copy.file.done operation='copy' source=PosixPath('/home/xircon/dmnts/twotb/Downloads/Completed/Game.of.Thrones.Complete.Series.Season.1.2.3.4.5.6.7.8.x264.720p/Season 5/GoT.S05E06.Unbowed.Unbent.Unbroken.720p.mkv') target=PosixPath('/home/xircon/dmnts/htpc-mech/TV/Game.of.Thrones.Complete.Series.Season.1.2.3.4.5.6.7.8.x264.720p/Season 5/GoT.S05E06.Unbowed.Unbent.Unbroken.720p.mkv') bytes=551529279 elapsed_seconds=91.917
2026-07-02T18:27:00.078 thread=140298646705856 event=copy.file.start operation='copy' source=PosixPath('/home/xircon/dmnts/twotb/Downloads/Completed/Game.of.Thrones.Complete.Series.Season.1.2.3.4.5.6.7.8.x264.720p/Season 5/GoT.S05E04.Sons.Of.The.Harpy.720p.mkv') target=PosixPath('/home/xircon/dmnts/htpc-mech/TV/Game.of.Thrones.Complete.Series.Season.1.2.3.4.5.6.7.8.x264.720p/Season 5/GoT.S05E04.Sons.Of.The.Harpy.720p.mkv')
2026-07-02T18:28:31.710 thread=140298646705856 event=copy.file.done operation='copy' source=PosixPath('/home/xircon/dmnts/twotb/Downloads/Completed/Game.of.Thrones.Complete.Series.Season.1.2.3.4.5.6.7.8.x264.720p/Season 5/GoT.S05E04.Sons.Of.The.Harpy.720p.mkv') target=PosixPath('/home/xircon/dmnts/htpc-mech/TV/Game.of.Thrones.Complete.Series.Season.1.2.3.4.5.6.7.8.x264.720p/Season 5/GoT.S05E04.Sons.Of.The.Harpy.720p.mkv') bytes=561765648 elapsed_seconds=91.633
2026-07-02T18:28:31.727 thread=140298646705856 event=copy.file.start operation='copy' source=PosixPath('/home/xircon/dmnts/twotb/Downloads/Completed/Game.of.Thrones.Complete.Series.Season.1.2.3.4.5.6.7.8.x264.720p/Season 5/GoT.S05E07.The.Gift.720p.mkv') target=PosixPath('/home/xircon/dmnts/htpc-mech/TV/Game.of.Thrones.Complete.Series.Season.1.2.3.4.5.6.7.8.x264.720p/Season 5/GoT.S05E07.The.Gift.720p.mkv')
2026-07-02T18:30:08.059 thread=140298646705856 event=copy.file.done operation='copy' source=PosixPath('/home/xircon/dmnts/twotb/Downloads/Completed/Game.of.Thrones.Complete.Series.Season.1.2.3.4.5.6.7.8.x264.720p/Season 5/GoT.S05E07.The.Gift.720p.mkv') target=PosixPath('/home/xircon/dmnts/htpc-mech/TV/Game.of.Thrones.Complete.Series.Season.1.2.3.4.5.6.7.8.x264.720p/Season 5/GoT.S05E07.The.Gift.720p.mkv') bytes=581831954 elapsed_seconds=96.332
2026-07-02T18:30:08.079 thread=140298646705856 event=copy.file.start operation='copy' source=PosixPath('/home/xircon/dmnts/twotb/Downloads/Completed/Game.of.Thrones.Complete.Series.Season.1.2.3.4.5.6.7.8.x264.720p/Season 5/GoT.S05E05.Kill.The.Boy.720p.mkv') target=PosixPath('/home/xircon/dmnts/htpc-mech/TV/Game.of.Thrones.Complete.Series.Season.1.2.3.4.5.6.7.8.x264.720p/Season 5/GoT.S05E05.Kill.The.Boy.720p.mkv')
2026-07-02T18:31:28.520 thread=140298646705856 event=copy.file.done operation='copy' source=PosixPath('/home/xircon/dmnts/twotb/Downloads/Completed/Game.of.Thrones.Complete.Series.Season.1.2.3.4.5.6.7.8.x264.720p/Season 5/GoT.S05E05.Kill.The.Boy.720p.mkv') target=PosixPath('/home/xircon/dmnts/htpc-mech/TV/Game.of.Thrones.Complete.Series.Season.1.2.3.4.5.6.7.8.x264.720p/Season 5/GoT.S05E05.Kill.The.Boy.720p.mkv') bytes=485453542 elapsed_seconds=80.441
2026-07-02T18:31:28.538 thread=140298646705856 event=copy.file.start operation='copy' source=PosixPath('/home/xircon/dmnts/twotb/Downloads/Completed/Game.of.Thrones.Complete.Series.Season.1.2.3.4.5.6.7.8.x264.720p/Season 4/GoT.S04E02.The.Lion.and.The.Rose.720p.mkv') target=PosixPath('/home/xircon/dmnts/htpc-mech/TV/Game.of.Thrones.Complete.Series.Season.1.2.3.4.5.6.7.8.x264.720p/Season 4/GoT.S04E02.The.Lion.and.The.Rose.720p.mkv')
2026-07-02T18:33:34.205 thread=140298646705856 event=copy.file.done operation='copy' source=PosixPath('/home/xircon/dmnts/twotb/Downloads/Completed/Game.of.Thrones.Complete.Series.Season.1.2.3.4.5.6.7.8.x264.720p/Season 4/GoT.S04E02.The.Lion.and.The.Rose.720p.mkv') target=PosixPath('/home/xircon/dmnts/htpc-mech/TV/Game.of.Thrones.Complete.Series.Season.1.2.3.4.5.6.7.8.x264.720p/Season 4/GoT.S04E02.The.Lion.and.The.Rose.720p.mkv') bytes=666613333 elapsed_seconds=125.668
2026-07-02T18:33:34.218 thread=140298646705856 event=copy.file.start operation='copy' source=PosixPath('/home/xircon/dmnts/twotb/Downloads/Completed/Game.of.Thrones.Complete.Series.Season.1.2.3.4.5.6.7.8.x264.720p/Season 4/GoT.S04E07.Mockingbird.720p.mkv') target=PosixPath('/home/xircon/dmnts/htpc-mech/TV/Game.of.Thrones.Complete.Series.Season.1.2.3.4.5.6.7.8.x264.720p/Season 4/GoT.S04E07.Mockingbird.720p.mkv')
2026-07-02T18:34:55.257 thread=140298646705856 event=copy.file.done operation='copy' source=PosixPath('/home/xircon/dmnts/twotb/Downloads/Completed/Game.of.Thrones.Complete.Series.Season.1.2.3.4.5.6.7.8.x264.720p/Season 4/GoT.S04E07.Mockingbird.720p.mkv') target=PosixPath('/home/xircon/dmnts/htpc-mech/TV/Game.of.Thrones.Complete.Series.Season.1.2.3.4.5.6.7.8.x264.720p/Season 4/GoT.S04E07.Mockingbird.720p.mkv') bytes=470876545 elapsed_seconds=81.04
2026-07-02T18:34:55.276 thread=140298646705856 event=copy.file.start operation='copy' source=PosixPath('/home/xircon/dmnts/twotb/Downloads/Completed/Game.of.Thrones.Complete.Series.Season.1.2.3.4.5.6.7.8.x264.720p/Season 4/GoT.S04E05.First.of.His.Name.720p.mkv') target=PosixPath('/home/xircon/dmnts/htpc-mech/TV/Game.of.Thrones.Complete.Series.Season.1.2.3.4.5.6.7.8.x264.720p/Season 4/GoT.S04E05.First.of.His.Name.720p.mkv')
2026-07-02T18:36:34.223 thread=140298646705856 event=copy.file.done operation='copy' source=PosixPath('/home/xircon/dmnts/twotb/Downloads/Completed/Game.of.Thrones.Complete.Series.Season.1.2.3.4.5.6.7.8.x264.720p/Season 4/GoT.S04E05.First.of.His.Name.720p.mkv') target=PosixPath('/home/xircon/dmnts/htpc-mech/TV/Game.of.Thrones.Complete.Series.Season.1.2.3.4.5.6.7.8.x264.720p/Season 4/GoT.S04E05.First.of.His.Name.720p.mkv') bytes=527464013 elapsed_seconds=98.948
2026-07-02T18:36:34.435 thread=140298646705856 event=copy.file.start operation='copy' source=PosixPath('/home/xircon/dmnts/twotb/Downloads/Completed/Game.of.Thrones.Complete.Series.Season.1.2.3.4.5.6.7.8.x264.720p/Season 4/GoT.S04E08.The.Mountain.and.the.Viper.720p.mkv') target=PosixPath('/home/xircon/dmnts/htpc-mech/TV/Game.of.Thrones.Complete.Series.Season.1.2.3.4.5.6.7.8.x264.720p/Season 4/GoT.S04E08.The.Mountain.and.the.Viper.720p.mkv')
2026-07-02T18:38:00.156 thread=140298646705856 event=copy.file.done operation='copy' source=PosixPath('/home/xircon/dmnts/twotb/Downloads/Completed/Game.of.Thrones.Complete.Series.Season.1.2.3.4.5.6.7.8.x264.720p/Season 4/GoT.S04E08.The.Mountain.and.the.Viper.720p.mkv') target=PosixPath('/home/xircon/dmnts/htpc-mech/TV/Game.of.Thrones.Complete.Series.Season.1.2.3.4.5.6.7.8.x264.720p/Season 4/GoT.S04E08.The.Mountain.and.the.Viper.720p.mkv') bytes=506771645 elapsed_seconds=85.721
2026-07-02T18:38:00.166 thread=140298646705856 event=copy.file.start operation='copy' source=PosixPath('/home/xircon/dmnts/twotb/Downloads/Completed/Game.of.Thrones.Complete.Series.Season.1.2.3.4.5.6.7.8.x264.720p/Season 4/GoT.S04E06.The.Laws.of.Gods.and.Men.720p.mkv') target=PosixPath('/home/xircon/dmnts/htpc-mech/TV/Game.of.Thrones.Complete.Series.Season.1.2.3.4.5.6.7.8.x264.720p/Season 4/GoT.S04E06.The.Laws.of.Gods.and.Men.720p.mkv')
2026-07-02T18:39:40.429 thread=140298646705856 event=copy.file.done operation='copy' source=PosixPath('/home/xircon/dmnts/twotb/Downloads/Completed/Game.of.Thrones.Complete.Series.Season.1.2.3.4.5.6.7.8.x264.720p/Season 4/GoT.S04E06.The.Laws.of.Gods.and.Men.720p.mkv') target=PosixPath('/home/xircon/dmnts/htpc-mech/TV/Game.of.Thrones.Complete.Series.Season.1.2.3.4.5.6.7.8.x264.720p/Season 4/GoT.S04E06.The.Laws.of.Gods.and.Men.720p.mkv') bytes=451046664 elapsed_seconds=100.264
2026-07-02T18:39:40.443 thread=140298646705856 event=copy.file.start operation='copy' source=PosixPath('/home/xircon/dmnts/twotb/Downloads/Completed/Game.of.Thrones.Complete.Series.Season.1.2.3.4.5.6.7.8.x264.720p/Season 4/GoT.S04E03.Breaker.of.Chains.720p.mkv') target=PosixPath('/home/xircon/dmnts/htpc-mech/TV/Game.of.Thrones.Complete.Series.Season.1.2.3.4.5.6.7.8.x264.720p/Season 4/GoT.S04E03.Breaker.of.Chains.720p.mkv')
2026-07-02T18:41:07.063 thread=140298646705856 event=copy.file.done operation='copy' source=PosixPath('/home/xircon/dmnts/twotb/Downloads/Completed/Game.of.Thrones.Complete.Series.Season.1.2.3.4.5.6.7.8.x264.720p/Season 4/GoT.S04E03.Breaker.of.Chains.720p.mkv') target=PosixPath('/home/xircon/dmnts/htpc-mech/TV/Game.of.Thrones.Complete.Series.Season.1.2.3.4.5.6.7.8.x264.720p/Season 4/GoT.S04E03.Breaker.of.Chains.720p.mkv') bytes=516618169 elapsed_seconds=86.62
2026-07-02T18:41:07.082 thread=140298646705856 event=copy.file.start operation='copy' source=PosixPath('/home/xircon/dmnts/twotb/Downloads/Completed/Game.of.Thrones.Complete.Series.Season.1.2.3.4.5.6.7.8.x264.720p/Season 4/GoT.S04E10.The.Children.720p.mkv') target=PosixPath('/home/xircon/dmnts/htpc-mech/TV/Game.of.Thrones.Complete.Series.Season.1.2.3.4.5.6.7.8.x264.720p/Season 4/GoT.S04E10.The.Children.720p.mkv')
2026-07-02T18:43:02.740 thread=140298646705856 event=copy.file.done operation='copy' source=PosixPath('/home/xircon/dmnts/twotb/Downloads/Completed/Game.of.Thrones.Complete.Series.Season.1.2.3.4.5.6.7.8.x264.720p/Season 4/GoT.S04E10.The.Children.720p.mkv') target=PosixPath('/home/xircon/dmnts/htpc-mech/TV/Game.of.Thrones.Complete.Series.Season.1.2.3.4.5.6.7.8.x264.720p/Season 4/GoT.S04E10.The.Children.720p.mkv') bytes=667416093 elapsed_seconds=115.658
2026-07-02T18:43:02.757 thread=140298646705856 event=copy.file.start operation='copy' source=PosixPath('/home/xircon/dmnts/twotb/Downloads/Completed/Game.of.Thrones.Complete.Series.Season.1.2.3.4.5.6.7.8.x264.720p/Season 4/GoT.S04E04.Oathkeeper.720p.mkv') target=PosixPath('/home/xircon/dmnts/htpc-mech/TV/Game.of.Thrones.Complete.Series.Season.1.2.3.4.5.6.7.8.x264.720p/Season 4/GoT.S04E04.Oathkeeper.720p.mkv')
2026-07-02T18:44:26.681 thread=140298646705856 event=copy.file.done operation='copy' source=PosixPath('/home/xircon/dmnts/twotb/Downloads/Completed/Game.of.Thrones.Complete.Series.Season.1.2.3.4.5.6.7.8.x264.720p/Season 4/GoT.S04E04.Oathkeeper.720p.mkv') target=PosixPath('/home/xircon/dmnts/htpc-mech/TV/Game.of.Thrones.Complete.Series.Season.1.2.3.4.5.6.7.8.x264.720p/Season 4/GoT.S04E04.Oathkeeper.720p.mkv') bytes=545682815 elapsed_seconds=83.924
2026-07-02T18:44:26.710 thread=140298646705856 event=copy.file.start operation='copy' source=PosixPath('/home/xircon/dmnts/twotb/Downloads/Completed/Game.of.Thrones.Complete.Series.Season.1.2.3.4.5.6.7.8.x264.720p/Season 4/GoT.S04E01.Two.Swords.720p.mkv') target=PosixPath('/home/xircon/dmnts/htpc-mech/TV/Game.of.Thrones.Complete.Series.Season.1.2.3.4.5.6.7.8.x264.720p/Season 4/GoT.S04E01.Two.Swords.720p.mkv')
2026-07-02T18:46:14.155 thread=140298646705856 event=copy.file.done operation='copy' source=PosixPath('/home/xircon/dmnts/twotb/Downloads/Completed/Game.of.Thrones.Complete.Series.Season.1.2.3.4.5.6.7.8.x264.720p/Season 4/GoT.S04E01.Two.Swords.720p.mkv') target=PosixPath('/home/xircon/dmnts/htpc-mech/TV/Game.of.Thrones.Complete.Series.Season.1.2.3.4.5.6.7.8.x264.720p/Season 4/GoT.S04E01.Two.Swords.720p.mkv') bytes=642354331 elapsed_seconds=107.445
2026-07-02T18:46:14.167 thread=140298646705856 event=copy.file.start operation='copy' source=PosixPath('/home/xircon/dmnts/twotb/Downloads/Completed/Game.of.Thrones.Complete.Series.Season.1.2.3.4.5.6.7.8.x264.720p/Season 4/GoT.S04E09.The.Watchers.on.the.Wall.720p.mkv') target=PosixPath('/home/xircon/dmnts/htpc-mech/TV/Game.of.Thrones.Complete.Series.Season.1.2.3.4.5.6.7.8.x264.720p/Season 4/GoT.S04E09.The.Watchers.on.the.Wall.720p.mkv')
2026-07-02T18:47:51.611 thread=140298646705856 event=copy.file.done operation='copy' source=PosixPath('/home/xircon/dmnts/twotb/Downloads/Completed/Game.of.Thrones.Complete.Series.Season.1.2.3.4.5.6.7.8.x264.720p/Season 4/GoT.S04E09.The.Watchers.on.the.Wall.720p.mkv') target=PosixPath('/home/xircon/dmnts/htpc-mech/TV/Game.of.Thrones.Complete.Series.Season.1.2.3.4.5.6.7.8.x264.720p/Season 4/GoT.S04E09.The.Watchers.on.the.Wall.720p.mkv') bytes=557681827 elapsed_seconds=97.444
2026-07-02T18:47:51.640 thread=140298646705856 event=copy.directory.done operation='copy' source=PosixPath('/home/xircon/dmnts/twotb/Downloads/Completed/Game.of.Thrones.Complete.Series.Season.1.2.3.4.5.6.7.8.x264.720p') target=PosixPath('/home/xircon/dmnts/htpc-mech/TV/Game.of.Thrones.Complete.Series.Season.1.2.3.4.5.6.7.8.x264.720p') elapsed_seconds=10123.938
2026-07-02T18:47:51.640 thread=140298646705856 event=operation.target.done operation='copy' source=PosixPath('/home/xircon/dmnts/twotb/Downloads/Completed/Game.of.Thrones.Complete.Series.Season.1.2.3.4.5.6.7.8.x264.720p') target=PosixPath('/home/xircon/dmnts/htpc-mech/TV/Game.of.Thrones.Complete.Series.Season.1.2.3.4.5.6.7.8.x264.720p') done_bytes=43918568641
2026-07-02T18:47:51.641 thread=140298646705856 event=operation.worker.done operation='copy' completed=1 elapsed_seconds=10123.955 done_bytes=43918568641
2026-07-02T18:47:51.643 thread=140299889445824 event=operation.completed.signal pane='Right' operation='copy' completed=1
2026-07-02T18:47:51.646 thread=140299889445824 event=operation.end active=0 queued=0
2026-07-02T18:47:51.646 thread=140299889445824 event=operation.finish pane='Right' operation='copy' completed=1 warning=None
2026-07-02T20:49:10.188 thread=140299889445824 event=app.close.request active_file_operations=0 queued=0
2026-07-02T20:49:10.201 thread=140299889445824 event=app.close.accepted
2026-07-02T20:49:12.859 thread=140407465429952 event=logging.enabled path=PosixPath('/home/xircon/dmnts/twotb/scripts/pyside/fm/fm.log') version='1.08'
2026-07-02T20:49:12.859 thread=140407465429952 event=app.start version='1.08'
2026-07-02T20:49:13.188 thread=140407465429952 event=pane.filesystem_tint left=PosixPath('/home/xircon/dmnts/twotb/Downloads/Completed') right=PosixPath('/home/xircon') left_fs=66309 right_fs=66306 different=True
2026-07-02T20:49:13.230 thread=140407465429952 event=pane.filesystem_tint left=PosixPath('/home/xircon/dmnts/twotb/Downloads/Completed') right=PosixPath('/home/xircon/dmnts/htpc-mech/TV/Game.of.Thrones.Complete.Series.Season.1.2.3.4.5.6.7.8.x264.720p/Season 1') left_fs=66309 right_fs=108 different=True
2026-07-02T20:49:13.586 thread=140407465429952 event=pane.filesystem_tint left=PosixPath('/home/xircon/dmnts/twotb/Downloads/Completed') right=PosixPath('/home/xircon/dmnts/htpc-mech/TV/Game.of.Thrones.Complete.Series.Season.1.2.3.4.5.6.7.8.x264.720p/Season 1') left_fs=66309 right_fs=108 different=True
2026-07-02T20:49:13.599 thread=140407465429952 event=pane.filesystem_tint left=PosixPath('/home/xircon/dmnts/twotb/Downloads/Completed') right=PosixPath('/home/xircon/dmnts/htpc-mech/TV/Game.of.Thrones.Complete.Series.Season.1.2.3.4.5.6.7.8.x264.720p/Season 1') left_fs=66309 right_fs=108 different=True
2026-07-02T20:49:13.894 thread=140407465429952 event=pane.filesystem_tint left=PosixPath('/home/xircon/dmnts/twotb/Downloads/Completed') right=PosixPath('/home/xircon/dmnts/htpc-mech/TV/Game.of.Thrones.Complete.Series.Season.1.2.3.4.5.6.7.8.x264.720p/Season 1') left_fs=66309 right_fs=108 different=True
2026-07-02T20:49:13.900 thread=140407465429952 event=pane.filesystem_tint left=PosixPath('/home/xircon/dmnts/twotb/Downloads/Completed') right=PosixPath('/home/xircon/dmnts/htpc-mech/TV/Game.of.Thrones.Complete.Series.Season.1.2.3.4.5.6.7.8.x264.720p/Season 1') left_fs=66309 right_fs=108 different=True
2026-07-02T20:49:14.403 thread=140407465429952 event=side_panel.width.restore width=151 actual=151
2026-07-02T20:49:14.417 thread=140407465429952 event=side_panel.width.restore width=151 actual=151
2026-07-02T20:49:14.417 thread=140407465429952 event=side_panel.width.restore width=151 actual=151
2026-07-02T20:49:14.462 thread=140407465429952 event=side_panel.width.restore width=151 actual=151
2026-07-02T20:49:14.462 thread=140407465429952 event=side_panel.width.restore width=151 actual=151
2026-07-02T20:49:14.463 thread=140407465429952 event=side_panel.width.restore width=151 actual=151
2026-07-02T20:49:14.463 thread=140407465429952 event=side_panel.width.restore width=151 actual=151
2026-07-02T20:49:14.463 thread=140407465429952 event=side_panel.width.restore width=151 actual=151
2026-07-02T20:49:14.463 thread=140407465429952 event=side_panel.width.restore width=151 actual=151
2026-07-02T20:49:14.463 thread=140407465429952 event=side_panel.width.restore width=151 actual=151
2026-07-02T20:49:14.463 thread=140407465429952 event=side_panel.width.restore width=151 actual=151
2026-07-02T20:49:14.463 thread=140407465429952 event=side_panel.width.restore width=151 actual=151
2026-07-02T20:49:14.573 thread=140407465429952 event=side_panel.width.restore width=151 actual=151
2026-07-02T20:49:14.762 thread=140407465429952 event=side_panel.width.restore_finished width=151 actual=151
2026-07-02T20:49:14.837 thread=140407465429952 event=side_panel.width.restore width=151 actual=151
2026-07-02T20:49:14.837 thread=140407465429952 event=side_panel.width.restore width=151 actual=151
2026-07-02T20:49:15.137 thread=140407465429952 event=side_panel.width.restore_finished width=151 actual=151
2026-07-02T20:49:15.137 thread=140407465429952 event=side_panel.width.restore_finished width=151 actual=151
2026-07-02T20:56:20.286 thread=140407465429952 event=pane.filesystem_tint left=PosixPath('/home/xircon/dmnts/twotb/Downloads/Completed') right=PosixPath('/home/xircon/dmnts/htpc-mech/TV') left_fs=66309 right_fs=108 different=True
2026-07-02T20:56:28.256 thread=140407465429952 event=pane.filesystem_tint left=PosixPath('/home/xircon/dmnts/twotb/Downloads/Completed') right=PosixPath('/home/xircon/dmnts/htpc-mech/TV/The Witcher - Season 4') left_fs=66309 right_fs=108 different=True
2026-07-02T20:56:32.268 thread=140407465429952 event=pane.filesystem_tint left=PosixPath('/home/xircon/dmnts/twotb/Downloads/Completed') right=PosixPath('/home/xircon/dmnts/htpc-mech/TV') left_fs=66309 right_fs=108 different=True
2026-07-02T22:44:55.930 thread=140407465429952 event=drag.start pane='Left' count=1 paths=['/home/xircon/dmnts/twotb/Downloads/Completed/The.Witcher.S01.COMPLETE.720p.NF.WEBRip.x264-GalaxyTV[TGx]']
2026-07-02T22:44:57.281 thread=140407465429952 event=drop.received pane='Left' action='DropAction.CopyAction' paths=['/home/xircon/dmnts/twotb/Downloads/Completed/The.Witcher.S01.COMPLETE.720p.NF.WEBRip.x264-GalaxyTV[TGx]'] destination=PosixPath('/home/xircon/dmnts/twotb/Downloads/Completed/The.Witcher.S01.COMPLETE.720p.NF.WEBRip.x264-GalaxyTV[TGx]')
2026-07-02T22:44:57.281 thread=140407465429952 event=drop.filtered.same_destination pane='Left' path=PosixPath('/home/xircon/dmnts/twotb/Downloads/Completed/The.Witcher.S01.COMPLETE.720p.NF.WEBRip.x264-GalaxyTV[TGx]') destination=PosixPath('/home/xircon/dmnts/twotb/Downloads/Completed/The.Witcher.S01.COMPLETE.720p.NF.WEBRip.x264-GalaxyTV[TGx]')
2026-07-02T22:44:57.281 thread=140407465429952 event=drop.ignored.filtered_all pane='Left' destination=PosixPath('/home/xircon/dmnts/twotb/Downloads/Completed/The.Witcher.S01.COMPLETE.720p.NF.WEBRip.x264-GalaxyTV[TGx]')
2026-07-02T22:44:57.282 thread=140407465429952 event=drag.done pane='Left' count=1
2026-07-02T22:45:23.630 thread=140407465429952 event=drag.start pane='Left' count=3 paths=['/home/xircon/dmnts/twotb/Downloads/Completed/The.Witcher.S01.COMPLETE.720p.NF.WEBRip.x264-GalaxyTV[TGx]', '/home/xircon/dmnts/twotb/Downloads/Completed/The.Witcher.S02.COMPLETE.720p.NF.WEBRip.x264-GalaxyTV[TGx]', '/home/xircon/dmnts/twotb/Downloads/Completed/The.Witcher.S03.COMPLETE.720p.WEBRip.x264-GalaxyTV[TGx]']
2026-07-02T22:45:26.522 thread=140407465429952 event=drop.received pane='Left' action='DropAction.CopyAction' paths=['/home/xircon/dmnts/twotb/Downloads/Completed/The.Witcher.S01.COMPLETE.720p.NF.WEBRip.x264-GalaxyTV[TGx]', '/home/xircon/dmnts/twotb/Downloads/Completed/The.Witcher.S02.COMPLETE.720p.NF.WEBRip.x264-GalaxyTV[TGx]', '/home/xircon/dmnts/twotb/Downloads/Completed/The.Witcher.S03.COMPLETE.720p.WEBRip.x264-GalaxyTV[TGx]'] destination=PosixPath('/home/xircon/dmnts/twotb/Downloads/Completed/zz-TV')
2026-07-02T22:45:26.522 thread=140407465429952 event=drop.copy pane='Left' count=3 destination=PosixPath('/home/xircon/dmnts/twotb/Downloads/Completed/zz-TV')
2026-07-02T22:45:26.522 thread=140407465429952 event=copy.request pane='Left' count=3 destination=PosixPath('/home/xircon/dmnts/twotb/Downloads/Completed/zz-TV') paths=['/home/xircon/dmnts/twotb/Downloads/Completed/The.Witcher.S01.COMPLETE.720p.NF.WEBRip.x264-GalaxyTV[TGx]', '/home/xircon/dmnts/twotb/Downloads/Completed/The.Witcher.S02.COMPLETE.720p.NF.WEBRip.x264-GalaxyTV[TGx]', '/home/xircon/dmnts/twotb/Downloads/Completed/The.Witcher.S03.COMPLETE.720p.WEBRip.x264-GalaxyTV[TGx]']
2026-07-02T22:45:26.523 thread=140407465429952 event=collision.none source=PosixPath('/home/xircon/dmnts/twotb/Downloads/Completed/The.Witcher.S01.COMPLETE.720p.NF.WEBRip.x264-GalaxyTV[TGx]') destination=PosixPath('/home/xircon/dmnts/twotb/Downloads/Completed/zz-TV/The.Witcher.S01.COMPLETE.720p.NF.WEBRip.x264-GalaxyTV[TGx]')
2026-07-02T22:45:26.523 thread=140407465429952 event=collision.none source=PosixPath('/home/xircon/dmnts/twotb/Downloads/Completed/The.Witcher.S02.COMPLETE.720p.NF.WEBRip.x264-GalaxyTV[TGx]') destination=PosixPath('/home/xircon/dmnts/twotb/Downloads/Completed/zz-TV/The.Witcher.S02.COMPLETE.720p.NF.WEBRip.x264-GalaxyTV[TGx]')
2026-07-02T22:45:26.523 thread=140407465429952 event=collision.none source=PosixPath('/home/xircon/dmnts/twotb/Downloads/Completed/The.Witcher.S03.COMPLETE.720p.WEBRip.x264-GalaxyTV[TGx]') destination=PosixPath('/home/xircon/dmnts/twotb/Downloads/Completed/zz-TV/The.Witcher.S03.COMPLETE.720p.WEBRip.x264-GalaxyTV[TGx]')
2026-07-02T22:45:26.523 thread=140407465429952 event=copy.start_dialog pane='Left' targets=[('/home/xircon/dmnts/twotb/Downloads/Completed/The.Witcher.S01.COMPLETE.720p.NF.WEBRip.x264-GalaxyTV[TGx]', '/home/xircon/dmnts/twotb/Downloads/Completed/zz-TV/The.Witcher.S01.COMPLETE.720p.NF.WEBRip.x264-GalaxyTV[TGx]'), ('/home/xircon/dmnts/twotb/Downloads/Completed/The.Witcher.S02.COMPLETE.720p.NF.WEBRip.x264-GalaxyTV[TGx]', '/home/xircon/dmnts/twotb/Downloads/Completed/zz-TV/The.Witcher.S02.COMPLETE.720p.NF.WEBRip.x264-GalaxyTV[TGx]'), ('/home/xircon/dmnts/twotb/Downloads/Completed/The.Witcher.S03.COMPLETE.720p.WEBRip.x264-GalaxyTV[TGx]', '/home/xircon/dmnts/twotb/Downloads/Completed/zz-TV/The.Witcher.S03.COMPLETE.720p.WEBRip.x264-GalaxyTV[TGx]')]
2026-07-02T22:45:26.523 thread=140407465429952 event=operation.dialog.create pane='Left' operation='copy' targets=3 title='Copying files...'
2026-07-02T22:45:26.523 thread=140407465429952 event=operation.begin active=1 queued=0
2026-07-02T22:45:26.528 thread=140407465429952 event=operation.thread.started pane='Left' operation='copy' targets=3
2026-07-02T22:45:26.528 thread=140406223550144 event=operation.worker.start operation='copy' targets=3
2026-07-02T22:45:26.529 thread=140407465429952 event=drag.done pane='Left' count=3
2026-07-02T22:45:26.530 thread=140406223550144 event=operation.worker.sized operation='copy' total_bytes=9844477027 total_units=150215
2026-07-02T22:45:26.530 thread=140406223550144 event=operation.target.start operation='copy' source=PosixPath('/home/xircon/dmnts/twotb/Downloads/Completed/The.Witcher.S01.COMPLETE.720p.NF.WEBRip.x264-GalaxyTV[TGx]') target=PosixPath('/home/xircon/dmnts/twotb/Downloads/Completed/zz-TV/The.Witcher.S01.COMPLETE.720p.NF.WEBRip.x264-GalaxyTV[TGx]')
2026-07-02T22:45:26.530 thread=140406223550144 event=copy.directory.start operation='copy' source=PosixPath('/home/xircon/dmnts/twotb/Downloads/Completed/The.Witcher.S01.COMPLETE.720p.NF.WEBRip.x264-GalaxyTV[TGx]') target=PosixPath('/home/xircon/dmnts/twotb/Downloads/Completed/zz-TV/The.Witcher.S01.COMPLETE.720p.NF.WEBRip.x264-GalaxyTV[TGx]')
2026-07-02T22:45:26.531 thread=140406223550144 event=copy.file.start operation='copy' source=PosixPath('/home/xircon/dmnts/twotb/Downloads/Completed/The.Witcher.S01.COMPLETE.720p.NF.WEBRip.x264-GalaxyTV[TGx]/The.Witcher.S01E01.720p.NF.WEBRip.x264-GalaxyTV.mkv') target=PosixPath('/home/xircon/dmnts/twotb/Downloads/Completed/zz-TV/The.Witcher.S01.COMPLETE.720p.NF.WEBRip.x264-GalaxyTV[TGx]/The.Witcher.S01E01.720p.NF.WEBRip.x264-GalaxyTV.mkv')
2026-07-02T22:45:27.651 thread=140406223550144 event=copy.file.done operation='copy' source=PosixPath('/home/xircon/dmnts/twotb/Downloads/Completed/The.Witcher.S01.COMPLETE.720p.NF.WEBRip.x264-GalaxyTV[TGx]/The.Witcher.S01E01.720p.NF.WEBRip.x264-GalaxyTV.mkv') target=PosixPath('/home/xircon/dmnts/twotb/Downloads/Completed/zz-TV/The.Witcher.S01.COMPLETE.720p.NF.WEBRip.x264-GalaxyTV[TGx]/The.Witcher.S01E01.720p.NF.WEBRip.x264-GalaxyTV.mkv') bytes=427426530 elapsed_seconds=1.12
2026-07-02T22:45:27.652 thread=140406223550144 event=copy.file.start operation='copy' source=PosixPath('/home/xircon/dmnts/twotb/Downloads/Completed/The.Witcher.S01.COMPLETE.720p.NF.WEBRip.x264-GalaxyTV[TGx]/The.Witcher.S01E08.720p.NF.WEBRip.x264-GalaxyTV.mkv') target=PosixPath('/home/xircon/dmnts/twotb/Downloads/Completed/zz-TV/The.Witcher.S01.COMPLETE.720p.NF.WEBRip.x264-GalaxyTV[TGx]/The.Witcher.S01E08.720p.NF.WEBRip.x264-GalaxyTV.mkv')
2026-07-02T22:45:29.183 thread=140406223550144 event=copy.file.done operation='copy' source=PosixPath('/home/xircon/dmnts/twotb/Downloads/Completed/The.Witcher.S01.COMPLETE.720p.NF.WEBRip.x264-GalaxyTV[TGx]/The.Witcher.S01E08.720p.NF.WEBRip.x264-GalaxyTV.mkv') target=PosixPath('/home/xircon/dmnts/twotb/Downloads/Completed/zz-TV/The.Witcher.S01.COMPLETE.720p.NF.WEBRip.x264-GalaxyTV[TGx]/The.Witcher.S01E08.720p.NF.WEBRip.x264-GalaxyTV.mkv') bytes=482454147 elapsed_seconds=1.531
2026-07-02T22:45:29.183 thread=140406223550144 event=copy.file.start operation='copy' source=PosixPath('/home/xircon/dmnts/twotb/Downloads/Completed/The.Witcher.S01.COMPLETE.720p.NF.WEBRip.x264-GalaxyTV[TGx]/The.Witcher.S01E06.720p.NF.WEBRip.x264-GalaxyTV.mkv') target=PosixPath('/home/xircon/dmnts/twotb/Downloads/Completed/zz-TV/The.Witcher.S01.COMPLETE.720p.NF.WEBRip.x264-GalaxyTV[TGx]/The.Witcher.S01E06.720p.NF.WEBRip.x264-GalaxyTV.mkv')
2026-07-02T22:45:34.352 thread=140406223550144 event=copy.file.done operation='copy' source=PosixPath('/home/xircon/dmnts/twotb/Downloads/Completed/The.Witcher.S01.COMPLETE.720p.NF.WEBRip.x264-GalaxyTV[TGx]/The.Witcher.S01E06.720p.NF.WEBRip.x264-GalaxyTV.mkv') target=PosixPath('/home/xircon/dmnts/twotb/Downloads/Completed/zz-TV/The.Witcher.S01.COMPLETE.720p.NF.WEBRip.x264-GalaxyTV[TGx]/The.Witcher.S01E06.720p.NF.WEBRip.x264-GalaxyTV.mkv') bytes=519675782 elapsed_seconds=5.169
2026-07-02T22:45:34.353 thread=140406223550144 event=copy.file.start operation='copy' source=PosixPath('/home/xircon/dmnts/twotb/Downloads/Completed/The.Witcher.S01.COMPLETE.720p.NF.WEBRip.x264-GalaxyTV[TGx]/[TGx]Downloaded from torrentgalaxy.to .txt') target=PosixPath('/home/xircon/dmnts/twotb/Downloads/Completed/zz-TV/The.Witcher.S01.COMPLETE.720p.NF.WEBRip.x264-GalaxyTV[TGx]/[TGx]Downloaded from torrentgalaxy.to .txt')
2026-07-02T22:45:34.353 thread=140406223550144 event=copy.file.done operation='copy' source=PosixPath('/home/xircon/dmnts/twotb/Downloads/Completed/The.Witcher.S01.COMPLETE.720p.NF.WEBRip.x264-GalaxyTV[TGx]/[TGx]Downloaded from torrentgalaxy.to .txt') target=PosixPath('/home/xircon/dmnts/twotb/Downloads/Completed/zz-TV/The.Witcher.S01.COMPLETE.720p.NF.WEBRip.x264-GalaxyTV[TGx]/[TGx]Downloaded from torrentgalaxy.to .txt') bytes=689 elapsed_seconds=0.001
2026-07-02T22:45:34.354 thread=140406223550144 event=copy.file.start operation='copy' source=PosixPath('/home/xircon/dmnts/twotb/Downloads/Completed/The.Witcher.S01.COMPLETE.720p.NF.WEBRip.x264-GalaxyTV[TGx]/The.Witcher.S01E05.720p.NF.WEBRip.x264-GalaxyTV.mkv') target=PosixPath('/home/xircon/dmnts/twotb/Downloads/Completed/zz-TV/The.Witcher.S01.COMPLETE.720p.NF.WEBRip.x264-GalaxyTV[TGx]/The.Witcher.S01E05.720p.NF.WEBRip.x264-GalaxyTV.mkv')
2026-07-02T22:45:35.213 thread=140406223550144 event=copy.file.done operation='copy' source=PosixPath('/home/xircon/dmnts/twotb/Downloads/Completed/The.Witcher.S01.COMPLETE.720p.NF.WEBRip.x264-GalaxyTV[TGx]/The.Witcher.S01E05.720p.NF.WEBRip.x264-GalaxyTV.mkv') target=PosixPath('/home/xircon/dmnts/twotb/Downloads/Completed/zz-TV/The.Witcher.S01.COMPLETE.720p.NF.WEBRip.x264-GalaxyTV[TGx]/The.Witcher.S01E05.720p.NF.WEBRip.x264-GalaxyTV.mkv') bytes=421310995 elapsed_seconds=0.859
2026-07-02T22:45:35.213 thread=140406223550144 event=copy.file.start operation='copy' source=PosixPath('/home/xircon/dmnts/twotb/Downloads/Completed/The.Witcher.S01.COMPLETE.720p.NF.WEBRip.x264-GalaxyTV[TGx]/The.Witcher.S01E04.720p.NF.WEBRip.x264-GalaxyTV.mkv') target=PosixPath('/home/xircon/dmnts/twotb/Downloads/Completed/zz-TV/The.Witcher.S01.COMPLETE.720p.NF.WEBRip.x264-GalaxyTV[TGx]/The.Witcher.S01E04.720p.NF.WEBRip.x264-GalaxyTV.mkv')
2026-07-02T22:45:36.115 thread=140406223550144 event=copy.file.done operation='copy' source=PosixPath('/home/xircon/dmnts/twotb/Downloads/Completed/The.Witcher.S01.COMPLETE.720p.NF.WEBRip.x264-GalaxyTV[TGx]/The.Witcher.S01E04.720p.NF.WEBRip.x264-GalaxyTV.mkv') target=PosixPath('/home/xircon/dmnts/twotb/Downloads/Completed/zz-TV/The.Witcher.S01.COMPLETE.720p.NF.WEBRip.x264-GalaxyTV[TGx]/The.Witcher.S01E04.720p.NF.WEBRip.x264-GalaxyTV.mkv') bytes=452299625 elapsed_seconds=0.902
2026-07-02T22:45:36.116 thread=140406223550144 event=copy.file.start operation='copy' source=PosixPath('/home/xircon/dmnts/twotb/Downloads/Completed/The.Witcher.S01.COMPLETE.720p.NF.WEBRip.x264-GalaxyTV[TGx]/The.Witcher.S01E03.720p.NF.WEBRip.x264-GalaxyTV.mkv') target=PosixPath('/home/xircon/dmnts/twotb/Downloads/Completed/zz-TV/The.Witcher.S01.COMPLETE.720p.NF.WEBRip.x264-GalaxyTV[TGx]/The.Witcher.S01E03.720p.NF.WEBRip.x264-GalaxyTV.mkv')
2026-07-02T22:45:36.830 thread=140406223550144 event=copy.file.done operation='copy' source=PosixPath('/home/xircon/dmnts/twotb/Downloads/Completed/The.Witcher.S01.COMPLETE.720p.NF.WEBRip.x264-GalaxyTV[TGx]/The.Witcher.S01E03.720p.NF.WEBRip.x264-GalaxyTV.mkv') target=PosixPath('/home/xircon/dmnts/twotb/Downloads/Completed/zz-TV/The.Witcher.S01.COMPLETE.720p.NF.WEBRip.x264-GalaxyTV[TGx]/The.Witcher.S01E03.720p.NF.WEBRip.x264-GalaxyTV.mkv') bytes=373116436 elapsed_seconds=0.714
2026-07-02T22:45:36.830 thread=140406223550144 event=copy.file.start operation='copy' source=PosixPath('/home/xircon/dmnts/twotb/Downloads/Completed/The.Witcher.S01.COMPLETE.720p.NF.WEBRip.x264-GalaxyTV[TGx]/The.Witcher.S01E07.720p.NF.WEBRip.x264-GalaxyTV.mkv') target=PosixPath('/home/xircon/dmnts/twotb/Downloads/Completed/zz-TV/The.Witcher.S01.COMPLETE.720p.NF.WEBRip.x264-GalaxyTV[TGx]/The.Witcher.S01E07.720p.NF.WEBRip.x264-GalaxyTV.mkv')
2026-07-02T22:45:37.439 thread=140406223550144 event=copy.file.done operation='copy' source=PosixPath('/home/xircon/dmnts/twotb/Downloads/Completed/The.Witcher.S01.COMPLETE.720p.NF.WEBRip.x264-GalaxyTV[TGx]/The.Witcher.S01E07.720p.NF.WEBRip.x264-GalaxyTV.mkv') target=PosixPath('/home/xircon/dmnts/twotb/Downloads/Completed/zz-TV/The.Witcher.S01.COMPLETE.720p.NF.WEBRip.x264-GalaxyTV[TGx]/The.Witcher.S01E07.720p.NF.WEBRip.x264-GalaxyTV.mkv') bytes=311776211 elapsed_seconds=0.609
2026-07-02T22:45:37.440 thread=140406223550144 event=copy.file.start operation='copy' source=PosixPath('/home/xircon/dmnts/twotb/Downloads/Completed/The.Witcher.S01.COMPLETE.720p.NF.WEBRip.x264-GalaxyTV[TGx]/The.Witcher.S01E02.720p.NF.WEBRip.x264-GalaxyTV.mkv') target=PosixPath('/home/xircon/dmnts/twotb/Downloads/Completed/zz-TV/The.Witcher.S01.COMPLETE.720p.NF.WEBRip.x264-GalaxyTV[TGx]/The.Witcher.S01E02.720p.NF.WEBRip.x264-GalaxyTV.mkv')
2026-07-02T22:45:38.237 thread=140406223550144 event=copy.file.done operation='copy' source=PosixPath('/home/xircon/dmnts/twotb/Downloads/Completed/The.Witcher.S01.COMPLETE.720p.NF.WEBRip.x264-GalaxyTV[TGx]/The.Witcher.S01E02.720p.NF.WEBRip.x264-GalaxyTV.mkv') target=PosixPath('/home/xircon/dmnts/twotb/Downloads/Completed/zz-TV/The.Witcher.S01.COMPLETE.720p.NF.WEBRip.x264-GalaxyTV[TGx]/The.Witcher.S01E02.720p.NF.WEBRip.x264-GalaxyTV.mkv') bytes=402925437 elapsed_seconds=0.798
2026-07-02T22:45:38.238 thread=140406223550144 event=copy.directory.done operation='copy' source=PosixPath('/home/xircon/dmnts/twotb/Downloads/Completed/The.Witcher.S01.COMPLETE.720p.NF.WEBRip.x264-GalaxyTV[TGx]') target=PosixPath('/home/xircon/dmnts/twotb/Downloads/Completed/zz-TV/The.Witcher.S01.COMPLETE.720p.NF.WEBRip.x264-GalaxyTV[TGx]') elapsed_seconds=11.708
2026-07-02T22:45:38.238 thread=140406223550144 event=operation.target.done operation='copy' source=PosixPath('/home/xircon/dmnts/twotb/Downloads/Completed/The.Witcher.S01.COMPLETE.720p.NF.WEBRip.x264-GalaxyTV[TGx]') target=PosixPath('/home/xircon/dmnts/twotb/Downloads/Completed/zz-TV/The.Witcher.S01.COMPLETE.720p.NF.WEBRip.x264-GalaxyTV[TGx]') done_bytes=3390985852
2026-07-02T22:45:38.238 thread=140406223550144 event=operation.target.start operation='copy' source=PosixPath('/home/xircon/dmnts/twotb/Downloads/Completed/The.Witcher.S02.COMPLETE.720p.NF.WEBRip.x264-GalaxyTV[TGx]') target=PosixPath('/home/xircon/dmnts/twotb/Downloads/Completed/zz-TV/The.Witcher.S02.COMPLETE.720p.NF.WEBRip.x264-GalaxyTV[TGx]')
2026-07-02T22:45:38.238 thread=140406223550144 event=copy.directory.start operation='copy' source=PosixPath('/home/xircon/dmnts/twotb/Downloads/Completed/The.Witcher.S02.COMPLETE.720p.NF.WEBRip.x264-GalaxyTV[TGx]') target=PosixPath('/home/xircon/dmnts/twotb/Downloads/Completed/zz-TV/The.Witcher.S02.COMPLETE.720p.NF.WEBRip.x264-GalaxyTV[TGx]')
2026-07-02T22:45:38.239 thread=140406223550144 event=copy.file.start operation='copy' source=PosixPath('/home/xircon/dmnts/twotb/Downloads/Completed/The.Witcher.S02.COMPLETE.720p.NF.WEBRip.x264-GalaxyTV[TGx]/The.Witcher.S02E07.720p.NF.WEBRip.x264-GalaxyTV.mkv') target=PosixPath('/home/xircon/dmnts/twotb/Downloads/Completed/zz-TV/The.Witcher.S02.COMPLETE.720p.NF.WEBRip.x264-GalaxyTV[TGx]/The.Witcher.S02E07.720p.NF.WEBRip.x264-GalaxyTV.mkv')
2026-07-02T22:45:39.014 thread=140406223550144 event=copy.file.done operation='copy' source=PosixPath('/home/xircon/dmnts/twotb/Downloads/Completed/The.Witcher.S02.COMPLETE.720p.NF.WEBRip.x264-GalaxyTV[TGx]/The.Witcher.S02E07.720p.NF.WEBRip.x264-GalaxyTV.mkv') target=PosixPath('/home/xircon/dmnts/twotb/Downloads/Completed/zz-TV/The.Witcher.S02.COMPLETE.720p.NF.WEBRip.x264-GalaxyTV[TGx]/The.Witcher.S02E07.720p.NF.WEBRip.x264-GalaxyTV.mkv') bytes=414933717 elapsed_seconds=0.775
2026-07-02T22:45:39.014 thread=140406223550144 event=copy.file.start operation='copy' source=PosixPath('/home/xircon/dmnts/twotb/Downloads/Completed/The.Witcher.S02.COMPLETE.720p.NF.WEBRip.x264-GalaxyTV[TGx]/The.Witcher.S02E06.720p.NF.WEBRip.x264-GalaxyTV.mkv') target=PosixPath('/home/xircon/dmnts/twotb/Downloads/Completed/zz-TV/The.Witcher.S02.COMPLETE.720p.NF.WEBRip.x264-GalaxyTV[TGx]/The.Witcher.S02E06.720p.NF.WEBRip.x264-GalaxyTV.mkv')
2026-07-02T22:45:39.843 thread=140406223550144 event=copy.file.done operation='copy' source=PosixPath('/home/xircon/dmnts/twotb/Downloads/Completed/The.Witcher.S02.COMPLETE.720p.NF.WEBRip.x264-GalaxyTV[TGx]/The.Witcher.S02E06.720p.NF.WEBRip.x264-GalaxyTV.mkv') target=PosixPath('/home/xircon/dmnts/twotb/Downloads/Completed/zz-TV/The.Witcher.S02.COMPLETE.720p.NF.WEBRip.x264-GalaxyTV[TGx]/The.Witcher.S02E06.720p.NF.WEBRip.x264-GalaxyTV.mkv') bytes=444272254 elapsed_seconds=0.829
2026-07-02T22:45:39.848 thread=140406223550144 event=copy.file.start operation='copy' source=PosixPath('/home/xircon/dmnts/twotb/Downloads/Completed/The.Witcher.S02.COMPLETE.720p.NF.WEBRip.x264-GalaxyTV[TGx]/[TGx]Downloaded from torrentgalaxy.to .txt') target=PosixPath('/home/xircon/dmnts/twotb/Downloads/Completed/zz-TV/The.Witcher.S02.COMPLETE.720p.NF.WEBRip.x264-GalaxyTV[TGx]/[TGx]Downloaded from torrentgalaxy.to .txt')
2026-07-02T22:45:39.850 thread=140406223550144 event=copy.file.done operation='copy' source=PosixPath('/home/xircon/dmnts/twotb/Downloads/Completed/The.Witcher.S02.COMPLETE.720p.NF.WEBRip.x264-GalaxyTV[TGx]/[TGx]Downloaded from torrentgalaxy.to .txt') target=PosixPath('/home/xircon/dmnts/twotb/Downloads/Completed/zz-TV/The.Witcher.S02.COMPLETE.720p.NF.WEBRip.x264-GalaxyTV[TGx]/[TGx]Downloaded from torrentgalaxy.to .txt') bytes=718 elapsed_seconds=0.002
2026-07-02T22:45:39.850 thread=140406223550144 event=copy.file.start operation='copy' source=PosixPath('/home/xircon/dmnts/twotb/Downloads/Completed/The.Witcher.S02.COMPLETE.720p.NF.WEBRip.x264-GalaxyTV[TGx]/The.Witcher.S02E01.720p.NF.WEBRip.x264-GalaxyTV.mkv') target=PosixPath('/home/xircon/dmnts/twotb/Downloads/Completed/zz-TV/The.Witcher.S02.COMPLETE.720p.NF.WEBRip.x264-GalaxyTV[TGx]/The.Witcher.S02E01.720p.NF.WEBRip.x264-GalaxyTV.mkv')
2026-07-02T22:45:40.689 thread=140406223550144 event=copy.file.done operation='copy' source=PosixPath('/home/xircon/dmnts/twotb/Downloads/Completed/The.Witcher.S02.COMPLETE.720p.NF.WEBRip.x264-GalaxyTV[TGx]/The.Witcher.S02E01.720p.NF.WEBRip.x264-GalaxyTV.mkv') target=PosixPath('/home/xircon/dmnts/twotb/Downloads/Completed/zz-TV/The.Witcher.S02.COMPLETE.720p.NF.WEBRip.x264-GalaxyTV[TGx]/The.Witcher.S02E01.720p.NF.WEBRip.x264-GalaxyTV.mkv') bytes=432735250 elapsed_seconds=0.838
2026-07-02T22:45:40.689 thread=140406223550144 event=copy.file.start operation='copy' source=PosixPath('/home/xircon/dmnts/twotb/Downloads/Completed/The.Witcher.S02.COMPLETE.720p.NF.WEBRip.x264-GalaxyTV[TGx]/The.Witcher.S02E03.720p.NF.WEBRip.x264-GalaxyTV.mkv') target=PosixPath('/home/xircon/dmnts/twotb/Downloads/Completed/zz-TV/The.Witcher.S02.COMPLETE.720p.NF.WEBRip.x264-GalaxyTV[TGx]/The.Witcher.S02E03.720p.NF.WEBRip.x264-GalaxyTV.mkv')
2026-07-02T22:45:41.556 thread=140406223550144 event=copy.file.done operation='copy' source=PosixPath('/home/xircon/dmnts/twotb/Downloads/Completed/The.Witcher.S02.COMPLETE.720p.NF.WEBRip.x264-GalaxyTV[TGx]/The.Witcher.S02E03.720p.NF.WEBRip.x264-GalaxyTV.mkv') target=PosixPath('/home/xircon/dmnts/twotb/Downloads/Completed/zz-TV/The.Witcher.S02.COMPLETE.720p.NF.WEBRip.x264-GalaxyTV[TGx]/The.Witcher.S02E03.720p.NF.WEBRip.x264-GalaxyTV.mkv') bytes=467331393 elapsed_seconds=0.867
2026-07-02T22:45:41.559 thread=140406223550144 event=copy.file.start operation='copy' source=PosixPath('/home/xircon/dmnts/twotb/Downloads/Completed/The.Witcher.S02.COMPLETE.720p.NF.WEBRip.x264-GalaxyTV[TGx]/The.Witcher.S02E08.720p.NF.WEBRip.x264-GalaxyTV.mkv') target=PosixPath('/home/xircon/dmnts/twotb/Downloads/Completed/zz-TV/The.Witcher.S02.COMPLETE.720p.NF.WEBRip.x264-GalaxyTV[TGx]/The.Witcher.S02E08.720p.NF.WEBRip.x264-GalaxyTV.mkv')
2026-07-02T22:45:42.301 thread=140406223550144 event=copy.file.done operation='copy' source=PosixPath('/home/xircon/dmnts/twotb/Downloads/Completed/The.Witcher.S02.COMPLETE.720p.NF.WEBRip.x264-GalaxyTV[TGx]/The.Witcher.S02E08.720p.NF.WEBRip.x264-GalaxyTV.mkv') target=PosixPath('/home/xircon/dmnts/twotb/Downloads/Completed/zz-TV/The.Witcher.S02.COMPLETE.720p.NF.WEBRip.x264-GalaxyTV[TGx]/The.Witcher.S02E08.720p.NF.WEBRip.x264-GalaxyTV.mkv') bytes=395032428 elapsed_seconds=0.742
2026-07-02T22:45:42.301 thread=140406223550144 event=copy.file.start operation='copy' source=PosixPath('/home/xircon/dmnts/twotb/Downloads/Completed/The.Witcher.S02.COMPLETE.720p.NF.WEBRip.x264-GalaxyTV[TGx]/The.Witcher.S02E02.720p.NF.WEBRip.x264-GalaxyTV.mkv') target=PosixPath('/home/xircon/dmnts/twotb/Downloads/Completed/zz-TV/The.Witcher.S02.COMPLETE.720p.NF.WEBRip.x264-GalaxyTV[TGx]/The.Witcher.S02E02.720p.NF.WEBRip.x264-GalaxyTV.mkv')
2026-07-02T22:45:43.203 thread=140406223550144 event=copy.file.done operation='copy' source=PosixPath('/home/xircon/dmnts/twotb/Downloads/Completed/The.Witcher.S02.COMPLETE.720p.NF.WEBRip.x264-GalaxyTV[TGx]/The.Witcher.S02E02.720p.NF.WEBRip.x264-GalaxyTV.mkv') target=PosixPath('/home/xircon/dmnts/twotb/Downloads/Completed/zz-TV/The.Witcher.S02.COMPLETE.720p.NF.WEBRip.x264-GalaxyTV[TGx]/The.Witcher.S02E02.720p.NF.WEBRip.x264-GalaxyTV.mkv') bytes=464835729 elapsed_seconds=0.902
2026-07-02T22:45:43.205 thread=140406223550144 event=copy.file.start operation='copy' source=PosixPath('/home/xircon/dmnts/twotb/Downloads/Completed/The.Witcher.S02.COMPLETE.720p.NF.WEBRip.x264-GalaxyTV[TGx]/The.Witcher.S02E05.720p.NF.WEBRip.x264-GalaxyTV.mkv') target=PosixPath('/home/xircon/dmnts/twotb/Downloads/Completed/zz-TV/The.Witcher.S02.COMPLETE.720p.NF.WEBRip.x264-GalaxyTV[TGx]/The.Witcher.S02E05.720p.NF.WEBRip.x264-GalaxyTV.mkv')
2026-07-02T22:45:43.906 thread=140406223550144 event=copy.file.done operation='copy' source=PosixPath('/home/xircon/dmnts/twotb/Downloads/Completed/The.Witcher.S02.COMPLETE.720p.NF.WEBRip.x264-GalaxyTV[TGx]/The.Witcher.S02E05.720p.NF.WEBRip.x264-GalaxyTV.mkv') target=PosixPath('/home/xircon/dmnts/twotb/Downloads/Completed/zz-TV/The.Witcher.S02.COMPLETE.720p.NF.WEBRip.x264-GalaxyTV[TGx]/The.Witcher.S02E05.720p.NF.WEBRip.x264-GalaxyTV.mkv') bytes=374289381 elapsed_seconds=0.702
2026-07-02T22:45:43.907 thread=140406223550144 event=copy.file.start operation='copy' source=PosixPath('/home/xircon/dmnts/twotb/Downloads/Completed/The.Witcher.S02.COMPLETE.720p.NF.WEBRip.x264-GalaxyTV[TGx]/The.Witcher.S02E04.720p.NF.WEBRip.x264-GalaxyTV.mkv') target=PosixPath('/home/xircon/dmnts/twotb/Downloads/Completed/zz-TV/The.Witcher.S02.COMPLETE.720p.NF.WEBRip.x264-GalaxyTV[TGx]/The.Witcher.S02E04.720p.NF.WEBRip.x264-GalaxyTV.mkv')
2026-07-02T22:45:44.583 thread=140406223550144 event=copy.file.done operation='copy' source=PosixPath('/home/xircon/dmnts/twotb/Downloads/Completed/The.Witcher.S02.COMPLETE.720p.NF.WEBRip.x264-GalaxyTV[TGx]/The.Witcher.S02E04.720p.NF.WEBRip.x264-GalaxyTV.mkv') target=PosixPath('/home/xircon/dmnts/twotb/Downloads/Completed/zz-TV/The.Witcher.S02.COMPLETE.720p.NF.WEBRip.x264-GalaxyTV[TGx]/The.Witcher.S02E04.720p.NF.WEBRip.x264-GalaxyTV.mkv') bytes=358351529 elapsed_seconds=0.676
2026-07-02T22:45:44.583 thread=140406223550144 event=copy.directory.done operation='copy' source=PosixPath('/home/xircon/dmnts/twotb/Downloads/Completed/The.Witcher.S02.COMPLETE.720p.NF.WEBRip.x264-GalaxyTV[TGx]') target=PosixPath('/home/xircon/dmnts/twotb/Downloads/Completed/zz-TV/The.Witcher.S02.COMPLETE.720p.NF.WEBRip.x264-GalaxyTV[TGx]') elapsed_seconds=6.344
2026-07-02T22:45:44.583 thread=140406223550144 event=operation.target.done operation='copy' source=PosixPath('/home/xircon/dmnts/twotb/Downloads/Completed/The.Witcher.S02.COMPLETE.720p.NF.WEBRip.x264-GalaxyTV[TGx]') target=PosixPath('/home/xircon/dmnts/twotb/Downloads/Completed/zz-TV/The.Witcher.S02.COMPLETE.720p.NF.WEBRip.x264-GalaxyTV[TGx]') done_bytes=6742768251
2026-07-02T22:45:44.583 thread=140406223550144 event=operation.target.start operation='copy' source=PosixPath('/home/xircon/dmnts/twotb/Downloads/Completed/The.Witcher.S03.COMPLETE.720p.WEBRip.x264-GalaxyTV[TGx]') target=PosixPath('/home/xircon/dmnts/twotb/Downloads/Completed/zz-TV/The.Witcher.S03.COMPLETE.720p.WEBRip.x264-GalaxyTV[TGx]')
2026-07-02T22:45:44.583 thread=140406223550144 event=copy.directory.start operation='copy' source=PosixPath('/home/xircon/dmnts/twotb/Downloads/Completed/The.Witcher.S03.COMPLETE.720p.WEBRip.x264-GalaxyTV[TGx]') target=PosixPath('/home/xircon/dmnts/twotb/Downloads/Completed/zz-TV/The.Witcher.S03.COMPLETE.720p.WEBRip.x264-GalaxyTV[TGx]')
2026-07-02T22:45:44.583 thread=140406223550144 event=copy.file.start operation='copy' source=PosixPath('/home/xircon/dmnts/twotb/Downloads/Completed/The.Witcher.S03.COMPLETE.720p.WEBRip.x264-GalaxyTV[TGx]/The.Witcher.S03E02.720p.NF.WEBRip.x264-GalaxyTV.mkv') target=PosixPath('/home/xircon/dmnts/twotb/Downloads/Completed/zz-TV/The.Witcher.S03.COMPLETE.720p.WEBRip.x264-GalaxyTV[TGx]/The.Witcher.S03E02.720p.NF.WEBRip.x264-GalaxyTV.mkv')
2026-07-02T22:45:45.253 thread=140406223550144 event=copy.file.done operation='copy' source=PosixPath('/home/xircon/dmnts/twotb/Downloads/Completed/The.Witcher.S03.COMPLETE.720p.WEBRip.x264-GalaxyTV[TGx]/The.Witcher.S03E02.720p.NF.WEBRip.x264-GalaxyTV.mkv') target=PosixPath('/home/xircon/dmnts/twotb/Downloads/Completed/zz-TV/The.Witcher.S03.COMPLETE.720p.WEBRip.x264-GalaxyTV[TGx]/The.Witcher.S03E02.720p.NF.WEBRip.x264-GalaxyTV.mkv') bytes=345302331 elapsed_seconds=0.67
2026-07-02T22:45:45.253 thread=140406223550144 event=copy.file.start operation='copy' source=PosixPath('/home/xircon/dmnts/twotb/Downloads/Completed/The.Witcher.S03.COMPLETE.720p.WEBRip.x264-GalaxyTV[TGx]/[TGx]Downloaded from torrentgalaxy.to .txt') target=PosixPath('/home/xircon/dmnts/twotb/Downloads/Completed/zz-TV/The.Witcher.S03.COMPLETE.720p.WEBRip.x264-GalaxyTV[TGx]/[TGx]Downloaded from torrentgalaxy.to .txt')
2026-07-02T22:45:45.254 thread=140406223550144 event=copy.file.done operation='copy' source=PosixPath('/home/xircon/dmnts/twotb/Downloads/Completed/The.Witcher.S03.COMPLETE.720p.WEBRip.x264-GalaxyTV[TGx]/[TGx]Downloaded from torrentgalaxy.to .txt') target=PosixPath('/home/xircon/dmnts/twotb/Downloads/Completed/zz-TV/The.Witcher.S03.COMPLETE.720p.WEBRip.x264-GalaxyTV[TGx]/[TGx]Downloaded from torrentgalaxy.to .txt') bytes=718 elapsed_seconds=0.001
2026-07-02T22:45:45.254 thread=140406223550144 event=copy.file.start operation='copy' source=PosixPath('/home/xircon/dmnts/twotb/Downloads/Completed/The.Witcher.S03.COMPLETE.720p.WEBRip.x264-GalaxyTV[TGx]/The.Witcher.S03E05.720p.NF.WEBRip.x264-GalaxyTV.mkv') target=PosixPath('/home/xircon/dmnts/twotb/Downloads/Completed/zz-TV/The.Witcher.S03.COMPLETE.720p.WEBRip.x264-GalaxyTV[TGx]/The.Witcher.S03E05.720p.NF.WEBRip.x264-GalaxyTV.mkv')
2026-07-02T22:45:45.932 thread=140406223550144 event=copy.file.done operation='copy' source=PosixPath('/home/xircon/dmnts/twotb/Downloads/Completed/The.Witcher.S03.COMPLETE.720p.WEBRip.x264-GalaxyTV[TGx]/The.Witcher.S03E05.720p.NF.WEBRip.x264-GalaxyTV.mkv') target=PosixPath('/home/xircon/dmnts/twotb/Downloads/Completed/zz-TV/The.Witcher.S03.COMPLETE.720p.WEBRip.x264-GalaxyTV[TGx]/The.Witcher.S03E05.720p.NF.WEBRip.x264-GalaxyTV.mkv') bytes=346083227 elapsed_seconds=0.678
2026-07-02T22:45:45.932 thread=140406223550144 event=copy.file.start operation='copy' source=PosixPath('/home/xircon/dmnts/twotb/Downloads/Completed/The.Witcher.S03.COMPLETE.720p.WEBRip.x264-GalaxyTV[TGx]/The.Witcher.S03E07.720p.NF.WEBRip.x264-GalaxyTV.mkv') target=PosixPath('/home/xircon/dmnts/twotb/Downloads/Completed/zz-TV/The.Witcher.S03.COMPLETE.720p.WEBRip.x264-GalaxyTV[TGx]/The.Witcher.S03E07.720p.NF.WEBRip.x264-GalaxyTV.mkv')
2026-07-02T22:45:46.691 thread=140406223550144 event=copy.file.done operation='copy' source=PosixPath('/home/xircon/dmnts/twotb/Downloads/Completed/The.Witcher.S03.COMPLETE.720p.WEBRip.x264-GalaxyTV[TGx]/The.Witcher.S03E07.720p.NF.WEBRip.x264-GalaxyTV.mkv') target=PosixPath('/home/xircon/dmnts/twotb/Downloads/Completed/zz-TV/The.Witcher.S03.COMPLETE.720p.WEBRip.x264-GalaxyTV[TGx]/The.Witcher.S03E07.720p.NF.WEBRip.x264-GalaxyTV.mkv') bytes=400367712 elapsed_seconds=0.759
2026-07-02T22:45:46.692 thread=140406223550144 event=copy.file.start operation='copy' source=PosixPath('/home/xircon/dmnts/twotb/Downloads/Completed/The.Witcher.S03.COMPLETE.720p.WEBRip.x264-GalaxyTV[TGx]/The.Witcher.S03E04.720p.NF.WEBRip.x264-GalaxyTV.mkv') target=PosixPath('/home/xircon/dmnts/twotb/Downloads/Completed/zz-TV/The.Witcher.S03.COMPLETE.720p.WEBRip.x264-GalaxyTV[TGx]/The.Witcher.S03E04.720p.NF.WEBRip.x264-GalaxyTV.mkv')
2026-07-02T22:45:47.336 thread=140406223550144 event=copy.file.done operation='copy' source=PosixPath('/home/xircon/dmnts/twotb/Downloads/Completed/The.Witcher.S03.COMPLETE.720p.WEBRip.x264-GalaxyTV[TGx]/The.Witcher.S03E04.720p.NF.WEBRip.x264-GalaxyTV.mkv') target=PosixPath('/home/xircon/dmnts/twotb/Downloads/Completed/zz-TV/The.Witcher.S03.COMPLETE.720p.WEBRip.x264-GalaxyTV[TGx]/The.Witcher.S03E04.720p.NF.WEBRip.x264-GalaxyTV.mkv') bytes=326660004 elapsed_seconds=0.645
2026-07-02T22:45:47.337 thread=140406223550144 event=copy.file.start operation='copy' source=PosixPath('/home/xircon/dmnts/twotb/Downloads/Completed/The.Witcher.S03.COMPLETE.720p.WEBRip.x264-GalaxyTV[TGx]/The.Witcher.S03E06.720p.NF.WEBRip.x264-GalaxyTV.mkv') target=PosixPath('/home/xircon/dmnts/twotb/Downloads/Completed/zz-TV/The.Witcher.S03.COMPLETE.720p.WEBRip.x264-GalaxyTV[TGx]/The.Witcher.S03E06.720p.NF.WEBRip.x264-GalaxyTV.mkv')
2026-07-02T22:45:48.018 thread=140406223550144 event=copy.file.done operation='copy' source=PosixPath('/home/xircon/dmnts/twotb/Downloads/Completed/The.Witcher.S03.COMPLETE.720p.WEBRip.x264-GalaxyTV[TGx]/The.Witcher.S03E06.720p.NF.WEBRip.x264-GalaxyTV.mkv') target=PosixPath('/home/xircon/dmnts/twotb/Downloads/Completed/zz-TV/The.Witcher.S03.COMPLETE.720p.WEBRip.x264-GalaxyTV[TGx]/The.Witcher.S03E06.720p.NF.WEBRip.x264-GalaxyTV.mkv') bytes=347522184 elapsed_seconds=0.681
2026-07-02T22:45:48.018 thread=140406223550144 event=copy.file.start operation='copy' source=PosixPath('/home/xircon/dmnts/twotb/Downloads/Completed/The.Witcher.S03.COMPLETE.720p.WEBRip.x264-GalaxyTV[TGx]/NEW upcoming releases by Xclusive.txt') target=PosixPath('/home/xircon/dmnts/twotb/Downloads/Completed/zz-TV/The.Witcher.S03.COMPLETE.720p.WEBRip.x264-GalaxyTV[TGx]/NEW upcoming releases by Xclusive.txt')
2026-07-02T22:45:48.020 thread=140406223550144 event=copy.file.done operation='copy' source=PosixPath('/home/xircon/dmnts/twotb/Downloads/Completed/The.Witcher.S03.COMPLETE.720p.WEBRip.x264-GalaxyTV[TGx]/NEW upcoming releases by Xclusive.txt') target=PosixPath('/home/xircon/dmnts/twotb/Downloads/Completed/zz-TV/The.Witcher.S03.COMPLETE.720p.WEBRip.x264-GalaxyTV[TGx]/NEW upcoming releases by Xclusive.txt') bytes=71 elapsed_seconds=0.002
2026-07-02T22:45:48.020 thread=140406223550144 event=copy.file.start operation='copy' source=PosixPath('/home/xircon/dmnts/twotb/Downloads/Completed/The.Witcher.S03.COMPLETE.720p.WEBRip.x264-GalaxyTV[TGx]/The.Witcher.S03E08.720p.NF.WEBRip.x264-GalaxyTV.mkv') target=PosixPath('/home/xircon/dmnts/twotb/Downloads/Completed/zz-TV/The.Witcher.S03.COMPLETE.720p.WEBRip.x264-GalaxyTV[TGx]/The.Witcher.S03E08.720p.NF.WEBRip.x264-GalaxyTV.mkv')
2026-07-02T22:45:48.938 thread=140406223550144 event=copy.file.done operation='copy' source=PosixPath('/home/xircon/dmnts/twotb/Downloads/Completed/The.Witcher.S03.COMPLETE.720p.WEBRip.x264-GalaxyTV[TGx]/The.Witcher.S03E08.720p.NF.WEBRip.x264-GalaxyTV.mkv') target=PosixPath('/home/xircon/dmnts/twotb/Downloads/Completed/zz-TV/The.Witcher.S03.COMPLETE.720p.WEBRip.x264-GalaxyTV[TGx]/The.Witcher.S03E08.720p.NF.WEBRip.x264-GalaxyTV.mkv') bytes=466633165 elapsed_seconds=0.918
2026-07-02T22:45:48.938 thread=140406223550144 event=copy.file.start operation='copy' source=PosixPath('/home/xircon/dmnts/twotb/Downloads/Completed/The.Witcher.S03.COMPLETE.720p.WEBRip.x264-GalaxyTV[TGx]/The.Witcher.S03E01.720p.NF.WEBRip.x264-GalaxyTV.mkv') target=PosixPath('/home/xircon/dmnts/twotb/Downloads/Completed/zz-TV/The.Witcher.S03.COMPLETE.720p.WEBRip.x264-GalaxyTV[TGx]/The.Witcher.S03E01.720p.NF.WEBRip.x264-GalaxyTV.mkv')
2026-07-02T22:45:49.874 thread=140406223550144 event=copy.file.done operation='copy' source=PosixPath('/home/xircon/dmnts/twotb/Downloads/Completed/The.Witcher.S03.COMPLETE.720p.WEBRip.x264-GalaxyTV[TGx]/The.Witcher.S03E01.720p.NF.WEBRip.x264-GalaxyTV.mkv') target=PosixPath('/home/xircon/dmnts/twotb/Downloads/Completed/zz-TV/The.Witcher.S03.COMPLETE.720p.WEBRip.x264-GalaxyTV[TGx]/The.Witcher.S03E01.720p.NF.WEBRip.x264-GalaxyTV.mkv') bytes=485886455 elapsed_seconds=0.936
2026-07-02T22:45:49.874 thread=140406223550144 event=copy.file.start operation='copy' source=PosixPath('/home/xircon/dmnts/twotb/Downloads/Completed/The.Witcher.S03.COMPLETE.720p.WEBRip.x264-GalaxyTV[TGx]/The.Witcher.S03E03.720p.NF.WEBRip.x264-GalaxyTV.mkv') target=PosixPath('/home/xircon/dmnts/twotb/Downloads/Completed/zz-TV/The.Witcher.S03.COMPLETE.720p.WEBRip.x264-GalaxyTV[TGx]/The.Witcher.S03E03.720p.NF.WEBRip.x264-GalaxyTV.mkv')
2026-07-02T22:45:50.612 thread=140406223550144 event=copy.file.done operation='copy' source=PosixPath('/home/xircon/dmnts/twotb/Downloads/Completed/The.Witcher.S03.COMPLETE.720p.WEBRip.x264-GalaxyTV[TGx]/The.Witcher.S03E03.720p.NF.WEBRip.x264-GalaxyTV.mkv') target=PosixPath('/home/xircon/dmnts/twotb/Downloads/Completed/zz-TV/The.Witcher.S03.COMPLETE.720p.WEBRip.x264-GalaxyTV[TGx]/The.Witcher.S03E03.720p.NF.WEBRip.x264-GalaxyTV.mkv') bytes=383252909 elapsed_seconds=0.738
2026-07-02T22:45:50.612 thread=140406223550144 event=copy.directory.done operation='copy' source=PosixPath('/home/xircon/dmnts/twotb/Downloads/Completed/The.Witcher.S03.COMPLETE.720p.WEBRip.x264-GalaxyTV[TGx]') target=PosixPath('/home/xircon/dmnts/twotb/Downloads/Completed/zz-TV/The.Witcher.S03.COMPLETE.720p.WEBRip.x264-GalaxyTV[TGx]') elapsed_seconds=6.029
2026-07-02T22:45:50.612 thread=140406223550144 event=operation.target.done operation='copy' source=PosixPath('/home/xircon/dmnts/twotb/Downloads/Completed/The.Witcher.S03.COMPLETE.720p.WEBRip.x264-GalaxyTV[TGx]') target=PosixPath('/home/xircon/dmnts/twotb/Downloads/Completed/zz-TV/The.Witcher.S03.COMPLETE.720p.WEBRip.x264-GalaxyTV[TGx]') done_bytes=9844477027
2026-07-02T22:45:50.612 thread=140406223550144 event=operation.worker.done operation='copy' completed=3 elapsed_seconds=24.084 done_bytes=9844477027
2026-07-02T22:45:50.613 thread=140407465429952 event=operation.completed.signal pane='Left' operation='copy' completed=3
2026-07-02T22:45:50.614 thread=140407465429952 event=operation.end active=0 queued=0
2026-07-02T22:45:50.614 thread=140407465429952 event=operation.finish pane='Left' operation='copy' completed=3 warning=None
2026-07-02T22:45:54.485 thread=140407465429952 event=pane.filesystem_tint left=PosixPath('/home/xircon/dmnts/twotb/Downloads/Completed/zz-TV') right=PosixPath('/home/xircon/dmnts/htpc-mech/TV') left_fs=66309 right_fs=108 different=True
2026-07-03T09:54:16.218 thread=140407465429952 event=pane.filesystem_tint left=PosixPath('/home/xircon/dmnts/twotb/Downloads/Completed') right=PosixPath('/home/xircon/dmnts/htpc-mech/TV') left_fs=66309 right_fs=108 different=True
2026-07-03T09:54:36.142 thread=140407465429952 event=clipboard.copy pane='Left' count=5 paths=['/home/xircon/dmnts/twotb/Downloads/Completed/Lost.Girl.S01.720p.x265-ZMNT', '/home/xircon/dmnts/twotb/Downloads/Completed/Lost.Girl.S02.BDRip.x264-ION10', '/home/xircon/dmnts/twotb/Downloads/Completed/Lost.Girl.S03.BDRip.x264-ION10', '/home/xircon/dmnts/twotb/Downloads/Completed/Lost.Girl.S04.BDRip.x264-ION10', '/home/xircon/dmnts/twotb/Downloads/Completed/Lost.Girl.S05.720p.x265-ZMNT']
2026-07-03T09:54:44.056 thread=140407465429952 event=pane.filesystem_tint left=PosixPath('/home/xircon/dmnts/twotb/Downloads/Completed/zz-TV') right=PosixPath('/home/xircon/dmnts/htpc-mech/TV') left_fs=66309 right_fs=108 different=True
2026-07-03T09:54:45.961 thread=140407465429952 event=clipboard.paste pane='Left' source='internal' operation='copy' count=5 destination=PosixPath('/home/xircon/dmnts/twotb/Downloads/Completed/zz-TV') paths=['/home/xircon/dmnts/twotb/Downloads/Completed/Lost.Girl.S01.720p.x265-ZMNT', '/home/xircon/dmnts/twotb/Downloads/Completed/Lost.Girl.S02.BDRip.x264-ION10', '/home/xircon/dmnts/twotb/Downloads/Completed/Lost.Girl.S03.BDRip.x264-ION10', '/home/xircon/dmnts/twotb/Downloads/Completed/Lost.Girl.S04.BDRip.x264-ION10', '/home/xircon/dmnts/twotb/Downloads/Completed/Lost.Girl.S05.720p.x265-ZMNT']
2026-07-03T09:54:45.961 thread=140407465429952 event=copy.request pane='Left' count=5 destination=PosixPath('/home/xircon/dmnts/twotb/Downloads/Completed/zz-TV') paths=['/home/xircon/dmnts/twotb/Downloads/Completed/Lost.Girl.S01.720p.x265-ZMNT', '/home/xircon/dmnts/twotb/Downloads/Completed/Lost.Girl.S02.BDRip.x264-ION10', '/home/xircon/dmnts/twotb/Downloads/Completed/Lost.Girl.S03.BDRip.x264-ION10', '/home/xircon/dmnts/twotb/Downloads/Completed/Lost.Girl.S04.BDRip.x264-ION10', '/home/xircon/dmnts/twotb/Downloads/Completed/Lost.Girl.S05.720p.x265-ZMNT']
2026-07-03T09:54:45.962 thread=140407465429952 event=collision.none source=PosixPath('/home/xircon/dmnts/twotb/Downloads/Completed/Lost.Girl.S01.720p.x265-ZMNT') destination=PosixPath('/home/xircon/dmnts/twotb/Downloads/Completed/zz-TV/Lost.Girl.S01.720p.x265-ZMNT')
2026-07-03T09:54:45.962 thread=140407465429952 event=collision.none source=PosixPath('/home/xircon/dmnts/twotb/Downloads/Completed/Lost.Girl.S02.BDRip.x264-ION10') destination=PosixPath('/home/xircon/dmnts/twotb/Downloads/Completed/zz-TV/Lost.Girl.S02.BDRip.x264-ION10')
2026-07-03T09:54:45.962 thread=140407465429952 event=collision.none source=PosixPath('/home/xircon/dmnts/twotb/Downloads/Completed/Lost.Girl.S03.BDRip.x264-ION10') destination=PosixPath('/home/xircon/dmnts/twotb/Downloads/Completed/zz-TV/Lost.Girl.S03.BDRip.x264-ION10')
2026-07-03T09:54:45.962 thread=140407465429952 event=collision.none source=PosixPath('/home/xircon/dmnts/twotb/Downloads/Completed/Lost.Girl.S04.BDRip.x264-ION10') destination=PosixPath('/home/xircon/dmnts/twotb/Downloads/Completed/zz-TV/Lost.Girl.S04.BDRip.x264-ION10')
2026-07-03T09:54:45.962 thread=140407465429952 event=collision.none source=PosixPath('/home/xircon/dmnts/twotb/Downloads/Completed/Lost.Girl.S05.720p.x265-ZMNT') destination=PosixPath('/home/xircon/dmnts/twotb/Downloads/Completed/zz-TV/Lost.Girl.S05.720p.x265-ZMNT')
2026-07-03T09:54:45.962 thread=140407465429952 event=copy.start_dialog pane='Left' targets=[('/home/xircon/dmnts/twotb/Downloads/Completed/Lost.Girl.S01.720p.x265-ZMNT', '/home/xircon/dmnts/twotb/Downloads/Completed/zz-TV/Lost.Girl.S01.720p.x265-ZMNT'), ('/home/xircon/dmnts/twotb/Downloads/Completed/Lost.Girl.S02.BDRip.x264-ION10', '/home/xircon/dmnts/twotb/Downloads/Completed/zz-TV/Lost.Girl.S02.BDRip.x264-ION10'), ('/home/xircon/dmnts/twotb/Downloads/Completed/Lost.Girl.S03.BDRip.x264-ION10', '/home/xircon/dmnts/twotb/Downloads/Completed/zz-TV/Lost.Girl.S03.BDRip.x264-ION10'), ('/home/xircon/dmnts/twotb/Downloads/Completed/Lost.Girl.S04.BDRip.x264-ION10', '/home/xircon/dmnts/twotb/Downloads/Completed/zz-TV/Lost.Girl.S04.BDRip.x264-ION10'), ('/home/xircon/dmnts/twotb/Downloads/Completed/Lost.Girl.S05.720p.x265-ZMNT', '/home/xircon/dmnts/twotb/Downloads/Completed/zz-TV/Lost.Girl.S05.720p.x265-ZMNT')]
2026-07-03T09:54:45.962 thread=140407465429952 event=operation.dialog.create pane='Left' operation='copy' targets=5 title='Copying files...'
2026-07-03T09:54:45.962 thread=140407465429952 event=operation.begin active=1 queued=0
2026-07-03T09:54:45.966 thread=140407465429952 event=operation.thread.started pane='Left' operation='copy' targets=5
2026-07-03T09:54:45.966 thread=140406188664512 event=operation.worker.start operation='copy' targets=5
2026-07-03T09:54:45.970 thread=140406188664512 event=operation.worker.sized operation='copy' total_bytes=34491225806 total_units=526295
2026-07-03T09:54:45.970 thread=140406188664512 event=operation.target.start operation='copy' source=PosixPath('/home/xircon/dmnts/twotb/Downloads/Completed/Lost.Girl.S01.720p.x265-ZMNT') target=PosixPath('/home/xircon/dmnts/twotb/Downloads/Completed/zz-TV/Lost.Girl.S01.720p.x265-ZMNT')
2026-07-03T09:54:45.971 thread=140406188664512 event=copy.directory.start operation='copy' source=PosixPath('/home/xircon/dmnts/twotb/Downloads/Completed/Lost.Girl.S01.720p.x265-ZMNT') target=PosixPath('/home/xircon/dmnts/twotb/Downloads/Completed/zz-TV/Lost.Girl.S01.720p.x265-ZMNT')
2026-07-03T09:54:45.972 thread=140406188664512 event=copy.file.start operation='copy' source=PosixPath('/home/xircon/dmnts/twotb/Downloads/Completed/Lost.Girl.S01.720p.x265-ZMNT/Lost.Girl.S01E13.720p.x265-ZMNT.mkv') target=PosixPath('/home/xircon/dmnts/twotb/Downloads/Completed/zz-TV/Lost.Girl.S01.720p.x265-ZMNT/Lost.Girl.S01E13.720p.x265-ZMNT.mkv')
2026-07-03T09:54:46.759 thread=140406188664512 event=copy.file.done operation='copy' source=PosixPath('/home/xircon/dmnts/twotb/Downloads/Completed/Lost.Girl.S01.720p.x265-ZMNT/Lost.Girl.S01E13.720p.x265-ZMNT.mkv') target=PosixPath('/home/xircon/dmnts/twotb/Downloads/Completed/zz-TV/Lost.Girl.S01.720p.x265-ZMNT/Lost.Girl.S01E13.720p.x265-ZMNT.mkv') bytes=427406700 elapsed_seconds=0.787
2026-07-03T09:54:46.759 thread=140406188664512 event=copy.file.start operation='copy' source=PosixPath('/home/xircon/dmnts/twotb/Downloads/Completed/Lost.Girl.S01.720p.x265-ZMNT/Lost.Girl.S01E06.720p.x265-ZMNT.mkv') target=PosixPath('/home/xircon/dmnts/twotb/Downloads/Completed/zz-TV/Lost.Girl.S01.720p.x265-ZMNT/Lost.Girl.S01E06.720p.x265-ZMNT.mkv')
2026-07-03T09:54:47.646 thread=140406188664512 event=copy.file.done operation='copy' source=PosixPath('/home/xircon/dmnts/twotb/Downloads/Completed/Lost.Girl.S01.720p.x265-ZMNT/Lost.Girl.S01E06.720p.x265-ZMNT.mkv') target=PosixPath('/home/xircon/dmnts/twotb/Downloads/Completed/zz-TV/Lost.Girl.S01.720p.x265-ZMNT/Lost.Girl.S01E06.720p.x265-ZMNT.mkv') bytes=474768191 elapsed_seconds=0.887
2026-07-03T09:54:47.646 thread=140406188664512 event=copy.file.start operation='copy' source=PosixPath('/home/xircon/dmnts/twotb/Downloads/Completed/Lost.Girl.S01.720p.x265-ZMNT/Lost.Girl.S01E03.720p.x265-ZMNT.mkv') target=PosixPath('/home/xircon/dmnts/twotb/Downloads/Completed/zz-TV/Lost.Girl.S01.720p.x265-ZMNT/Lost.Girl.S01E03.720p.x265-ZMNT.mkv')
2026-07-03T09:54:48.655 thread=140406188664512 event=copy.file.done operation='copy' source=PosixPath('/home/xircon/dmnts/twotb/Downloads/Completed/Lost.Girl.S01.720p.x265-ZMNT/Lost.Girl.S01E03.720p.x265-ZMNT.mkv') target=PosixPath('/home/xircon/dmnts/twotb/Downloads/Completed/zz-TV/Lost.Girl.S01.720p.x265-ZMNT/Lost.Girl.S01E03.720p.x265-ZMNT.mkv') bytes=516301039 elapsed_seconds=1.009
2026-07-03T09:54:48.656 thread=140406188664512 event=copy.file.start operation='copy' source=PosixPath('/home/xircon/dmnts/twotb/Downloads/Completed/Lost.Girl.S01.720p.x265-ZMNT/Lost.Girl.S01E08.720p.x265-ZMNT.mkv') target=PosixPath('/home/xircon/dmnts/twotb/Downloads/Completed/zz-TV/Lost.Girl.S01.720p.x265-ZMNT/Lost.Girl.S01E08.720p.x265-ZMNT.mkv')
2026-07-03T09:54:49.551 thread=140406188664512 event=copy.file.done operation='copy' source=PosixPath('/home/xircon/dmnts/twotb/Downloads/Completed/Lost.Girl.S01.720p.x265-ZMNT/Lost.Girl.S01E08.720p.x265-ZMNT.mkv') target=PosixPath('/home/xircon/dmnts/twotb/Downloads/Completed/zz-TV/Lost.Girl.S01.720p.x265-ZMNT/Lost.Girl.S01E08.720p.x265-ZMNT.mkv') bytes=476228380 elapsed_seconds=0.895
2026-07-03T09:54:49.552 thread=140406188664512 event=copy.file.start operation='copy' source=PosixPath('/home/xircon/dmnts/twotb/Downloads/Completed/Lost.Girl.S01.720p.x265-ZMNT/Lost.Girl.S01E05.720p.x265-ZMNT.mkv') target=PosixPath('/home/xircon/dmnts/twotb/Downloads/Completed/zz-TV/Lost.Girl.S01.720p.x265-ZMNT/Lost.Girl.S01E05.720p.x265-ZMNT.mkv')
2026-07-03T09:54:50.383 thread=140406188664512 event=copy.file.done operation='copy' source=PosixPath('/home/xircon/dmnts/twotb/Downloads/Completed/Lost.Girl.S01.720p.x265-ZMNT/Lost.Girl.S01E05.720p.x265-ZMNT.mkv') target=PosixPath('/home/xircon/dmnts/twotb/Downloads/Completed/zz-TV/Lost.Girl.S01.720p.x265-ZMNT/Lost.Girl.S01E05.720p.x265-ZMNT.mkv') bytes=440039496 elapsed_seconds=0.831
2026-07-03T09:54:50.383 thread=140406188664512 event=copy.file.start operation='copy' source=PosixPath('/home/xircon/dmnts/twotb/Downloads/Completed/Lost.Girl.S01.720p.x265-ZMNT/Lost.Girl.S01E02.720p.x265-ZMNT.mkv') target=PosixPath('/home/xircon/dmnts/twotb/Downloads/Completed/zz-TV/Lost.Girl.S01.720p.x265-ZMNT/Lost.Girl.S01E02.720p.x265-ZMNT.mkv')
2026-07-03T09:54:51.280 thread=140406188664512 event=copy.file.done operation='copy' source=PosixPath('/home/xircon/dmnts/twotb/Downloads/Completed/Lost.Girl.S01.720p.x265-ZMNT/Lost.Girl.S01E02.720p.x265-ZMNT.mkv') target=PosixPath('/home/xircon/dmnts/twotb/Downloads/Completed/zz-TV/Lost.Girl.S01.720p.x265-ZMNT/Lost.Girl.S01E02.720p.x265-ZMNT.mkv') bytes=470945871 elapsed_seconds=0.897
2026-07-03T09:54:51.280 thread=140406188664512 event=copy.file.start operation='copy' source=PosixPath('/home/xircon/dmnts/twotb/Downloads/Completed/Lost.Girl.S01.720p.x265-ZMNT/Lost.Girl.S01E11.720p.x265-ZMNT.mkv') target=PosixPath('/home/xircon/dmnts/twotb/Downloads/Completed/zz-TV/Lost.Girl.S01.720p.x265-ZMNT/Lost.Girl.S01E11.720p.x265-ZMNT.mkv')
2026-07-03T09:54:52.237 thread=140406188664512 event=copy.file.done operation='copy' source=PosixPath('/home/xircon/dmnts/twotb/Downloads/Completed/Lost.Girl.S01.720p.x265-ZMNT/Lost.Girl.S01E11.720p.x265-ZMNT.mkv') target=PosixPath('/home/xircon/dmnts/twotb/Downloads/Completed/zz-TV/Lost.Girl.S01.720p.x265-ZMNT/Lost.Girl.S01E11.720p.x265-ZMNT.mkv') bytes=517427042 elapsed_seconds=0.957
2026-07-03T09:54:52.238 thread=140406188664512 event=copy.file.start operation='copy' source=PosixPath('/home/xircon/dmnts/twotb/Downloads/Completed/Lost.Girl.S01.720p.x265-ZMNT/Lost.Girl.S01E12.720p.x265-ZMNT.mkv') target=PosixPath('/home/xircon/dmnts/twotb/Downloads/Completed/zz-TV/Lost.Girl.S01.720p.x265-ZMNT/Lost.Girl.S01E12.720p.x265-ZMNT.mkv')
2026-07-03T09:54:53.205 thread=140406188664512 event=copy.file.done operation='copy' source=PosixPath('/home/xircon/dmnts/twotb/Downloads/Completed/Lost.Girl.S01.720p.x265-ZMNT/Lost.Girl.S01E12.720p.x265-ZMNT.mkv') target=PosixPath('/home/xircon/dmnts/twotb/Downloads/Completed/zz-TV/Lost.Girl.S01.720p.x265-ZMNT/Lost.Girl.S01E12.720p.x265-ZMNT.mkv') bytes=526152275 elapsed_seconds=0.967
2026-07-03T09:54:53.205 thread=140406188664512 event=copy.file.start operation='copy' source=PosixPath('/home/xircon/dmnts/twotb/Downloads/Completed/Lost.Girl.S01.720p.x265-ZMNT/Lost.Girl.S01E09.720p.x265-ZMNT.mkv') target=PosixPath('/home/xircon/dmnts/twotb/Downloads/Completed/zz-TV/Lost.Girl.S01.720p.x265-ZMNT/Lost.Girl.S01E09.720p.x265-ZMNT.mkv')
2026-07-03T09:54:54.156 thread=140406188664512 event=copy.file.done operation='copy' source=PosixPath('/home/xircon/dmnts/twotb/Downloads/Completed/Lost.Girl.S01.720p.x265-ZMNT/Lost.Girl.S01E09.720p.x265-ZMNT.mkv') target=PosixPath('/home/xircon/dmnts/twotb/Downloads/Completed/zz-TV/Lost.Girl.S01.720p.x265-ZMNT/Lost.Girl.S01E09.720p.x265-ZMNT.mkv') bytes=506309105 elapsed_seconds=0.951
2026-07-03T09:54:54.156 thread=140406188664512 event=copy.file.start operation='copy' source=PosixPath('/home/xircon/dmnts/twotb/Downloads/Completed/Lost.Girl.S01.720p.x265-ZMNT/Lost.Girl.S01.720p.x265-ZMNT.nfo') target=PosixPath('/home/xircon/dmnts/twotb/Downloads/Completed/zz-TV/Lost.Girl.S01.720p.x265-ZMNT/Lost.Girl.S01.720p.x265-ZMNT.nfo')
2026-07-03T09:54:54.162 thread=140406188664512 event=copy.file.done operation='copy' source=PosixPath('/home/xircon/dmnts/twotb/Downloads/Completed/Lost.Girl.S01.720p.x265-ZMNT/Lost.Girl.S01.720p.x265-ZMNT.nfo') target=PosixPath('/home/xircon/dmnts/twotb/Downloads/Completed/zz-TV/Lost.Girl.S01.720p.x265-ZMNT/Lost.Girl.S01.720p.x265-ZMNT.nfo') bytes=3784 elapsed_seconds=0.006
2026-07-03T09:54:54.162 thread=140406188664512 event=copy.file.start operation='copy' source=PosixPath('/home/xircon/dmnts/twotb/Downloads/Completed/Lost.Girl.S01.720p.x265-ZMNT/Lost.Girl.S01E10.720p.x265-ZMNT.mkv') target=PosixPath('/home/xircon/dmnts/twotb/Downloads/Completed/zz-TV/Lost.Girl.S01.720p.x265-ZMNT/Lost.Girl.S01E10.720p.x265-ZMNT.mkv')
2026-07-03T09:54:55.025 thread=140406188664512 event=copy.file.done operation='copy' source=PosixPath('/home/xircon/dmnts/twotb/Downloads/Completed/Lost.Girl.S01.720p.x265-ZMNT/Lost.Girl.S01E10.720p.x265-ZMNT.mkv') target=PosixPath('/home/xircon/dmnts/twotb/Downloads/Completed/zz-TV/Lost.Girl.S01.720p.x265-ZMNT/Lost.Girl.S01E10.720p.x265-ZMNT.mkv') bytes=468829867 elapsed_seconds=0.863
2026-07-03T09:54:55.026 thread=140406188664512 event=copy.file.start operation='copy' source=PosixPath('/home/xircon/dmnts/twotb/Downloads/Completed/Lost.Girl.S01.720p.x265-ZMNT/Lost.Girl.S01E07.720p.x265-ZMNT.mkv') target=PosixPath('/home/xircon/dmnts/twotb/Downloads/Completed/zz-TV/Lost.Girl.S01.720p.x265-ZMNT/Lost.Girl.S01E07.720p.x265-ZMNT.mkv')
2026-07-03T09:54:55.958 thread=140406188664512 event=copy.file.done operation='copy' source=PosixPath('/home/xircon/dmnts/twotb/Downloads/Completed/Lost.Girl.S01.720p.x265-ZMNT/Lost.Girl.S01E07.720p.x265-ZMNT.mkv') target=PosixPath('/home/xircon/dmnts/twotb/Downloads/Completed/zz-TV/Lost.Girl.S01.720p.x265-ZMNT/Lost.Girl.S01E07.720p.x265-ZMNT.mkv') bytes=501096292 elapsed_seconds=0.932
2026-07-03T09:54:55.958 thread=140406188664512 event=copy.file.start operation='copy' source=PosixPath('/home/xircon/dmnts/twotb/Downloads/Completed/Lost.Girl.S01.720p.x265-ZMNT/Lost.Girl.S01E01.720p.x265-ZMNT.mkv') target=PosixPath('/home/xircon/dmnts/twotb/Downloads/Completed/zz-TV/Lost.Girl.S01.720p.x265-ZMNT/Lost.Girl.S01E01.720p.x265-ZMNT.mkv')
2026-07-03T09:54:56.839 thread=140406188664512 event=copy.file.done operation='copy' source=PosixPath('/home/xircon/dmnts/twotb/Downloads/Completed/Lost.Girl.S01.720p.x265-ZMNT/Lost.Girl.S01E01.720p.x265-ZMNT.mkv') target=PosixPath('/home/xircon/dmnts/twotb/Downloads/Completed/zz-TV/Lost.Girl.S01.720p.x265-ZMNT/Lost.Girl.S01E01.720p.x265-ZMNT.mkv') bytes=475277268 elapsed_seconds=0.881
2026-07-03T09:54:56.839 thread=140406188664512 event=copy.file.start operation='copy' source=PosixPath('/home/xircon/dmnts/twotb/Downloads/Completed/Lost.Girl.S01.720p.x265-ZMNT/Lost.Girl.S01E04.720p.x265-ZMNT.mkv') target=PosixPath('/home/xircon/dmnts/twotb/Downloads/Completed/zz-TV/Lost.Girl.S01.720p.x265-ZMNT/Lost.Girl.S01E04.720p.x265-ZMNT.mkv')
2026-07-03T09:54:57.664 thread=140406188664512 event=copy.file.done operation='copy' source=PosixPath('/home/xircon/dmnts/twotb/Downloads/Completed/Lost.Girl.S01.720p.x265-ZMNT/Lost.Girl.S01E04.720p.x265-ZMNT.mkv') target=PosixPath('/home/xircon/dmnts/twotb/Downloads/Completed/zz-TV/Lost.Girl.S01.720p.x265-ZMNT/Lost.Girl.S01E04.720p.x265-ZMNT.mkv') bytes=448338365 elapsed_seconds=0.825
2026-07-03T09:54:57.664 thread=140406188664512 event=copy.directory.done operation='copy' source=PosixPath('/home/xircon/dmnts/twotb/Downloads/Completed/Lost.Girl.S01.720p.x265-ZMNT') target=PosixPath('/home/xircon/dmnts/twotb/Downloads/Completed/zz-TV/Lost.Girl.S01.720p.x265-ZMNT') elapsed_seconds=11.693
2026-07-03T09:54:57.664 thread=140406188664512 event=operation.target.done operation='copy' source=PosixPath('/home/xircon/dmnts/twotb/Downloads/Completed/Lost.Girl.S01.720p.x265-ZMNT') target=PosixPath('/home/xircon/dmnts/twotb/Downloads/Completed/zz-TV/Lost.Girl.S01.720p.x265-ZMNT') done_bytes=6249123675
2026-07-03T09:54:57.665 thread=140406188664512 event=operation.target.start operation='copy' source=PosixPath('/home/xircon/dmnts/twotb/Downloads/Completed/Lost.Girl.S02.BDRip.x264-ION10') target=PosixPath('/home/xircon/dmnts/twotb/Downloads/Completed/zz-TV/Lost.Girl.S02.BDRip.x264-ION10')
2026-07-03T09:54:57.665 thread=140406188664512 event=copy.directory.start operation='copy' source=PosixPath('/home/xircon/dmnts/twotb/Downloads/Completed/Lost.Girl.S02.BDRip.x264-ION10') target=PosixPath('/home/xircon/dmnts/twotb/Downloads/Completed/zz-TV/Lost.Girl.S02.BDRip.x264-ION10')
2026-07-03T09:54:57.666 thread=140406188664512 event=copy.file.start operation='copy' source=PosixPath('/home/xircon/dmnts/twotb/Downloads/Completed/Lost.Girl.S02.BDRip.x264-ION10/Lost.Girl.S02E21.BDRip.x264-ION10.mp4') target=PosixPath('/home/xircon/dmnts/twotb/Downloads/Completed/zz-TV/Lost.Girl.S02.BDRip.x264-ION10/Lost.Girl.S02E21.BDRip.x264-ION10.mp4')
2026-07-03T09:54:58.534 thread=140406188664512 event=copy.file.done operation='copy' source=PosixPath('/home/xircon/dmnts/twotb/Downloads/Completed/Lost.Girl.S02.BDRip.x264-ION10/Lost.Girl.S02E21.BDRip.x264-ION10.mp4') target=PosixPath('/home/xircon/dmnts/twotb/Downloads/Completed/zz-TV/Lost.Girl.S02.BDRip.x264-ION10/Lost.Girl.S02E21.BDRip.x264-ION10.mp4') bytes=446305644 elapsed_seconds=0.868
2026-07-03T09:54:58.534 thread=140406188664512 event=copy.file.start operation='copy' source=PosixPath('/home/xircon/dmnts/twotb/Downloads/Completed/Lost.Girl.S02.BDRip.x264-ION10/Lost.Girl.S02E10.BDRip.x264-ION10.mp4') target=PosixPath('/home/xircon/dmnts/twotb/Downloads/Completed/zz-TV/Lost.Girl.S02.BDRip.x264-ION10/Lost.Girl.S02E10.BDRip.x264-ION10.mp4')
2026-07-03T09:54:59.400 thread=140406188664512 event=copy.file.done operation='copy' source=PosixPath('/home/xircon/dmnts/twotb/Downloads/Completed/Lost.Girl.S02.BDRip.x264-ION10/Lost.Girl.S02E10.BDRip.x264-ION10.mp4') target=PosixPath('/home/xircon/dmnts/twotb/Downloads/Completed/zz-TV/Lost.Girl.S02.BDRip.x264-ION10/Lost.Girl.S02E10.BDRip.x264-ION10.mp4') bytes=444854403 elapsed_seconds=0.866
2026-07-03T09:54:59.400 thread=140406188664512 event=copy.file.start operation='copy' source=PosixPath('/home/xircon/dmnts/twotb/Downloads/Completed/Lost.Girl.S02.BDRip.x264-ION10/Lost.Girl.S02E01.BDRip.x264-ION10.mp4') target=PosixPath('/home/xircon/dmnts/twotb/Downloads/Completed/zz-TV/Lost.Girl.S02.BDRip.x264-ION10/Lost.Girl.S02E01.BDRip.x264-ION10.mp4')
2026-07-03T09:55:00.268 thread=140406188664512 event=copy.file.done operation='copy' source=PosixPath('/home/xircon/dmnts/twotb/Downloads/Completed/Lost.Girl.S02.BDRip.x264-ION10/Lost.Girl.S02E01.BDRip.x264-ION10.mp4') target=PosixPath('/home/xircon/dmnts/twotb/Downloads/Completed/zz-TV/Lost.Girl.S02.BDRip.x264-ION10/Lost.Girl.S02E01.BDRip.x264-ION10.mp4') bytes=448068295 elapsed_seconds=0.868
2026-07-03T09:55:00.268 thread=140406188664512 event=copy.file.start operation='copy' source=PosixPath('/home/xircon/dmnts/twotb/Downloads/Completed/Lost.Girl.S02.BDRip.x264-ION10/RARBG.txt') target=PosixPath('/home/xircon/dmnts/twotb/Downloads/Completed/zz-TV/Lost.Girl.S02.BDRip.x264-ION10/RARBG.txt')
2026-07-03T09:55:00.269 thread=140406188664512 event=copy.file.done operation='copy' source=PosixPath('/home/xircon/dmnts/twotb/Downloads/Completed/Lost.Girl.S02.BDRip.x264-ION10/RARBG.txt') target=PosixPath('/home/xircon/dmnts/twotb/Downloads/Completed/zz-TV/Lost.Girl.S02.BDRip.x264-ION10/RARBG.txt') bytes=31 elapsed_seconds=0.001
2026-07-03T09:55:00.269 thread=140406188664512 event=copy.file.start operation='copy' source=PosixPath('/home/xircon/dmnts/twotb/Downloads/Completed/Lost.Girl.S02.BDRip.x264-ION10/Lost.Girl.S02E14.BDRip.x264-ION10.mp4') target=PosixPath('/home/xircon/dmnts/twotb/Downloads/Completed/zz-TV/Lost.Girl.S02.BDRip.x264-ION10/Lost.Girl.S02E14.BDRip.x264-ION10.mp4')
2026-07-03T09:55:01.130 thread=140406188664512 event=copy.file.done operation='copy' source=PosixPath('/home/xircon/dmnts/twotb/Downloads/Completed/Lost.Girl.S02.BDRip.x264-ION10/Lost.Girl.S02E14.BDRip.x264-ION10.mp4') target=PosixPath('/home/xircon/dmnts/twotb/Downloads/Completed/zz-TV/Lost.Girl.S02.BDRip.x264-ION10/Lost.Girl.S02E14.BDRip.x264-ION10.mp4') bytes=445777467 elapsed_seconds=0.861
2026-07-03T09:55:01.130 thread=140406188664512 event=copy.file.start operation='copy' source=PosixPath('/home/xircon/dmnts/twotb/Downloads/Completed/Lost.Girl.S02.BDRip.x264-ION10/Lost.Girl.S02E15.BDRip.x264-ION10.mp4') target=PosixPath('/home/xircon/dmnts/twotb/Downloads/Completed/zz-TV/Lost.Girl.S02.BDRip.x264-ION10/Lost.Girl.S02E15.BDRip.x264-ION10.mp4')
2026-07-03T09:55:01.995 thread=140406188664512 event=copy.file.done operation='copy' source=PosixPath('/home/xircon/dmnts/twotb/Downloads/Completed/Lost.Girl.S02.BDRip.x264-ION10/Lost.Girl.S02E15.BDRip.x264-ION10.mp4') target=PosixPath('/home/xircon/dmnts/twotb/Downloads/Completed/zz-TV/Lost.Girl.S02.BDRip.x264-ION10/Lost.Girl.S02E15.BDRip.x264-ION10.mp4') bytes=449297865 elapsed_seconds=0.865
2026-07-03T09:55:01.995 thread=140406188664512 event=copy.file.start operation='copy' source=PosixPath('/home/xircon/dmnts/twotb/Downloads/Completed/Lost.Girl.S02.BDRip.x264-ION10/Lost.Girl.S02E18.BDRip.x264-ION10.mp4') target=PosixPath('/home/xircon/dmnts/twotb/Downloads/Completed/zz-TV/Lost.Girl.S02.BDRip.x264-ION10/Lost.Girl.S02E18.BDRip.x264-ION10.mp4')
2026-07-03T09:55:02.853 thread=140406188664512 event=copy.file.done operation='copy' source=PosixPath('/home/xircon/dmnts/twotb/Downloads/Completed/Lost.Girl.S02.BDRip.x264-ION10/Lost.Girl.S02E18.BDRip.x264-ION10.mp4') target=PosixPath('/home/xircon/dmnts/twotb/Downloads/Completed/zz-TV/Lost.Girl.S02.BDRip.x264-ION10/Lost.Girl.S02E18.BDRip.x264-ION10.mp4') bytes=444698477 elapsed_seconds=0.858
2026-07-03T09:55:02.854 thread=140406188664512 event=copy.file.start operation='copy' source=PosixPath('/home/xircon/dmnts/twotb/Downloads/Completed/Lost.Girl.S02.BDRip.x264-ION10/Lost.Girl.S02E02.BDRip.x264-ION10.mp4') target=PosixPath('/home/xircon/dmnts/twotb/Downloads/Completed/zz-TV/Lost.Girl.S02.BDRip.x264-ION10/Lost.Girl.S02E02.BDRip.x264-ION10.mp4')
2026-07-03T09:55:03.700 thread=140406188664512 event=copy.file.done operation='copy' source=PosixPath('/home/xircon/dmnts/twotb/Downloads/Completed/Lost.Girl.S02.BDRip.x264-ION10/Lost.Girl.S02E02.BDRip.x264-ION10.mp4') target=PosixPath('/home/xircon/dmnts/twotb/Downloads/Completed/zz-TV/Lost.Girl.S02.BDRip.x264-ION10/Lost.Girl.S02E02.BDRip.x264-ION10.mp4') bytes=446678431 elapsed_seconds=0.847
2026-07-03T09:55:03.701 thread=140406188664512 event=copy.file.start operation='copy' source=PosixPath('/home/xircon/dmnts/twotb/Downloads/Completed/Lost.Girl.S02.BDRip.x264-ION10/Lost.Girl.S02E17.BDRip.x264-ION10.mp4') target=PosixPath('/home/xircon/dmnts/twotb/Downloads/Completed/zz-TV/Lost.Girl.S02.BDRip.x264-ION10/Lost.Girl.S02E17.BDRip.x264-ION10.mp4')
2026-07-03T09:55:04.569 thread=140406188664512 event=copy.file.done operation='copy' source=PosixPath('/home/xircon/dmnts/twotb/Downloads/Completed/Lost.Girl.S02.BDRip.x264-ION10/Lost.Girl.S02E17.BDRip.x264-ION10.mp4') target=PosixPath('/home/xircon/dmnts/twotb/Downloads/Completed/zz-TV/Lost.Girl.S02.BDRip.x264-ION10/Lost.Girl.S02E17.BDRip.x264-ION10.mp4') bytes=445720098 elapsed_seconds=0.869
2026-07-03T09:55:04.570 thread=140406188664512 event=copy.file.start operation='copy' source=PosixPath('/home/xircon/dmnts/twotb/Downloads/Completed/Lost.Girl.S02.BDRip.x264-ION10/Lost.Girl.S02E22.BDRip.x264-ION10.mp4') target=PosixPath('/home/xircon/dmnts/twotb/Downloads/Completed/zz-TV/Lost.Girl.S02.BDRip.x264-ION10/Lost.Girl.S02E22.BDRip.x264-ION10.mp4')
2026-07-03T09:55:05.447 thread=140406188664512 event=copy.file.done operation='copy' source=PosixPath('/home/xircon/dmnts/twotb/Downloads/Completed/Lost.Girl.S02.BDRip.x264-ION10/Lost.Girl.S02E22.BDRip.x264-ION10.mp4') target=PosixPath('/home/xircon/dmnts/twotb/Downloads/Completed/zz-TV/Lost.Girl.S02.BDRip.x264-ION10/Lost.Girl.S02E22.BDRip.x264-ION10.mp4') bytes=446569361 elapsed_seconds=0.878
2026-07-03T09:55:05.447 thread=140406188664512 event=copy.file.start operation='copy' source=PosixPath('/home/xircon/dmnts/twotb/Downloads/Completed/Lost.Girl.S02.BDRip.x264-ION10/Lost.Girl.S02E04.BDRip.x264-ION10.mp4') target=PosixPath('/home/xircon/dmnts/twotb/Downloads/Completed/zz-TV/Lost.Girl.S02.BDRip.x264-ION10/Lost.Girl.S02E04.BDRip.x264-ION10.mp4')
2026-07-03T09:55:06.316 thread=140406188664512 event=copy.file.done operation='copy' source=PosixPath('/home/xircon/dmnts/twotb/Downloads/Completed/Lost.Girl.S02.BDRip.x264-ION10/Lost.Girl.S02E04.BDRip.x264-ION10.mp4') target=PosixPath('/home/xircon/dmnts/twotb/Downloads/Completed/zz-TV/Lost.Girl.S02.BDRip.x264-ION10/Lost.Girl.S02E04.BDRip.x264-ION10.mp4') bytes=445860486 elapsed_seconds=0.869
2026-07-03T09:55:06.316 thread=140406188664512 event=copy.file.start operation='copy' source=PosixPath('/home/xircon/dmnts/twotb/Downloads/Completed/Lost.Girl.S02.BDRip.x264-ION10/Lost.Girl.S02E03.BDRip.x264-ION10.mp4') target=PosixPath('/home/xircon/dmnts/twotb/Downloads/Completed/zz-TV/Lost.Girl.S02.BDRip.x264-ION10/Lost.Girl.S02E03.BDRip.x264-ION10.mp4')
2026-07-03T09:55:07.186 thread=140406188664512 event=copy.file.done operation='copy' source=PosixPath('/home/xircon/dmnts/twotb/Downloads/Completed/Lost.Girl.S02.BDRip.x264-ION10/Lost.Girl.S02E03.BDRip.x264-ION10.mp4') target=PosixPath('/home/xircon/dmnts/twotb/Downloads/Completed/zz-TV/Lost.Girl.S02.BDRip.x264-ION10/Lost.Girl.S02E03.BDRip.x264-ION10.mp4') bytes=447012736 elapsed_seconds=0.869
2026-07-03T09:55:07.186 thread=140406188664512 event=copy.file.start operation='copy' source=PosixPath('/home/xircon/dmnts/twotb/Downloads/Completed/Lost.Girl.S02.BDRip.x264-ION10/Lost.Girl.S02E06.BDRip.x264-ION10.mp4') target=PosixPath('/home/xircon/dmnts/twotb/Downloads/Completed/zz-TV/Lost.Girl.S02.BDRip.x264-ION10/Lost.Girl.S02E06.BDRip.x264-ION10.mp4')
2026-07-03T09:55:08.052 thread=140406188664512 event=copy.file.done operation='copy' source=PosixPath('/home/xircon/dmnts/twotb/Downloads/Completed/Lost.Girl.S02.BDRip.x264-ION10/Lost.Girl.S02E06.BDRip.x264-ION10.mp4') target=PosixPath('/home/xircon/dmnts/twotb/Downloads/Completed/zz-TV/Lost.Girl.S02.BDRip.x264-ION10/Lost.Girl.S02E06.BDRip.x264-ION10.mp4') bytes=448887878 elapsed_seconds=0.866
2026-07-03T09:55:08.054 thread=140406188664512 event=copy.file.start operation='copy' source=PosixPath('/home/xircon/dmnts/twotb/Downloads/Completed/Lost.Girl.S02.BDRip.x264-ION10/Lost.Girl.S02E19.BDRip.x264-ION10.mp4') target=PosixPath('/home/xircon/dmnts/twotb/Downloads/Completed/zz-TV/Lost.Girl.S02.BDRip.x264-ION10/Lost.Girl.S02E19.BDRip.x264-ION10.mp4')
2026-07-03T09:55:08.920 thread=140406188664512 event=copy.file.done operation='copy' source=PosixPath('/home/xircon/dmnts/twotb/Downloads/Completed/Lost.Girl.S02.BDRip.x264-ION10/Lost.Girl.S02E19.BDRip.x264-ION10.mp4') target=PosixPath('/home/xircon/dmnts/twotb/Downloads/Completed/zz-TV/Lost.Girl.S02.BDRip.x264-ION10/Lost.Girl.S02E19.BDRip.x264-ION10.mp4') bytes=449154178 elapsed_seconds=0.866
2026-07-03T09:55:08.920 thread=140406188664512 event=copy.file.start operation='copy' source=PosixPath('/home/xircon/dmnts/twotb/Downloads/Completed/Lost.Girl.S02.BDRip.x264-ION10/Lost.Girl.S02E09.BDRip.x264-ION10.mp4') target=PosixPath('/home/xircon/dmnts/twotb/Downloads/Completed/zz-TV/Lost.Girl.S02.BDRip.x264-ION10/Lost.Girl.S02E09.BDRip.x264-ION10.mp4')
2026-07-03T09:55:09.800 thread=140406188664512 event=copy.file.done operation='copy' source=PosixPath('/home/xircon/dmnts/twotb/Downloads/Completed/Lost.Girl.S02.BDRip.x264-ION10/Lost.Girl.S02E09.BDRip.x264-ION10.mp4') target=PosixPath('/home/xircon/dmnts/twotb/Downloads/Completed/zz-TV/Lost.Girl.S02.BDRip.x264-ION10/Lost.Girl.S02E09.BDRip.x264-ION10.mp4') bytes=447146941 elapsed_seconds=0.881
2026-07-03T09:55:09.805 thread=140406188664512 event=copy.file.start operation='copy' source=PosixPath('/home/xircon/dmnts/twotb/Downloads/Completed/Lost.Girl.S02.BDRip.x264-ION10/Lost.Girl.S02E20.BDRip.x264-ION10.mp4') target=PosixPath('/home/xircon/dmnts/twotb/Downloads/Completed/zz-TV/Lost.Girl.S02.BDRip.x264-ION10/Lost.Girl.S02E20.BDRip.x264-ION10.mp4')
2026-07-03T09:55:10.670 thread=140406188664512 event=copy.file.done operation='copy' source=PosixPath('/home/xircon/dmnts/twotb/Downloads/Completed/Lost.Girl.S02.BDRip.x264-ION10/Lost.Girl.S02E20.BDRip.x264-ION10.mp4') target=PosixPath('/home/xircon/dmnts/twotb/Downloads/Completed/zz-TV/Lost.Girl.S02.BDRip.x264-ION10/Lost.Girl.S02E20.BDRip.x264-ION10.mp4') bytes=446064711 elapsed_seconds=0.865
2026-07-03T09:55:10.671 thread=140406188664512 event=copy.file.start operation='copy' source=PosixPath('/home/xircon/dmnts/twotb/Downloads/Completed/Lost.Girl.S02.BDRip.x264-ION10/Lost.Girl.S02E05.BDRip.x264-ION10.mp4') target=PosixPath('/home/xircon/dmnts/twotb/Downloads/Completed/zz-TV/Lost.Girl.S02.BDRip.x264-ION10/Lost.Girl.S02E05.BDRip.x264-ION10.mp4')
2026-07-03T09:55:11.526 thread=140406188664512 event=copy.file.done operation='copy' source=PosixPath('/home/xircon/dmnts/twotb/Downloads/Completed/Lost.Girl.S02.BDRip.x264-ION10/Lost.Girl.S02E05.BDRip.x264-ION10.mp4') target=PosixPath('/home/xircon/dmnts/twotb/Downloads/Completed/zz-TV/Lost.Girl.S02.BDRip.x264-ION10/Lost.Girl.S02E05.BDRip.x264-ION10.mp4') bytes=444850512 elapsed_seconds=0.856
2026-07-03T09:55:11.533 thread=140406188664512 event=copy.file.start operation='copy' source=PosixPath('/home/xircon/dmnts/twotb/Downloads/Completed/Lost.Girl.S02.BDRip.x264-ION10/Lost.Girl.S02E13.BDRip.x264-ION10.mp4') target=PosixPath('/home/xircon/dmnts/twotb/Downloads/Completed/zz-TV/Lost.Girl.S02.BDRip.x264-ION10/Lost.Girl.S02E13.BDRip.x264-ION10.mp4')
2026-07-03T09:55:12.427 thread=140406188664512 event=copy.file.done operation='copy' source=PosixPath('/home/xircon/dmnts/twotb/Downloads/Completed/Lost.Girl.S02.BDRip.x264-ION10/Lost.Girl.S02E13.BDRip.x264-ION10.mp4') target=PosixPath('/home/xircon/dmnts/twotb/Downloads/Completed/zz-TV/Lost.Girl.S02.BDRip.x264-ION10/Lost.Girl.S02E13.BDRip.x264-ION10.mp4') bytes=449135712 elapsed_seconds=0.893
2026-07-03T09:55:12.427 thread=140406188664512 event=copy.file.start operation='copy' source=PosixPath('/home/xircon/dmnts/twotb/Downloads/Completed/Lost.Girl.S02.BDRip.x264-ION10/Lost.Girl.S02E08.BDRip.x264-ION10.mp4') target=PosixPath('/home/xircon/dmnts/twotb/Downloads/Completed/zz-TV/Lost.Girl.S02.BDRip.x264-ION10/Lost.Girl.S02E08.BDRip.x264-ION10.mp4')
2026-07-03T09:55:13.269 thread=140406188664512 event=copy.file.done operation='copy' source=PosixPath('/home/xircon/dmnts/twotb/Downloads/Completed/Lost.Girl.S02.BDRip.x264-ION10/Lost.Girl.S02E08.BDRip.x264-ION10.mp4') target=PosixPath('/home/xircon/dmnts/twotb/Downloads/Completed/zz-TV/Lost.Girl.S02.BDRip.x264-ION10/Lost.Girl.S02E08.BDRip.x264-ION10.mp4') bytes=445701287 elapsed_seconds=0.842
2026-07-03T09:55:13.270 thread=140406188664512 event=copy.file.start operation='copy' source=PosixPath('/home/xircon/dmnts/twotb/Downloads/Completed/Lost.Girl.S02.BDRip.x264-ION10/Lost.Girl.S02E12.BDRip.x264-ION10.mp4') target=PosixPath('/home/xircon/dmnts/twotb/Downloads/Completed/zz-TV/Lost.Girl.S02.BDRip.x264-ION10/Lost.Girl.S02E12.BDRip.x264-ION10.mp4')
2026-07-03T09:55:14.141 thread=140406188664512 event=copy.file.done operation='copy' source=PosixPath('/home/xircon/dmnts/twotb/Downloads/Completed/Lost.Girl.S02.BDRip.x264-ION10/Lost.Girl.S02E12.BDRip.x264-ION10.mp4') target=PosixPath('/home/xircon/dmnts/twotb/Downloads/Completed/zz-TV/Lost.Girl.S02.BDRip.x264-ION10/Lost.Girl.S02E12.BDRip.x264-ION10.mp4') bytes=445877918 elapsed_seconds=0.871
2026-07-03T09:55:14.141 thread=140406188664512 event=copy.file.start operation='copy' source=PosixPath('/home/xircon/dmnts/twotb/Downloads/Completed/Lost.Girl.S02.BDRip.x264-ION10/Lost.Girl.S02E16.BDRip.x264-ION10.mp4') target=PosixPath('/home/xircon/dmnts/twotb/Downloads/Completed/zz-TV/Lost.Girl.S02.BDRip.x264-ION10/Lost.Girl.S02E16.BDRip.x264-ION10.mp4')
2026-07-03T09:55:15.004 thread=140406188664512 event=copy.file.done operation='copy' source=PosixPath('/home/xircon/dmnts/twotb/Downloads/Completed/Lost.Girl.S02.BDRip.x264-ION10/Lost.Girl.S02E16.BDRip.x264-ION10.mp4') target=PosixPath('/home/xircon/dmnts/twotb/Downloads/Completed/zz-TV/Lost.Girl.S02.BDRip.x264-ION10/Lost.Girl.S02E16.BDRip.x264-ION10.mp4') bytes=447189409 elapsed_seconds=0.863
2026-07-03T09:55:15.004 thread=140406188664512 event=copy.file.start operation='copy' source=PosixPath('/home/xircon/dmnts/twotb/Downloads/Completed/Lost.Girl.S02.BDRip.x264-ION10/Lost.Girl.S02E07.BDRip.x264-ION10.mp4') target=PosixPath('/home/xircon/dmnts/twotb/Downloads/Completed/zz-TV/Lost.Girl.S02.BDRip.x264-ION10/Lost.Girl.S02E07.BDRip.x264-ION10.mp4')
2026-07-03T09:55:15.879 thread=140406188664512 event=copy.file.done operation='copy' source=PosixPath('/home/xircon/dmnts/twotb/Downloads/Completed/Lost.Girl.S02.BDRip.x264-ION10/Lost.Girl.S02E07.BDRip.x264-ION10.mp4') target=PosixPath('/home/xircon/dmnts/twotb/Downloads/Completed/zz-TV/Lost.Girl.S02.BDRip.x264-ION10/Lost.Girl.S02E07.BDRip.x264-ION10.mp4') bytes=445568995 elapsed_seconds=0.875
2026-07-03T09:55:15.881 thread=140406188664512 event=copy.file.start operation='copy' source=PosixPath('/home/xircon/dmnts/twotb/Downloads/Completed/Lost.Girl.S02.BDRip.x264-ION10/Lost.Girl.S02E11.BDRip.x264-ION10.mp4') target=PosixPath('/home/xircon/dmnts/twotb/Downloads/Completed/zz-TV/Lost.Girl.S02.BDRip.x264-ION10/Lost.Girl.S02E11.BDRip.x264-ION10.mp4')
2026-07-03T09:55:16.733 thread=140406188664512 event=copy.file.done operation='copy' source=PosixPath('/home/xircon/dmnts/twotb/Downloads/Completed/Lost.Girl.S02.BDRip.x264-ION10/Lost.Girl.S02E11.BDRip.x264-ION10.mp4') target=PosixPath('/home/xircon/dmnts/twotb/Downloads/Completed/zz-TV/Lost.Girl.S02.BDRip.x264-ION10/Lost.Girl.S02E11.BDRip.x264-ION10.mp4') bytes=446919390 elapsed_seconds=0.852
2026-07-03T09:55:16.734 thread=140406188664512 event=copy.file.start operation='copy' source=PosixPath('/home/xircon/dmnts/twotb/Downloads/Completed/Lost.Girl.S02.BDRip.x264-ION10/Subs/Lost.Girl.S02E16.BDRip.x264-ION10.srt') target=PosixPath('/home/xircon/dmnts/twotb/Downloads/Completed/zz-TV/Lost.Girl.S02.BDRip.x264-ION10/Subs/Lost.Girl.S02E16.BDRip.x264-ION10.srt')
2026-07-03T09:55:16.735 thread=140406188664512 event=copy.file.done operation='copy' source=PosixPath('/home/xircon/dmnts/twotb/Downloads/Completed/Lost.Girl.S02.BDRip.x264-ION10/Subs/Lost.Girl.S02E16.BDRip.x264-ION10.srt') target=PosixPath('/home/xircon/dmnts/twotb/Downloads/Completed/zz-TV/Lost.Girl.S02.BDRip.x264-ION10/Subs/Lost.Girl.S02E16.BDRip.x264-ION10.srt') bytes=56941 elapsed_seconds=0.002
2026-07-03T09:55:16.736 thread=140406188664512 event=copy.file.start operation='copy' source=PosixPath('/home/xircon/dmnts/twotb/Downloads/Completed/Lost.Girl.S02.BDRip.x264-ION10/Subs/Lost.Girl.S02E15.BDRip.x264-ION10.srt') target=PosixPath('/home/xircon/dmnts/twotb/Downloads/Completed/zz-TV/Lost.Girl.S02.BDRip.x264-ION10/Subs/Lost.Girl.S02E15.BDRip.x264-ION10.srt')
2026-07-03T09:55:16.737 thread=140406188664512 event=copy.file.done operation='copy' source=PosixPath('/home/xircon/dmnts/twotb/Downloads/Completed/Lost.Girl.S02.BDRip.x264-ION10/Subs/Lost.Girl.S02E15.BDRip.x264-ION10.srt') target=PosixPath('/home/xircon/dmnts/twotb/Downloads/Completed/zz-TV/Lost.Girl.S02.BDRip.x264-ION10/Subs/Lost.Girl.S02E15.BDRip.x264-ION10.srt') bytes=60152 elapsed_seconds=0.001
2026-07-03T09:55:16.737 thread=140406188664512 event=copy.file.start operation='copy' source=PosixPath('/home/xircon/dmnts/twotb/Downloads/Completed/Lost.Girl.S02.BDRip.x264-ION10/Subs/Lost.Girl.S02E11.BDRip.x264-ION10.srt') target=PosixPath('/home/xircon/dmnts/twotb/Downloads/Completed/zz-TV/Lost.Girl.S02.BDRip.x264-ION10/Subs/Lost.Girl.S02E11.BDRip.x264-ION10.srt')
2026-07-03T09:55:16.746 thread=140406188664512 event=copy.file.done operation='copy' source=PosixPath('/home/xircon/dmnts/twotb/Downloads/Completed/Lost.Girl.S02.BDRip.x264-ION10/Subs/Lost.Girl.S02E11.BDRip.x264-ION10.srt') target=PosixPath('/home/xircon/dmnts/twotb/Downloads/Completed/zz-TV/Lost.Girl.S02.BDRip.x264-ION10/Subs/Lost.Girl.S02E11.BDRip.x264-ION10.srt') bytes=55850 elapsed_seconds=0.009
2026-07-03T09:55:16.746 thread=140406188664512 event=copy.file.start operation='copy' source=PosixPath('/home/xircon/dmnts/twotb/Downloads/Completed/Lost.Girl.S02.BDRip.x264-ION10/Subs/Lost.Girl.S02E12.BDRip.x264-ION10.srt') target=PosixPath('/home/xircon/dmnts/twotb/Downloads/Completed/zz-TV/Lost.Girl.S02.BDRip.x264-ION10/Subs/Lost.Girl.S02E12.BDRip.x264-ION10.srt')
2026-07-03T09:55:16.747 thread=140406188664512 event=copy.file.done operation='copy' source=PosixPath('/home/xircon/dmnts/twotb/Downloads/Completed/Lost.Girl.S02.BDRip.x264-ION10/Subs/Lost.Girl.S02E12.BDRip.x264-ION10.srt') target=PosixPath('/home/xircon/dmnts/twotb/Downloads/Completed/zz-TV/Lost.Girl.S02.BDRip.x264-ION10/Subs/Lost.Girl.S02E12.BDRip.x264-ION10.srt') bytes=49909 elapsed_seconds=0.001
2026-07-03T09:55:16.747 thread=140406188664512 event=copy.file.start operation='copy' source=PosixPath('/home/xircon/dmnts/twotb/Downloads/Completed/Lost.Girl.S02.BDRip.x264-ION10/Subs/Lost.Girl.S02E08.BDRip.x264-ION10.srt') target=PosixPath('/home/xircon/dmnts/twotb/Downloads/Completed/zz-TV/Lost.Girl.S02.BDRip.x264-ION10/Subs/Lost.Girl.S02E08.BDRip.x264-ION10.srt')
2026-07-03T09:55:16.748 thread=140406188664512 event=copy.file.done operation='copy' source=PosixPath('/home/xircon/dmnts/twotb/Downloads/Completed/Lost.Girl.S02.BDRip.x264-ION10/Subs/Lost.Girl.S02E08.BDRip.x264-ION10.srt') target=PosixPath('/home/xircon/dmnts/twotb/Downloads/Completed/zz-TV/Lost.Girl.S02.BDRip.x264-ION10/Subs/Lost.Girl.S02E08.BDRip.x264-ION10.srt') bytes=55564 elapsed_seconds=0.001
2026-07-03T09:55:16.748 thread=140406188664512 event=copy.file.start operation='copy' source=PosixPath('/home/xircon/dmnts/twotb/Downloads/Completed/Lost.Girl.S02.BDRip.x264-ION10/Subs/Lost.Girl.S02E07.BDRip.x264-ION10.srt') target=PosixPath('/home/xircon/dmnts/twotb/Downloads/Completed/zz-TV/Lost.Girl.S02.BDRip.x264-ION10/Subs/Lost.Girl.S02E07.BDRip.x264-ION10.srt')
2026-07-03T09:55:16.749 thread=140406188664512 event=copy.file.done operation='copy' source=PosixPath('/home/xircon/dmnts/twotb/Downloads/Completed/Lost.Girl.S02.BDRip.x264-ION10/Subs/Lost.Girl.S02E07.BDRip.x264-ION10.srt') target=PosixPath('/home/xircon/dmnts/twotb/Downloads/Completed/zz-TV/Lost.Girl.S02.BDRip.x264-ION10/Subs/Lost.Girl.S02E07.BDRip.x264-ION10.srt') bytes=49981 elapsed_seconds=0.001
2026-07-03T09:55:16.750 thread=140406188664512 event=copy.file.start operation='copy' source=PosixPath('/home/xircon/dmnts/twotb/Downloads/Completed/Lost.Girl.S02.BDRip.x264-ION10/Subs/Lost.Girl.S02E19.BDRip.x264-ION10.srt') target=PosixPath('/home/xircon/dmnts/twotb/Downloads/Completed/zz-TV/Lost.Girl.S02.BDRip.x264-ION10/Subs/Lost.Girl.S02E19.BDRip.x264-ION10.srt')
2026-07-03T09:55:16.751 thread=140406188664512 event=copy.file.done operation='copy' source=PosixPath('/home/xircon/dmnts/twotb/Downloads/Completed/Lost.Girl.S02.BDRip.x264-ION10/Subs/Lost.Girl.S02E19.BDRip.x264-ION10.srt') target=PosixPath('/home/xircon/dmnts/twotb/Downloads/Completed/zz-TV/Lost.Girl.S02.BDRip.x264-ION10/Subs/Lost.Girl.S02E19.BDRip.x264-ION10.srt') bytes=49965 elapsed_seconds=0.001
2026-07-03T09:55:16.751 thread=140406188664512 event=copy.file.start operation='copy' source=PosixPath('/home/xircon/dmnts/twotb/Downloads/Completed/Lost.Girl.S02.BDRip.x264-ION10/Subs/Lost.Girl.S02E18.BDRip.x264-ION10.srt') target=PosixPath('/home/xircon/dmnts/twotb/Downloads/Completed/zz-TV/Lost.Girl.S02.BDRip.x264-ION10/Subs/Lost.Girl.S02E18.BDRip.x264-ION10.srt')
2026-07-03T09:55:16.752 thread=140406188664512 event=copy.file.done operation='copy' source=PosixPath('/home/xircon/dmnts/twotb/Downloads/Completed/Lost.Girl.S02.BDRip.x264-ION10/Subs/Lost.Girl.S02E18.BDRip.x264-ION10.srt') target=PosixPath('/home/xircon/dmnts/twotb/Downloads/Completed/zz-TV/Lost.Girl.S02.BDRip.x264-ION10/Subs/Lost.Girl.S02E18.BDRip.x264-ION10.srt') bytes=52957 elapsed_seconds=0.001
2026-07-03T09:55:16.752 thread=140406188664512 event=copy.file.start operation='copy' source=PosixPath('/home/xircon/dmnts/twotb/Downloads/Completed/Lost.Girl.S02.BDRip.x264-ION10/Subs/Lost.Girl.S02E02.BDRip.x264-ION10.srt') target=PosixPath('/home/xircon/dmnts/twotb/Downloads/Completed/zz-TV/Lost.Girl.S02.BDRip.x264-ION10/Subs/Lost.Girl.S02E02.BDRip.x264-ION10.srt')
2026-07-03T09:55:16.753 thread=140406188664512 event=copy.file.done operation='copy' source=PosixPath('/home/xircon/dmnts/twotb/Downloads/Completed/Lost.Girl.S02.BDRip.x264-ION10/Subs/Lost.Girl.S02E02.BDRip.x264-ION10.srt') target=PosixPath('/home/xircon/dmnts/twotb/Downloads/Completed/zz-TV/Lost.Girl.S02.BDRip.x264-ION10/Subs/Lost.Girl.S02E02.BDRip.x264-ION10.srt') bytes=48478 elapsed_seconds=0.001
2026-07-03T09:55:16.753 thread=140406188664512 event=copy.file.start operation='copy' source=PosixPath('/home/xircon/dmnts/twotb/Downloads/Completed/Lost.Girl.S02.BDRip.x264-ION10/Subs/Lost.Girl.S02E09.BDRip.x264-ION10.srt') target=PosixPath('/home/xircon/dmnts/twotb/Downloads/Completed/zz-TV/Lost.Girl.S02.BDRip.x264-ION10/Subs/Lost.Girl.S02E09.BDRip.x264-ION10.srt')
2026-07-03T09:55:16.754 thread=140406188664512 event=copy.file.done operation='copy' source=PosixPath('/home/xircon/dmnts/twotb/Downloads/Completed/Lost.Girl.S02.BDRip.x264-ION10/Subs/Lost.Girl.S02E09.BDRip.x264-ION10.srt') target=PosixPath('/home/xircon/dmnts/twotb/Downloads/Completed/zz-TV/Lost.Girl.S02.BDRip.x264-ION10/Subs/Lost.Girl.S02E09.BDRip.x264-ION10.srt') bytes=51223 elapsed_seconds=0.001
2026-07-03T09:55:16.754 thread=140406188664512 event=copy.file.start operation='copy' source=PosixPath('/home/xircon/dmnts/twotb/Downloads/Completed/Lost.Girl.S02.BDRip.x264-ION10/Subs/Lost.Girl.S02E20.BDRip.x264-ION10.srt') target=PosixPath('/home/xircon/dmnts/twotb/Downloads/Completed/zz-TV/Lost.Girl.S02.BDRip.x264-ION10/Subs/Lost.Girl.S02E20.BDRip.x264-ION10.srt')
2026-07-03T09:55:16.755 thread=140406188664512 event=copy.file.done operation='copy' source=PosixPath('/home/xircon/dmnts/twotb/Downloads/Completed/Lost.Girl.S02.BDRip.x264-ION10/Subs/Lost.Girl.S02E20.BDRip.x264-ION10.srt') target=PosixPath('/home/xircon/dmnts/twotb/Downloads/Completed/zz-TV/Lost.Girl.S02.BDRip.x264-ION10/Subs/Lost.Girl.S02E20.BDRip.x264-ION10.srt') bytes=39874 elapsed_seconds=0.001
2026-07-03T09:55:16.755 thread=140406188664512 event=copy.file.start operation='copy' source=PosixPath('/home/xircon/dmnts/twotb/Downloads/Completed/Lost.Girl.S02.BDRip.x264-ION10/Subs/Lost.Girl.S02E13.BDRip.x264-ION10.srt') target=PosixPath('/home/xircon/dmnts/twotb/Downloads/Completed/zz-TV/Lost.Girl.S02.BDRip.x264-ION10/Subs/Lost.Girl.S02E13.BDRip.x264-ION10.srt')
2026-07-03T09:55:16.756 thread=140406188664512 event=copy.file.done operation='copy' source=PosixPath('/home/xircon/dmnts/twotb/Downloads/Completed/Lost.Girl.S02.BDRip.x264-ION10/Subs/Lost.Girl.S02E13.BDRip.x264-ION10.srt') target=PosixPath('/home/xircon/dmnts/twotb/Downloads/Completed/zz-TV/Lost.Girl.S02.BDRip.x264-ION10/Subs/Lost.Girl.S02E13.BDRip.x264-ION10.srt') bytes=44882 elapsed_seconds=0.001
2026-07-03T09:55:16.756 thread=140406188664512 event=copy.file.start operation='copy' source=PosixPath('/home/xircon/dmnts/twotb/Downloads/Completed/Lost.Girl.S02.BDRip.x264-ION10/Subs/Lost.Girl.S02E04.BDRip.x264-ION10.srt') target=PosixPath('/home/xircon/dmnts/twotb/Downloads/Completed/zz-TV/Lost.Girl.S02.BDRip.x264-ION10/Subs/Lost.Girl.S02E04.BDRip.x264-ION10.srt')
2026-07-03T09:55:16.757 thread=140406188664512 event=copy.file.done operation='copy' source=PosixPath('/home/xircon/dmnts/twotb/Downloads/Completed/Lost.Girl.S02.BDRip.x264-ION10/Subs/Lost.Girl.S02E04.BDRip.x264-ION10.srt') target=PosixPath('/home/xircon/dmnts/twotb/Downloads/Completed/zz-TV/Lost.Girl.S02.BDRip.x264-ION10/Subs/Lost.Girl.S02E04.BDRip.x264-ION10.srt') bytes=52187 elapsed_seconds=0.001
2026-07-03T09:55:16.758 thread=140406188664512 event=copy.file.start operation='copy' source=PosixPath('/home/xircon/dmnts/twotb/Downloads/Completed/Lost.Girl.S02.BDRip.x264-ION10/Subs/Lost.Girl.S02E17.BDRip.x264-ION10.srt') target=PosixPath('/home/xircon/dmnts/twotb/Downloads/Completed/zz-TV/Lost.Girl.S02.BDRip.x264-ION10/Subs/Lost.Girl.S02E17.BDRip.x264-ION10.srt')
2026-07-03T09:55:16.758 thread=140406188664512 event=copy.file.done operation='copy' source=PosixPath('/home/xircon/dmnts/twotb/Downloads/Completed/Lost.Girl.S02.BDRip.x264-ION10/Subs/Lost.Girl.S02E17.BDRip.x264-ION10.srt') target=PosixPath('/home/xircon/dmnts/twotb/Downloads/Completed/zz-TV/Lost.Girl.S02.BDRip.x264-ION10/Subs/Lost.Girl.S02E17.BDRip.x264-ION10.srt') bytes=46618 elapsed_seconds=0.001
2026-07-03T09:55:16.759 thread=140406188664512 event=copy.file.start operation='copy' source=PosixPath('/home/xircon/dmnts/twotb/Downloads/Completed/Lost.Girl.S02.BDRip.x264-ION10/Subs/Lost.Girl.S02E06.BDRip.x264-ION10.srt') target=PosixPath('/home/xircon/dmnts/twotb/Downloads/Completed/zz-TV/Lost.Girl.S02.BDRip.x264-ION10/Subs/Lost.Girl.S02E06.BDRip.x264-ION10.srt')
2026-07-03T09:55:16.760 thread=140406188664512 event=copy.file.done operation='copy' source=PosixPath('/home/xircon/dmnts/twotb/Downloads/Completed/Lost.Girl.S02.BDRip.x264-ION10/Subs/Lost.Girl.S02E06.BDRip.x264-ION10.srt') target=PosixPath('/home/xircon/dmnts/twotb/Downloads/Completed/zz-TV/Lost.Girl.S02.BDRip.x264-ION10/Subs/Lost.Girl.S02E06.BDRip.x264-ION10.srt') bytes=51587 elapsed_seconds=0.001
2026-07-03T09:55:16.760 thread=140406188664512 event=copy.file.start operation='copy' source=PosixPath('/home/xircon/dmnts/twotb/Downloads/Completed/Lost.Girl.S02.BDRip.x264-ION10/Subs/Lost.Girl.S02E21.BDRip.x264-ION10.srt') target=PosixPath('/home/xircon/dmnts/twotb/Downloads/Completed/zz-TV/Lost.Girl.S02.BDRip.x264-ION10/Subs/Lost.Girl.S02E21.BDRip.x264-ION10.srt')
2026-07-03T09:55:16.761 thread=140406188664512 event=copy.file.done operation='copy' source=PosixPath('/home/xircon/dmnts/twotb/Downloads/Completed/Lost.Girl.S02.BDRip.x264-ION10/Subs/Lost.Girl.S02E21.BDRip.x264-ION10.srt') target=PosixPath('/home/xircon/dmnts/twotb/Downloads/Completed/zz-TV/Lost.Girl.S02.BDRip.x264-ION10/Subs/Lost.Girl.S02E21.BDRip.x264-ION10.srt') bytes=43760 elapsed_seconds=0.001
2026-07-03T09:55:16.761 thread=140406188664512 event=copy.file.start operation='copy' source=PosixPath('/home/xircon/dmnts/twotb/Downloads/Completed/Lost.Girl.S02.BDRip.x264-ION10/Subs/Lost.Girl.S02E22.BDRip.x264-ION10.srt') target=PosixPath('/home/xircon/dmnts/twotb/Downloads/Completed/zz-TV/Lost.Girl.S02.BDRip.x264-ION10/Subs/Lost.Girl.S02E22.BDRip.x264-ION10.srt')
2026-07-03T09:55:16.762 thread=140406188664512 event=copy.file.done operation='copy' source=PosixPath('/home/xircon/dmnts/twotb/Downloads/Completed/Lost.Girl.S02.BDRip.x264-ION10/Subs/Lost.Girl.S02E22.BDRip.x264-ION10.srt') target=PosixPath('/home/xircon/dmnts/twotb/Downloads/Completed/zz-TV/Lost.Girl.S02.BDRip.x264-ION10/Subs/Lost.Girl.S02E22.BDRip.x264-ION10.srt') bytes=45190 elapsed_seconds=0.001
2026-07-03T09:55:16.762 thread=140406188664512 event=copy.file.start operation='copy' source=PosixPath('/home/xircon/dmnts/twotb/Downloads/Completed/Lost.Girl.S02.BDRip.x264-ION10/Subs/Lost.Girl.S02E01.BDRip.x264-ION10.srt') target=PosixPath('/home/xircon/dmnts/twotb/Downloads/Completed/zz-TV/Lost.Girl.S02.BDRip.x264-ION10/Subs/Lost.Girl.S02E01.BDRip.x264-ION10.srt')
2026-07-03T09:55:16.763 thread=140406188664512 event=copy.file.done operation='copy' source=PosixPath('/home/xircon/dmnts/twotb/Downloads/Completed/Lost.Girl.S02.BDRip.x264-ION10/Subs/Lost.Girl.S02E01.BDRip.x264-ION10.srt') target=PosixPath('/home/xircon/dmnts/twotb/Downloads/Completed/zz-TV/Lost.Girl.S02.BDRip.x264-ION10/Subs/Lost.Girl.S02E01.BDRip.x264-ION10.srt') bytes=51066 elapsed_seconds=0.001
2026-07-03T09:55:16.763 thread=140406188664512 event=copy.file.start operation='copy' source=PosixPath('/home/xircon/dmnts/twotb/Downloads/Completed/Lost.Girl.S02.BDRip.x264-ION10/Subs/Lost.Girl.S02E10.BDRip.x264-ION10.srt') target=PosixPath('/home/xircon/dmnts/twotb/Downloads/Completed/zz-TV/Lost.Girl.S02.BDRip.x264-ION10/Subs/Lost.Girl.S02E10.BDRip.x264-ION10.srt')
2026-07-03T09:55:16.764 thread=140406188664512 event=copy.file.done operation='copy' source=PosixPath('/home/xircon/dmnts/twotb/Downloads/Completed/Lost.Girl.S02.BDRip.x264-ION10/Subs/Lost.Girl.S02E10.BDRip.x264-ION10.srt') target=PosixPath('/home/xircon/dmnts/twotb/Downloads/Completed/zz-TV/Lost.Girl.S02.BDRip.x264-ION10/Subs/Lost.Girl.S02E10.BDRip.x264-ION10.srt') bytes=54028 elapsed_seconds=0.001
2026-07-03T09:55:16.764 thread=140406188664512 event=copy.file.start operation='copy' source=PosixPath('/home/xircon/dmnts/twotb/Downloads/Completed/Lost.Girl.S02.BDRip.x264-ION10/Subs/Lost.Girl.S02E05.BDRip.x264-ION10.srt') target=PosixPath('/home/xircon/dmnts/twotb/Downloads/Completed/zz-TV/Lost.Girl.S02.BDRip.x264-ION10/Subs/Lost.Girl.S02E05.BDRip.x264-ION10.srt')
2026-07-03T09:55:16.766 thread=140406188664512 event=copy.file.done operation='copy' source=PosixPath('/home/xircon/dmnts/twotb/Downloads/Completed/Lost.Girl.S02.BDRip.x264-ION10/Subs/Lost.Girl.S02E05.BDRip.x264-ION10.srt') target=PosixPath('/home/xircon/dmnts/twotb/Downloads/Completed/zz-TV/Lost.Girl.S02.BDRip.x264-ION10/Subs/Lost.Girl.S02E05.BDRip.x264-ION10.srt') bytes=48578 elapsed_seconds=0.001
2026-07-03T09:55:16.766 thread=140406188664512 event=copy.file.start operation='copy' source=PosixPath('/home/xircon/dmnts/twotb/Downloads/Completed/Lost.Girl.S02.BDRip.x264-ION10/Subs/Lost.Girl.S02E03.BDRip.x264-ION10.srt') target=PosixPath('/home/xircon/dmnts/twotb/Downloads/Completed/zz-TV/Lost.Girl.S02.BDRip.x264-ION10/Subs/Lost.Girl.S02E03.BDRip.x264-ION10.srt')
2026-07-03T09:55:16.767 thread=140406188664512 event=copy.file.done operation='copy' source=PosixPath('/home/xircon/dmnts/twotb/Downloads/Completed/Lost.Girl.S02.BDRip.x264-ION10/Subs/Lost.Girl.S02E03.BDRip.x264-ION10.srt') target=PosixPath('/home/xircon/dmnts/twotb/Downloads/Completed/zz-TV/Lost.Girl.S02.BDRip.x264-ION10/Subs/Lost.Girl.S02E03.BDRip.x264-ION10.srt') bytes=40283 elapsed_seconds=0.001
2026-07-03T09:55:16.767 thread=140406188664512 event=copy.file.start operation='copy' source=PosixPath('/home/xircon/dmnts/twotb/Downloads/Completed/Lost.Girl.S02.BDRip.x264-ION10/Subs/Lost.Girl.S02E14.BDRip.x264-ION10.srt') target=PosixPath('/home/xircon/dmnts/twotb/Downloads/Completed/zz-TV/Lost.Girl.S02.BDRip.x264-ION10/Subs/Lost.Girl.S02E14.BDRip.x264-ION10.srt')
2026-07-03T09:55:16.768 thread=140406188664512 event=copy.file.done operation='copy' source=PosixPath('/home/xircon/dmnts/twotb/Downloads/Completed/Lost.Girl.S02.BDRip.x264-ION10/Subs/Lost.Girl.S02E14.BDRip.x264-ION10.srt') target=PosixPath('/home/xircon/dmnts/twotb/Downloads/Completed/zz-TV/Lost.Girl.S02.BDRip.x264-ION10/Subs/Lost.Girl.S02E14.BDRip.x264-ION10.srt') bytes=47352 elapsed_seconds=0.001
2026-07-03T09:55:16.768 thread=140406188664512 event=copy.directory.done operation='copy' source=PosixPath('/home/xircon/dmnts/twotb/Downloads/Completed/Lost.Girl.S02.BDRip.x264-ION10') target=PosixPath('/home/xircon/dmnts/twotb/Downloads/Completed/zz-TV/Lost.Girl.S02.BDRip.x264-ION10') elapsed_seconds=19.103
2026-07-03T09:55:16.768 thread=140406188664512 event=operation.target.done operation='copy' source=PosixPath('/home/xircon/dmnts/twotb/Downloads/Completed/Lost.Girl.S02.BDRip.x264-ION10') target=PosixPath('/home/xircon/dmnts/twotb/Downloads/Completed/zz-TV/Lost.Girl.S02.BDRip.x264-ION10') done_bytes=16077560325
2026-07-03T09:55:16.768 thread=140406188664512 event=operation.target.start operation='copy' source=PosixPath('/home/xircon/dmnts/twotb/Downloads/Completed/Lost.Girl.S03.BDRip.x264-ION10') target=PosixPath('/home/xircon/dmnts/twotb/Downloads/Completed/zz-TV/Lost.Girl.S03.BDRip.x264-ION10')
2026-07-03T09:55:16.768 thread=140406188664512 event=copy.directory.start operation='copy' source=PosixPath('/home/xircon/dmnts/twotb/Downloads/Completed/Lost.Girl.S03.BDRip.x264-ION10') target=PosixPath('/home/xircon/dmnts/twotb/Downloads/Completed/zz-TV/Lost.Girl.S03.BDRip.x264-ION10')
2026-07-03T09:55:16.769 thread=140406188664512 event=copy.file.start operation='copy' source=PosixPath('/home/xircon/dmnts/twotb/Downloads/Completed/Lost.Girl.S03.BDRip.x264-ION10/Lost.Girl.S03E07.BDRip.x264-ION10.mp4') target=PosixPath('/home/xircon/dmnts/twotb/Downloads/Completed/zz-TV/Lost.Girl.S03.BDRip.x264-ION10/Lost.Girl.S03E07.BDRip.x264-ION10.mp4')
2026-07-03T09:55:17.627 thread=140406188664512 event=copy.file.done operation='copy' source=PosixPath('/home/xircon/dmnts/twotb/Downloads/Completed/Lost.Girl.S03.BDRip.x264-ION10/Lost.Girl.S03E07.BDRip.x264-ION10.mp4') target=PosixPath('/home/xircon/dmnts/twotb/Downloads/Completed/zz-TV/Lost.Girl.S03.BDRip.x264-ION10/Lost.Girl.S03E07.BDRip.x264-ION10.mp4') bytes=444135186 elapsed_seconds=0.858
2026-07-03T09:55:17.628 thread=140406188664512 event=copy.file.start operation='copy' source=PosixPath('/home/xircon/dmnts/twotb/Downloads/Completed/Lost.Girl.S03.BDRip.x264-ION10/Lost.Girl.S03E04.BDRip.x264-ION10.mp4') target=PosixPath('/home/xircon/dmnts/twotb/Downloads/Completed/zz-TV/Lost.Girl.S03.BDRip.x264-ION10/Lost.Girl.S03E04.BDRip.x264-ION10.mp4')
2026-07-03T09:55:18.498 thread=140406188664512 event=copy.file.done operation='copy' source=PosixPath('/home/xircon/dmnts/twotb/Downloads/Completed/Lost.Girl.S03.BDRip.x264-ION10/Lost.Girl.S03E04.BDRip.x264-ION10.mp4') target=PosixPath('/home/xircon/dmnts/twotb/Downloads/Completed/zz-TV/Lost.Girl.S03.BDRip.x264-ION10/Lost.Girl.S03E04.BDRip.x264-ION10.mp4') bytes=447882012 elapsed_seconds=0.87
2026-07-03T09:55:18.498 thread=140406188664512 event=copy.file.start operation='copy' source=PosixPath('/home/xircon/dmnts/twotb/Downloads/Completed/Lost.Girl.S03.BDRip.x264-ION10/Lost.Girl.S03E02.BDRip.x264-ION10.mp4') target=PosixPath('/home/xircon/dmnts/twotb/Downloads/Completed/zz-TV/Lost.Girl.S03.BDRip.x264-ION10/Lost.Girl.S03E02.BDRip.x264-ION10.mp4')
2026-07-03T09:55:19.368 thread=140406188664512 event=copy.file.done operation='copy' source=PosixPath('/home/xircon/dmnts/twotb/Downloads/Completed/Lost.Girl.S03.BDRip.x264-ION10/Lost.Girl.S03E02.BDRip.x264-ION10.mp4') target=PosixPath('/home/xircon/dmnts/twotb/Downloads/Completed/zz-TV/Lost.Girl.S03.BDRip.x264-ION10/Lost.Girl.S03E02.BDRip.x264-ION10.mp4') bytes=448433837 elapsed_seconds=0.87
2026-07-03T09:55:19.368 thread=140406188664512 event=copy.file.start operation='copy' source=PosixPath('/home/xircon/dmnts/twotb/Downloads/Completed/Lost.Girl.S03.BDRip.x264-ION10/Lost.Girl.S03E05.BDRip.x264-ION10.mp4') target=PosixPath('/home/xircon/dmnts/twotb/Downloads/Completed/zz-TV/Lost.Girl.S03.BDRip.x264-ION10/Lost.Girl.S03E05.BDRip.x264-ION10.mp4')
2026-07-03T09:55:20.215 thread=140406188664512 event=copy.file.done operation='copy' source=PosixPath('/home/xircon/dmnts/twotb/Downloads/Completed/Lost.Girl.S03.BDRip.x264-ION10/Lost.Girl.S03E05.BDRip.x264-ION10.mp4') target=PosixPath('/home/xircon/dmnts/twotb/Downloads/Completed/zz-TV/Lost.Girl.S03.BDRip.x264-ION10/Lost.Girl.S03E05.BDRip.x264-ION10.mp4') bytes=447004110 elapsed_seconds=0.847
2026-07-03T09:55:20.218 thread=140406188664512 event=copy.file.start operation='copy' source=PosixPath('/home/xircon/dmnts/twotb/Downloads/Completed/Lost.Girl.S03.BDRip.x264-ION10/RARBG.txt') target=PosixPath('/home/xircon/dmnts/twotb/Downloads/Completed/zz-TV/Lost.Girl.S03.BDRip.x264-ION10/RARBG.txt')
2026-07-03T09:55:20.219 thread=140406188664512 event=copy.file.done operation='copy' source=PosixPath('/home/xircon/dmnts/twotb/Downloads/Completed/Lost.Girl.S03.BDRip.x264-ION10/RARBG.txt') target=PosixPath('/home/xircon/dmnts/twotb/Downloads/Completed/zz-TV/Lost.Girl.S03.BDRip.x264-ION10/RARBG.txt') bytes=31 elapsed_seconds=0.001
2026-07-03T09:55:20.219 thread=140406188664512 event=copy.file.start operation='copy' source=PosixPath('/home/xircon/dmnts/twotb/Downloads/Completed/Lost.Girl.S03.BDRip.x264-ION10/Lost.Girl.S03E03.BDRip.x264-ION10.mp4') target=PosixPath('/home/xircon/dmnts/twotb/Downloads/Completed/zz-TV/Lost.Girl.S03.BDRip.x264-ION10/Lost.Girl.S03E03.BDRip.x264-ION10.mp4')
2026-07-03T09:55:21.111 thread=140406188664512 event=copy.file.done operation='copy' source=PosixPath('/home/xircon/dmnts/twotb/Downloads/Completed/Lost.Girl.S03.BDRip.x264-ION10/Lost.Girl.S03E03.BDRip.x264-ION10.mp4') target=PosixPath('/home/xircon/dmnts/twotb/Downloads/Completed/zz-TV/Lost.Girl.S03.BDRip.x264-ION10/Lost.Girl.S03E03.BDRip.x264-ION10.mp4') bytes=447704638 elapsed_seconds=0.892
2026-07-03T09:55:21.112 thread=140406188664512 event=copy.file.start operation='copy' source=PosixPath('/home/xircon/dmnts/twotb/Downloads/Completed/Lost.Girl.S03.BDRip.x264-ION10/Lost.Girl.S03E13.BDRip.x264-ION10.mp4') target=PosixPath('/home/xircon/dmnts/twotb/Downloads/Completed/zz-TV/Lost.Girl.S03.BDRip.x264-ION10/Lost.Girl.S03E13.BDRip.x264-ION10.mp4')
2026-07-03T09:55:21.973 thread=140406188664512 event=copy.file.done operation='copy' source=PosixPath('/home/xircon/dmnts/twotb/Downloads/Completed/Lost.Girl.S03.BDRip.x264-ION10/Lost.Girl.S03E13.BDRip.x264-ION10.mp4') target=PosixPath('/home/xircon/dmnts/twotb/Downloads/Completed/zz-TV/Lost.Girl.S03.BDRip.x264-ION10/Lost.Girl.S03E13.BDRip.x264-ION10.mp4') bytes=448927854 elapsed_seconds=0.861
2026-07-03T09:55:21.973 thread=140406188664512 event=copy.file.start operation='copy' source=PosixPath('/home/xircon/dmnts/twotb/Downloads/Completed/Lost.Girl.S03.BDRip.x264-ION10/Lost.Girl.S03E08.BDRip.x264-ION10.mp4') target=PosixPath('/home/xircon/dmnts/twotb/Downloads/Completed/zz-TV/Lost.Girl.S03.BDRip.x264-ION10/Lost.Girl.S03E08.BDRip.x264-ION10.mp4')
2026-07-03T09:55:22.825 thread=140406188664512 event=copy.file.done operation='copy' source=PosixPath('/home/xircon/dmnts/twotb/Downloads/Completed/Lost.Girl.S03.BDRip.x264-ION10/Lost.Girl.S03E08.BDRip.x264-ION10.mp4') target=PosixPath('/home/xircon/dmnts/twotb/Downloads/Completed/zz-TV/Lost.Girl.S03.BDRip.x264-ION10/Lost.Girl.S03E08.BDRip.x264-ION10.mp4') bytes=446484467 elapsed_seconds=0.852
2026-07-03T09:55:22.826 thread=140406188664512 event=copy.file.start operation='copy' source=PosixPath('/home/xircon/dmnts/twotb/Downloads/Completed/Lost.Girl.S03.BDRip.x264-ION10/Lost.Girl.S03E11.BDRip.x264-ION10.mp4') target=PosixPath('/home/xircon/dmnts/twotb/Downloads/Completed/zz-TV/Lost.Girl.S03.BDRip.x264-ION10/Lost.Girl.S03E11.BDRip.x264-ION10.mp4')
2026-07-03T09:55:23.719 thread=140406188664512 event=copy.file.done operation='copy' source=PosixPath('/home/xircon/dmnts/twotb/Downloads/Completed/Lost.Girl.S03.BDRip.x264-ION10/Lost.Girl.S03E11.BDRip.x264-ION10.mp4') target=PosixPath('/home/xircon/dmnts/twotb/Downloads/Completed/zz-TV/Lost.Girl.S03.BDRip.x264-ION10/Lost.Girl.S03E11.BDRip.x264-ION10.mp4') bytes=451582374 elapsed_seconds=0.893
2026-07-03T09:55:23.719 thread=140406188664512 event=copy.file.start operation='copy' source=PosixPath('/home/xircon/dmnts/twotb/Downloads/Completed/Lost.Girl.S03.BDRip.x264-ION10/Lost.Girl.S03E09.BDRip.x264-ION10.mp4') target=PosixPath('/home/xircon/dmnts/twotb/Downloads/Completed/zz-TV/Lost.Girl.S03.BDRip.x264-ION10/Lost.Girl.S03E09.BDRip.x264-ION10.mp4')
2026-07-03T09:55:24.618 thread=140406188664512 event=copy.file.done operation='copy' source=PosixPath('/home/xircon/dmnts/twotb/Downloads/Completed/Lost.Girl.S03.BDRip.x264-ION10/Lost.Girl.S03E09.BDRip.x264-ION10.mp4') target=PosixPath('/home/xircon/dmnts/twotb/Downloads/Completed/zz-TV/Lost.Girl.S03.BDRip.x264-ION10/Lost.Girl.S03E09.BDRip.x264-ION10.mp4') bytes=446163027 elapsed_seconds=0.899
2026-07-03T09:55:24.620 thread=140406188664512 event=copy.file.start operation='copy' source=PosixPath('/home/xircon/dmnts/twotb/Downloads/Completed/Lost.Girl.S03.BDRip.x264-ION10/Lost.Girl.S03E10.BDRip.x264-ION10.mp4') target=PosixPath('/home/xircon/dmnts/twotb/Downloads/Completed/zz-TV/Lost.Girl.S03.BDRip.x264-ION10/Lost.Girl.S03E10.BDRip.x264-ION10.mp4')
2026-07-03T09:55:25.455 thread=140406188664512 event=copy.file.done operation='copy' source=PosixPath('/home/xircon/dmnts/twotb/Downloads/Completed/Lost.Girl.S03.BDRip.x264-ION10/Lost.Girl.S03E10.BDRip.x264-ION10.mp4') target=PosixPath('/home/xircon/dmnts/twotb/Downloads/Completed/zz-TV/Lost.Girl.S03.BDRip.x264-ION10/Lost.Girl.S03E10.BDRip.x264-ION10.mp4') bytes=447402681 elapsed_seconds=0.835
2026-07-03T09:55:25.455 thread=140406188664512 event=copy.file.start operation='copy' source=PosixPath('/home/xircon/dmnts/twotb/Downloads/Completed/Lost.Girl.S03.BDRip.x264-ION10/Lost.Girl.S03E01.BDRip.x264-ION10.mp4') target=PosixPath('/home/xircon/dmnts/twotb/Downloads/Completed/zz-TV/Lost.Girl.S03.BDRip.x264-ION10/Lost.Girl.S03E01.BDRip.x264-ION10.mp4')
2026-07-03T09:55:26.871 thread=140406188664512 event=copy.file.done operation='copy' source=PosixPath('/home/xircon/dmnts/twotb/Downloads/Completed/Lost.Girl.S03.BDRip.x264-ION10/Lost.Girl.S03E01.BDRip.x264-ION10.mp4') target=PosixPath('/home/xircon/dmnts/twotb/Downloads/Completed/zz-TV/Lost.Girl.S03.BDRip.x264-ION10/Lost.Girl.S03E01.BDRip.x264-ION10.mp4') bytes=446713266 elapsed_seconds=1.415
2026-07-03T09:55:26.871 thread=140406188664512 event=copy.file.start operation='copy' source=PosixPath('/home/xircon/dmnts/twotb/Downloads/Completed/Lost.Girl.S03.BDRip.x264-ION10/Lost.Girl.S03E12.BDRip.x264-ION10.mp4') target=PosixPath('/home/xircon/dmnts/twotb/Downloads/Completed/zz-TV/Lost.Girl.S03.BDRip.x264-ION10/Lost.Girl.S03E12.BDRip.x264-ION10.mp4')
2026-07-03T09:55:29.153 thread=140406188664512 event=copy.file.done operation='copy' source=PosixPath('/home/xircon/dmnts/twotb/Downloads/Completed/Lost.Girl.S03.BDRip.x264-ION10/Lost.Girl.S03E12.BDRip.x264-ION10.mp4') target=PosixPath('/home/xircon/dmnts/twotb/Downloads/Completed/zz-TV/Lost.Girl.S03.BDRip.x264-ION10/Lost.Girl.S03E12.BDRip.x264-ION10.mp4') bytes=449298340 elapsed_seconds=2.282
2026-07-03T09:55:29.159 thread=140406188664512 event=copy.file.start operation='copy' source=PosixPath('/home/xircon/dmnts/twotb/Downloads/Completed/Lost.Girl.S03.BDRip.x264-ION10/Lost.Girl.S03E06.BDRip.x264-ION10.mp4') target=PosixPath('/home/xircon/dmnts/twotb/Downloads/Completed/zz-TV/Lost.Girl.S03.BDRip.x264-ION10/Lost.Girl.S03E06.BDRip.x264-ION10.mp4')
2026-07-03T09:55:31.304 thread=140406188664512 event=copy.file.done operation='copy' source=PosixPath('/home/xircon/dmnts/twotb/Downloads/Completed/Lost.Girl.S03.BDRip.x264-ION10/Lost.Girl.S03E06.BDRip.x264-ION10.mp4') target=PosixPath('/home/xircon/dmnts/twotb/Downloads/Completed/zz-TV/Lost.Girl.S03.BDRip.x264-ION10/Lost.Girl.S03E06.BDRip.x264-ION10.mp4') bytes=446626700 elapsed_seconds=2.146
2026-07-03T09:55:31.305 thread=140406188664512 event=copy.file.start operation='copy' source=PosixPath('/home/xircon/dmnts/twotb/Downloads/Completed/Lost.Girl.S03.BDRip.x264-ION10/Subs/Lost.Girl.S03E02.BDRip.x264-ION10.srt') target=PosixPath('/home/xircon/dmnts/twotb/Downloads/Completed/zz-TV/Lost.Girl.S03.BDRip.x264-ION10/Subs/Lost.Girl.S03E02.BDRip.x264-ION10.srt')
2026-07-03T09:55:31.307 thread=140406188664512 event=copy.file.done operation='copy' source=PosixPath('/home/xircon/dmnts/twotb/Downloads/Completed/Lost.Girl.S03.BDRip.x264-ION10/Subs/Lost.Girl.S03E02.BDRip.x264-ION10.srt') target=PosixPath('/home/xircon/dmnts/twotb/Downloads/Completed/zz-TV/Lost.Girl.S03.BDRip.x264-ION10/Subs/Lost.Girl.S03E02.BDRip.x264-ION10.srt') bytes=58027 elapsed_seconds=0.002
2026-07-03T09:55:31.307 thread=140406188664512 event=copy.file.start operation='copy' source=PosixPath('/home/xircon/dmnts/twotb/Downloads/Completed/Lost.Girl.S03.BDRip.x264-ION10/Subs/Lost.Girl.S03E05.BDRip.x264-ION10.srt') target=PosixPath('/home/xircon/dmnts/twotb/Downloads/Completed/zz-TV/Lost.Girl.S03.BDRip.x264-ION10/Subs/Lost.Girl.S03E05.BDRip.x264-ION10.srt')
2026-07-03T09:55:31.315 thread=140406188664512 event=copy.file.done operation='copy' source=PosixPath('/home/xircon/dmnts/twotb/Downloads/Completed/Lost.Girl.S03.BDRip.x264-ION10/Subs/Lost.Girl.S03E05.BDRip.x264-ION10.srt') target=PosixPath('/home/xircon/dmnts/twotb/Downloads/Completed/zz-TV/Lost.Girl.S03.BDRip.x264-ION10/Subs/Lost.Girl.S03E05.BDRip.x264-ION10.srt') bytes=57807 elapsed_seconds=0.008
2026-07-03T09:55:31.315 thread=140406188664512 event=copy.file.start operation='copy' source=PosixPath('/home/xircon/dmnts/twotb/Downloads/Completed/Lost.Girl.S03.BDRip.x264-ION10/Subs/Lost.Girl.S03E07.BDRip.x264-ION10.srt') target=PosixPath('/home/xircon/dmnts/twotb/Downloads/Completed/zz-TV/Lost.Girl.S03.BDRip.x264-ION10/Subs/Lost.Girl.S03E07.BDRip.x264-ION10.srt')
2026-07-03T09:55:31.317 thread=140406188664512 event=copy.file.done operation='copy' source=PosixPath('/home/xircon/dmnts/twotb/Downloads/Completed/Lost.Girl.S03.BDRip.x264-ION10/Subs/Lost.Girl.S03E07.BDRip.x264-ION10.srt') target=PosixPath('/home/xircon/dmnts/twotb/Downloads/Completed/zz-TV/Lost.Girl.S03.BDRip.x264-ION10/Subs/Lost.Girl.S03E07.BDRip.x264-ION10.srt') bytes=62154 elapsed_seconds=0.002
2026-07-03T09:55:31.317 thread=140406188664512 event=copy.file.start operation='copy' source=PosixPath('/home/xircon/dmnts/twotb/Downloads/Completed/Lost.Girl.S03.BDRip.x264-ION10/Subs/Lost.Girl.S03E12.BDRip.x264-ION10.srt') target=PosixPath('/home/xircon/dmnts/twotb/Downloads/Completed/zz-TV/Lost.Girl.S03.BDRip.x264-ION10/Subs/Lost.Girl.S03E12.BDRip.x264-ION10.srt')
2026-07-03T09:55:31.323 thread=140406188664512 event=copy.file.done operation='copy' source=PosixPath('/home/xircon/dmnts/twotb/Downloads/Completed/Lost.Girl.S03.BDRip.x264-ION10/Subs/Lost.Girl.S03E12.BDRip.x264-ION10.srt') target=PosixPath('/home/xircon/dmnts/twotb/Downloads/Completed/zz-TV/Lost.Girl.S03.BDRip.x264-ION10/Subs/Lost.Girl.S03E12.BDRip.x264-ION10.srt') bytes=53498 elapsed_seconds=0.006
2026-07-03T09:55:31.324 thread=140406188664512 event=copy.file.start operation='copy' source=PosixPath('/home/xircon/dmnts/twotb/Downloads/Completed/Lost.Girl.S03.BDRip.x264-ION10/Subs/Lost.Girl.S03E04.BDRip.x264-ION10.srt') target=PosixPath('/home/xircon/dmnts/twotb/Downloads/Completed/zz-TV/Lost.Girl.S03.BDRip.x264-ION10/Subs/Lost.Girl.S03E04.BDRip.x264-ION10.srt')
2026-07-03T09:55:31.325 thread=140406188664512 event=copy.file.done operation='copy' source=PosixPath('/home/xircon/dmnts/twotb/Downloads/Completed/Lost.Girl.S03.BDRip.x264-ION10/Subs/Lost.Girl.S03E04.BDRip.x264-ION10.srt') target=PosixPath('/home/xircon/dmnts/twotb/Downloads/Completed/zz-TV/Lost.Girl.S03.BDRip.x264-ION10/Subs/Lost.Girl.S03E04.BDRip.x264-ION10.srt') bytes=62697 elapsed_seconds=0.002
2026-07-03T09:55:31.325 thread=140406188664512 event=copy.file.start operation='copy' source=PosixPath('/home/xircon/dmnts/twotb/Downloads/Completed/Lost.Girl.S03.BDRip.x264-ION10/Subs/Lost.Girl.S03E13.BDRip.x264-ION10.srt') target=PosixPath('/home/xircon/dmnts/twotb/Downloads/Completed/zz-TV/Lost.Girl.S03.BDRip.x264-ION10/Subs/Lost.Girl.S03E13.BDRip.x264-ION10.srt')
2026-07-03T09:55:31.327 thread=140406188664512 event=copy.file.done operation='copy' source=PosixPath('/home/xircon/dmnts/twotb/Downloads/Completed/Lost.Girl.S03.BDRip.x264-ION10/Subs/Lost.Girl.S03E13.BDRip.x264-ION10.srt') target=PosixPath('/home/xircon/dmnts/twotb/Downloads/Completed/zz-TV/Lost.Girl.S03.BDRip.x264-ION10/Subs/Lost.Girl.S03E13.BDRip.x264-ION10.srt') bytes=48490 elapsed_seconds=0.002
2026-07-03T09:55:31.327 thread=140406188664512 event=copy.file.start operation='copy' source=PosixPath('/home/xircon/dmnts/twotb/Downloads/Completed/Lost.Girl.S03.BDRip.x264-ION10/Subs/Lost.Girl.S03E09.BDRip.x264-ION10.srt') target=PosixPath('/home/xircon/dmnts/twotb/Downloads/Completed/zz-TV/Lost.Girl.S03.BDRip.x264-ION10/Subs/Lost.Girl.S03E09.BDRip.x264-ION10.srt')
2026-07-03T09:55:31.331 thread=140406188664512 event=copy.file.done operation='copy' source=PosixPath('/home/xircon/dmnts/twotb/Downloads/Completed/Lost.Girl.S03.BDRip.x264-ION10/Subs/Lost.Girl.S03E09.BDRip.x264-ION10.srt') target=PosixPath('/home/xircon/dmnts/twotb/Downloads/Completed/zz-TV/Lost.Girl.S03.BDRip.x264-ION10/Subs/Lost.Girl.S03E09.BDRip.x264-ION10.srt') bytes=53623 elapsed_seconds=0.004
2026-07-03T09:55:31.331 thread=140406188664512 event=copy.file.start operation='copy' source=PosixPath('/home/xircon/dmnts/twotb/Downloads/Completed/Lost.Girl.S03.BDRip.x264-ION10/Subs/Lost.Girl.S03E08.BDRip.x264-ION10.srt') target=PosixPath('/home/xircon/dmnts/twotb/Downloads/Completed/zz-TV/Lost.Girl.S03.BDRip.x264-ION10/Subs/Lost.Girl.S03E08.BDRip.x264-ION10.srt')
2026-07-03T09:55:31.332 thread=140406188664512 event=copy.file.done operation='copy' source=PosixPath('/home/xircon/dmnts/twotb/Downloads/Completed/Lost.Girl.S03.BDRip.x264-ION10/Subs/Lost.Girl.S03E08.BDRip.x264-ION10.srt') target=PosixPath('/home/xircon/dmnts/twotb/Downloads/Completed/zz-TV/Lost.Girl.S03.BDRip.x264-ION10/Subs/Lost.Girl.S03E08.BDRip.x264-ION10.srt') bytes=56012 elapsed_seconds=0.001
2026-07-03T09:55:31.333 thread=140406188664512 event=copy.file.start operation='copy' source=PosixPath('/home/xircon/dmnts/twotb/Downloads/Completed/Lost.Girl.S03.BDRip.x264-ION10/Subs/Lost.Girl.S03E01.BDRip.x264-ION10.srt') target=PosixPath('/home/xircon/dmnts/twotb/Downloads/Completed/zz-TV/Lost.Girl.S03.BDRip.x264-ION10/Subs/Lost.Girl.S03E01.BDRip.x264-ION10.srt')
2026-07-03T09:55:31.336 thread=140406188664512 event=copy.file.done operation='copy' source=PosixPath('/home/xircon/dmnts/twotb/Downloads/Completed/Lost.Girl.S03.BDRip.x264-ION10/Subs/Lost.Girl.S03E01.BDRip.x264-ION10.srt') target=PosixPath('/home/xircon/dmnts/twotb/Downloads/Completed/zz-TV/Lost.Girl.S03.BDRip.x264-ION10/Subs/Lost.Girl.S03E01.BDRip.x264-ION10.srt') bytes=53535 elapsed_seconds=0.004
2026-07-03T09:55:31.337 thread=140406188664512 event=copy.file.start operation='copy' source=PosixPath('/home/xircon/dmnts/twotb/Downloads/Completed/Lost.Girl.S03.BDRip.x264-ION10/Subs/Lost.Girl.S03E10.BDRip.x264-ION10.srt') target=PosixPath('/home/xircon/dmnts/twotb/Downloads/Completed/zz-TV/Lost.Girl.S03.BDRip.x264-ION10/Subs/Lost.Girl.S03E10.BDRip.x264-ION10.srt')
2026-07-03T09:55:31.338 thread=140406188664512 event=copy.file.done operation='copy' source=PosixPath('/home/xircon/dmnts/twotb/Downloads/Completed/Lost.Girl.S03.BDRip.x264-ION10/Subs/Lost.Girl.S03E10.BDRip.x264-ION10.srt') target=PosixPath('/home/xircon/dmnts/twotb/Downloads/Completed/zz-TV/Lost.Girl.S03.BDRip.x264-ION10/Subs/Lost.Girl.S03E10.BDRip.x264-ION10.srt') bytes=53782 elapsed_seconds=0.002
2026-07-03T09:55:31.339 thread=140406188664512 event=copy.file.start operation='copy' source=PosixPath('/home/xircon/dmnts/twotb/Downloads/Completed/Lost.Girl.S03.BDRip.x264-ION10/Subs/Lost.Girl.S03E03.BDRip.x264-ION10.srt') target=PosixPath('/home/xircon/dmnts/twotb/Downloads/Completed/zz-TV/Lost.Girl.S03.BDRip.x264-ION10/Subs/Lost.Girl.S03E03.BDRip.x264-ION10.srt')
2026-07-03T09:55:31.340 thread=140406188664512 event=copy.file.done operation='copy' source=PosixPath('/home/xircon/dmnts/twotb/Downloads/Completed/Lost.Girl.S03.BDRip.x264-ION10/Subs/Lost.Girl.S03E03.BDRip.x264-ION10.srt') target=PosixPath('/home/xircon/dmnts/twotb/Downloads/Completed/zz-TV/Lost.Girl.S03.BDRip.x264-ION10/Subs/Lost.Girl.S03E03.BDRip.x264-ION10.srt') bytes=67492 elapsed_seconds=0.002
2026-07-03T09:55:31.340 thread=140406188664512 event=copy.file.start operation='copy' source=PosixPath('/home/xircon/dmnts/twotb/Downloads/Completed/Lost.Girl.S03.BDRip.x264-ION10/Subs/Lost.Girl.S03E11.BDRip.x264-ION10.srt') target=PosixPath('/home/xircon/dmnts/twotb/Downloads/Completed/zz-TV/Lost.Girl.S03.BDRip.x264-ION10/Subs/Lost.Girl.S03E11.BDRip.x264-ION10.srt')
2026-07-03T09:55:31.342 thread=140406188664512 event=copy.file.done operation='copy' source=PosixPath('/home/xircon/dmnts/twotb/Downloads/Completed/Lost.Girl.S03.BDRip.x264-ION10/Subs/Lost.Girl.S03E11.BDRip.x264-ION10.srt') target=PosixPath('/home/xircon/dmnts/twotb/Downloads/Completed/zz-TV/Lost.Girl.S03.BDRip.x264-ION10/Subs/Lost.Girl.S03E11.BDRip.x264-ION10.srt') bytes=62972 elapsed_seconds=0.002
2026-07-03T09:55:31.342 thread=140406188664512 event=copy.file.start operation='copy' source=PosixPath('/home/xircon/dmnts/twotb/Downloads/Completed/Lost.Girl.S03.BDRip.x264-ION10/Subs/Lost.Girl.S03E06.BDRip.x264-ION10.srt') target=PosixPath('/home/xircon/dmnts/twotb/Downloads/Completed/zz-TV/Lost.Girl.S03.BDRip.x264-ION10/Subs/Lost.Girl.S03E06.BDRip.x264-ION10.srt')
2026-07-03T09:55:31.344 thread=140406188664512 event=copy.file.done operation='copy' source=PosixPath('/home/xircon/dmnts/twotb/Downloads/Completed/Lost.Girl.S03.BDRip.x264-ION10/Subs/Lost.Girl.S03E06.BDRip.x264-ION10.srt') target=PosixPath('/home/xircon/dmnts/twotb/Downloads/Completed/zz-TV/Lost.Girl.S03.BDRip.x264-ION10/Subs/Lost.Girl.S03E06.BDRip.x264-ION10.srt') bytes=55856 elapsed_seconds=0.002
2026-07-03T09:55:31.344 thread=140406188664512 event=copy.directory.done operation='copy' source=PosixPath('/home/xircon/dmnts/twotb/Downloads/Completed/Lost.Girl.S03.BDRip.x264-ION10') target=PosixPath('/home/xircon/dmnts/twotb/Downloads/Completed/zz-TV/Lost.Girl.S03.BDRip.x264-ION10') elapsed_seconds=14.576
2026-07-03T09:55:31.344 thread=140406188664512 event=operation.target.done operation='copy' source=PosixPath('/home/xircon/dmnts/twotb/Downloads/Completed/Lost.Girl.S03.BDRip.x264-ION10') target=PosixPath('/home/xircon/dmnts/twotb/Downloads/Completed/zz-TV/Lost.Girl.S03.BDRip.x264-ION10') done_bytes=21896664793
2026-07-03T09:55:31.344 thread=140406188664512 event=operation.target.start operation='copy' source=PosixPath('/home/xircon/dmnts/twotb/Downloads/Completed/Lost.Girl.S04.BDRip.x264-ION10') target=PosixPath('/home/xircon/dmnts/twotb/Downloads/Completed/zz-TV/Lost.Girl.S04.BDRip.x264-ION10')
2026-07-03T09:55:31.344 thread=140406188664512 event=copy.directory.start operation='copy' source=PosixPath('/home/xircon/dmnts/twotb/Downloads/Completed/Lost.Girl.S04.BDRip.x264-ION10') target=PosixPath('/home/xircon/dmnts/twotb/Downloads/Completed/zz-TV/Lost.Girl.S04.BDRip.x264-ION10')
2026-07-03T09:55:31.345 thread=140406188664512 event=copy.file.start operation='copy' source=PosixPath('/home/xircon/dmnts/twotb/Downloads/Completed/Lost.Girl.S04.BDRip.x264-ION10/Lost.Girl.S04E01.BDRip.x264-ION10.mp4') target=PosixPath('/home/xircon/dmnts/twotb/Downloads/Completed/zz-TV/Lost.Girl.S04.BDRip.x264-ION10/Lost.Girl.S04E01.BDRip.x264-ION10.mp4')
2026-07-03T09:55:33.545 thread=140406188664512 event=copy.file.done operation='copy' source=PosixPath('/home/xircon/dmnts/twotb/Downloads/Completed/Lost.Girl.S04.BDRip.x264-ION10/Lost.Girl.S04E01.BDRip.x264-ION10.mp4') target=PosixPath('/home/xircon/dmnts/twotb/Downloads/Completed/zz-TV/Lost.Girl.S04.BDRip.x264-ION10/Lost.Girl.S04E01.BDRip.x264-ION10.mp4') bytes=447319022 elapsed_seconds=2.2
2026-07-03T09:55:33.546 thread=140406188664512 event=copy.file.start operation='copy' source=PosixPath('/home/xircon/dmnts/twotb/Downloads/Completed/Lost.Girl.S04.BDRip.x264-ION10/Lost.Girl.S04E12.BDRip.x264-ION10.mp4') target=PosixPath('/home/xircon/dmnts/twotb/Downloads/Completed/zz-TV/Lost.Girl.S04.BDRip.x264-ION10/Lost.Girl.S04E12.BDRip.x264-ION10.mp4')
2026-07-03T09:55:35.669 thread=140406188664512 event=copy.file.done operation='copy' source=PosixPath('/home/xircon/dmnts/twotb/Downloads/Completed/Lost.Girl.S04.BDRip.x264-ION10/Lost.Girl.S04E12.BDRip.x264-ION10.mp4') target=PosixPath('/home/xircon/dmnts/twotb/Downloads/Completed/zz-TV/Lost.Girl.S04.BDRip.x264-ION10/Lost.Girl.S04E12.BDRip.x264-ION10.mp4') bytes=450387890 elapsed_seconds=2.123
2026-07-03T09:55:35.670 thread=140406188664512 event=copy.file.start operation='copy' source=PosixPath('/home/xircon/dmnts/twotb/Downloads/Completed/Lost.Girl.S04.BDRip.x264-ION10/Lost.Girl.S04E11.BDRip.x264-ION10.mp4') target=PosixPath('/home/xircon/dmnts/twotb/Downloads/Completed/zz-TV/Lost.Girl.S04.BDRip.x264-ION10/Lost.Girl.S04E11.BDRip.x264-ION10.mp4')
2026-07-03T09:55:37.814 thread=140406188664512 event=copy.file.done operation='copy' source=PosixPath('/home/xircon/dmnts/twotb/Downloads/Completed/Lost.Girl.S04.BDRip.x264-ION10/Lost.Girl.S04E11.BDRip.x264-ION10.mp4') target=PosixPath('/home/xircon/dmnts/twotb/Downloads/Completed/zz-TV/Lost.Girl.S04.BDRip.x264-ION10/Lost.Girl.S04E11.BDRip.x264-ION10.mp4') bytes=446341750 elapsed_seconds=2.144
2026-07-03T09:55:37.814 thread=140406188664512 event=copy.file.start operation='copy' source=PosixPath('/home/xircon/dmnts/twotb/Downloads/Completed/Lost.Girl.S04.BDRip.x264-ION10/RARBG.txt') target=PosixPath('/home/xircon/dmnts/twotb/Downloads/Completed/zz-TV/Lost.Girl.S04.BDRip.x264-ION10/RARBG.txt')
2026-07-03T09:55:37.815 thread=140406188664512 event=copy.file.done operation='copy' source=PosixPath('/home/xircon/dmnts/twotb/Downloads/Completed/Lost.Girl.S04.BDRip.x264-ION10/RARBG.txt') target=PosixPath('/home/xircon/dmnts/twotb/Downloads/Completed/zz-TV/Lost.Girl.S04.BDRip.x264-ION10/RARBG.txt') bytes=31 elapsed_seconds=0.001
2026-07-03T09:55:37.815 thread=140406188664512 event=copy.file.start operation='copy' source=PosixPath('/home/xircon/dmnts/twotb/Downloads/Completed/Lost.Girl.S04.BDRip.x264-ION10/Lost.Girl.S04E06.BDRip.x264-ION10.mp4') target=PosixPath('/home/xircon/dmnts/twotb/Downloads/Completed/zz-TV/Lost.Girl.S04.BDRip.x264-ION10/Lost.Girl.S04E06.BDRip.x264-ION10.mp4')
2026-07-03T09:55:39.960 thread=140406188664512 event=copy.file.done operation='copy' source=PosixPath('/home/xircon/dmnts/twotb/Downloads/Completed/Lost.Girl.S04.BDRip.x264-ION10/Lost.Girl.S04E06.BDRip.x264-ION10.mp4') target=PosixPath('/home/xircon/dmnts/twotb/Downloads/Completed/zz-TV/Lost.Girl.S04.BDRip.x264-ION10/Lost.Girl.S04E06.BDRip.x264-ION10.mp4') bytes=445440469 elapsed_seconds=2.145
2026-07-03T09:55:39.960 thread=140406188664512 event=copy.file.start operation='copy' source=PosixPath('/home/xircon/dmnts/twotb/Downloads/Completed/Lost.Girl.S04.BDRip.x264-ION10/Lost.Girl.S04E02.BDRip.x264-ION10.mp4') target=PosixPath('/home/xircon/dmnts/twotb/Downloads/Completed/zz-TV/Lost.Girl.S04.BDRip.x264-ION10/Lost.Girl.S04E02.BDRip.x264-ION10.mp4')
2026-07-03T09:55:42.127 thread=140406188664512 event=copy.file.done operation='copy' source=PosixPath('/home/xircon/dmnts/twotb/Downloads/Completed/Lost.Girl.S04.BDRip.x264-ION10/Lost.Girl.S04E02.BDRip.x264-ION10.mp4') target=PosixPath('/home/xircon/dmnts/twotb/Downloads/Completed/zz-TV/Lost.Girl.S04.BDRip.x264-ION10/Lost.Girl.S04E02.BDRip.x264-ION10.mp4') bytes=445756043 elapsed_seconds=2.166
2026-07-03T09:55:42.128 thread=140406188664512 event=copy.file.start operation='copy' source=PosixPath('/home/xircon/dmnts/twotb/Downloads/Completed/Lost.Girl.S04.BDRip.x264-ION10/Lost.Girl.S04E04.BDRip.x264-ION10.mp4') target=PosixPath('/home/xircon/dmnts/twotb/Downloads/Completed/zz-TV/Lost.Girl.S04.BDRip.x264-ION10/Lost.Girl.S04E04.BDRip.x264-ION10.mp4')
2026-07-03T09:55:44.213 thread=140406188664512 event=copy.file.done operation='copy' source=PosixPath('/home/xircon/dmnts/twotb/Downloads/Completed/Lost.Girl.S04.BDRip.x264-ION10/Lost.Girl.S04E04.BDRip.x264-ION10.mp4') target=PosixPath('/home/xircon/dmnts/twotb/Downloads/Completed/zz-TV/Lost.Girl.S04.BDRip.x264-ION10/Lost.Girl.S04E04.BDRip.x264-ION10.mp4') bytes=443367879 elapsed_seconds=2.085
2026-07-03T09:55:44.213 thread=140406188664512 event=copy.file.start operation='copy' source=PosixPath('/home/xircon/dmnts/twotb/Downloads/Completed/Lost.Girl.S04.BDRip.x264-ION10/Lost.Girl.S04E09.BDRip.x264-ION10.mp4') target=PosixPath('/home/xircon/dmnts/twotb/Downloads/Completed/zz-TV/Lost.Girl.S04.BDRip.x264-ION10/Lost.Girl.S04E09.BDRip.x264-ION10.mp4')
2026-07-03T09:55:46.408 thread=140406188664512 event=copy.file.done operation='copy' source=PosixPath('/home/xircon/dmnts/twotb/Downloads/Completed/Lost.Girl.S04.BDRip.x264-ION10/Lost.Girl.S04E09.BDRip.x264-ION10.mp4') target=PosixPath('/home/xircon/dmnts/twotb/Downloads/Completed/zz-TV/Lost.Girl.S04.BDRip.x264-ION10/Lost.Girl.S04E09.BDRip.x264-ION10.mp4') bytes=444464441 elapsed_seconds=2.195
2026-07-03T09:55:46.409 thread=140406188664512 event=copy.file.start operation='copy' source=PosixPath('/home/xircon/dmnts/twotb/Downloads/Completed/Lost.Girl.S04.BDRip.x264-ION10/Lost.Girl.S04E10.BDRip.x264-ION10.mp4') target=PosixPath('/home/xircon/dmnts/twotb/Downloads/Completed/zz-TV/Lost.Girl.S04.BDRip.x264-ION10/Lost.Girl.S04E10.BDRip.x264-ION10.mp4')
2026-07-03T09:55:48.657 thread=140406188664512 event=copy.file.done operation='copy' source=PosixPath('/home/xircon/dmnts/twotb/Downloads/Completed/Lost.Girl.S04.BDRip.x264-ION10/Lost.Girl.S04E10.BDRip.x264-ION10.mp4') target=PosixPath('/home/xircon/dmnts/twotb/Downloads/Completed/zz-TV/Lost.Girl.S04.BDRip.x264-ION10/Lost.Girl.S04E10.BDRip.x264-ION10.mp4') bytes=444935476 elapsed_seconds=2.247
2026-07-03T09:55:48.657 thread=140406188664512 event=copy.file.start operation='copy' source=PosixPath('/home/xircon/dmnts/twotb/Downloads/Completed/Lost.Girl.S04.BDRip.x264-ION10/Lost.Girl.S04E13.BDRip.x264-ION10.mp4') target=PosixPath('/home/xircon/dmnts/twotb/Downloads/Completed/zz-TV/Lost.Girl.S04.BDRip.x264-ION10/Lost.Girl.S04E13.BDRip.x264-ION10.mp4')
2026-07-03T09:55:51.000 thread=140406188664512 event=copy.file.done operation='copy' source=PosixPath('/home/xircon/dmnts/twotb/Downloads/Completed/Lost.Girl.S04.BDRip.x264-ION10/Lost.Girl.S04E13.BDRip.x264-ION10.mp4') target=PosixPath('/home/xircon/dmnts/twotb/Downloads/Completed/zz-TV/Lost.Girl.S04.BDRip.x264-ION10/Lost.Girl.S04E13.BDRip.x264-ION10.mp4') bytes=444883412 elapsed_seconds=2.343
2026-07-03T09:55:51.000 thread=140406188664512 event=copy.file.start operation='copy' source=PosixPath('/home/xircon/dmnts/twotb/Downloads/Completed/Lost.Girl.S04.BDRip.x264-ION10/Lost.Girl.S04E05.BDRip.x264-ION10.mp4') target=PosixPath('/home/xircon/dmnts/twotb/Downloads/Completed/zz-TV/Lost.Girl.S04.BDRip.x264-ION10/Lost.Girl.S04E05.BDRip.x264-ION10.mp4')
2026-07-03T09:55:53.182 thread=140406188664512 event=copy.file.done operation='copy' source=PosixPath('/home/xircon/dmnts/twotb/Downloads/Completed/Lost.Girl.S04.BDRip.x264-ION10/Lost.Girl.S04E05.BDRip.x264-ION10.mp4') target=PosixPath('/home/xircon/dmnts/twotb/Downloads/Completed/zz-TV/Lost.Girl.S04.BDRip.x264-ION10/Lost.Girl.S04E05.BDRip.x264-ION10.mp4') bytes=445835881 elapsed_seconds=2.182
2026-07-03T09:55:53.193 thread=140406188664512 event=copy.file.start operation='copy' source=PosixPath('/home/xircon/dmnts/twotb/Downloads/Completed/Lost.Girl.S04.BDRip.x264-ION10/Lost.Girl.S04E03.BDRip.x264-ION10.mp4') target=PosixPath('/home/xircon/dmnts/twotb/Downloads/Completed/zz-TV/Lost.Girl.S04.BDRip.x264-ION10/Lost.Girl.S04E03.BDRip.x264-ION10.mp4')
2026-07-03T09:55:55.401 thread=140406188664512 event=copy.file.done operation='copy' source=PosixPath('/home/xircon/dmnts/twotb/Downloads/Completed/Lost.Girl.S04.BDRip.x264-ION10/Lost.Girl.S04E03.BDRip.x264-ION10.mp4') target=PosixPath('/home/xircon/dmnts/twotb/Downloads/Completed/zz-TV/Lost.Girl.S04.BDRip.x264-ION10/Lost.Girl.S04E03.BDRip.x264-ION10.mp4') bytes=444658486 elapsed_seconds=2.208
2026-07-03T09:55:55.401 thread=140406188664512 event=copy.file.start operation='copy' source=PosixPath('/home/xircon/dmnts/twotb/Downloads/Completed/Lost.Girl.S04.BDRip.x264-ION10/Lost.Girl.S04E08.BDRip.x264-ION10.mp4') target=PosixPath('/home/xircon/dmnts/twotb/Downloads/Completed/zz-TV/Lost.Girl.S04.BDRip.x264-ION10/Lost.Girl.S04E08.BDRip.x264-ION10.mp4')
2026-07-03T09:55:57.537 thread=140406188664512 event=copy.file.done operation='copy' source=PosixPath('/home/xircon/dmnts/twotb/Downloads/Completed/Lost.Girl.S04.BDRip.x264-ION10/Lost.Girl.S04E08.BDRip.x264-ION10.mp4') target=PosixPath('/home/xircon/dmnts/twotb/Downloads/Completed/zz-TV/Lost.Girl.S04.BDRip.x264-ION10/Lost.Girl.S04E08.BDRip.x264-ION10.mp4') bytes=437400052 elapsed_seconds=2.136
2026-07-03T09:55:57.538 thread=140406188664512 event=copy.file.start operation='copy' source=PosixPath('/home/xircon/dmnts/twotb/Downloads/Completed/Lost.Girl.S04.BDRip.x264-ION10/Lost.Girl.S04E07.BDRip.x264-ION10.mp4') target=PosixPath('/home/xircon/dmnts/twotb/Downloads/Completed/zz-TV/Lost.Girl.S04.BDRip.x264-ION10/Lost.Girl.S04E07.BDRip.x264-ION10.mp4')
2026-07-03T09:55:59.755 thread=140406188664512 event=copy.file.done operation='copy' source=PosixPath('/home/xircon/dmnts/twotb/Downloads/Completed/Lost.Girl.S04.BDRip.x264-ION10/Lost.Girl.S04E07.BDRip.x264-ION10.mp4') target=PosixPath('/home/xircon/dmnts/twotb/Downloads/Completed/zz-TV/Lost.Girl.S04.BDRip.x264-ION10/Lost.Girl.S04E07.BDRip.x264-ION10.mp4') bytes=444049489 elapsed_seconds=2.217
2026-07-03T09:55:59.755 thread=140406188664512 event=copy.file.start operation='copy' source=PosixPath('/home/xircon/dmnts/twotb/Downloads/Completed/Lost.Girl.S04.BDRip.x264-ION10/Subs/Lost.Girl.S04E03.BDRip.x264-ION10.srt') target=PosixPath('/home/xircon/dmnts/twotb/Downloads/Completed/zz-TV/Lost.Girl.S04.BDRip.x264-ION10/Subs/Lost.Girl.S04E03.BDRip.x264-ION10.srt')
2026-07-03T09:55:59.764 thread=140406188664512 event=copy.file.done operation='copy' source=PosixPath('/home/xircon/dmnts/twotb/Downloads/Completed/Lost.Girl.S04.BDRip.x264-ION10/Subs/Lost.Girl.S04E03.BDRip.x264-ION10.srt') target=PosixPath('/home/xircon/dmnts/twotb/Downloads/Completed/zz-TV/Lost.Girl.S04.BDRip.x264-ION10/Subs/Lost.Girl.S04E03.BDRip.x264-ION10.srt') bytes=53399 elapsed_seconds=0.009
2026-07-03T09:55:59.764 thread=140406188664512 event=copy.file.start operation='copy' source=PosixPath('/home/xircon/dmnts/twotb/Downloads/Completed/Lost.Girl.S04.BDRip.x264-ION10/Subs/Lost.Girl.S04E06.BDRip.x264-ION10.srt') target=PosixPath('/home/xircon/dmnts/twotb/Downloads/Completed/zz-TV/Lost.Girl.S04.BDRip.x264-ION10/Subs/Lost.Girl.S04E06.BDRip.x264-ION10.srt')
2026-07-03T09:55:59.769 thread=140406188664512 event=copy.file.done operation='copy' source=PosixPath('/home/xircon/dmnts/twotb/Downloads/Completed/Lost.Girl.S04.BDRip.x264-ION10/Subs/Lost.Girl.S04E06.BDRip.x264-ION10.srt') target=PosixPath('/home/xircon/dmnts/twotb/Downloads/Completed/zz-TV/Lost.Girl.S04.BDRip.x264-ION10/Subs/Lost.Girl.S04E06.BDRip.x264-ION10.srt') bytes=46005 elapsed_seconds=0.005
2026-07-03T09:55:59.769 thread=140406188664512 event=copy.file.start operation='copy' source=PosixPath('/home/xircon/dmnts/twotb/Downloads/Completed/Lost.Girl.S04.BDRip.x264-ION10/Subs/Lost.Girl.S04E11.BDRip.x264-ION10.srt') target=PosixPath('/home/xircon/dmnts/twotb/Downloads/Completed/zz-TV/Lost.Girl.S04.BDRip.x264-ION10/Subs/Lost.Girl.S04E11.BDRip.x264-ION10.srt')
2026-07-03T09:55:59.771 thread=140406188664512 event=copy.file.done operation='copy' source=PosixPath('/home/xircon/dmnts/twotb/Downloads/Completed/Lost.Girl.S04.BDRip.x264-ION10/Subs/Lost.Girl.S04E11.BDRip.x264-ION10.srt') target=PosixPath('/home/xircon/dmnts/twotb/Downloads/Completed/zz-TV/Lost.Girl.S04.BDRip.x264-ION10/Subs/Lost.Girl.S04E11.BDRip.x264-ION10.srt') bytes=53560 elapsed_seconds=0.001
2026-07-03T09:55:59.771 thread=140406188664512 event=copy.file.start operation='copy' source=PosixPath('/home/xircon/dmnts/twotb/Downloads/Completed/Lost.Girl.S04.BDRip.x264-ION10/Subs/Lost.Girl.S04E01.BDRip.x264-ION10.srt') target=PosixPath('/home/xircon/dmnts/twotb/Downloads/Completed/zz-TV/Lost.Girl.S04.BDRip.x264-ION10/Subs/Lost.Girl.S04E01.BDRip.x264-ION10.srt')
2026-07-03T09:55:59.775 thread=140406188664512 event=copy.file.done operation='copy' source=PosixPath('/home/xircon/dmnts/twotb/Downloads/Completed/Lost.Girl.S04.BDRip.x264-ION10/Subs/Lost.Girl.S04E01.BDRip.x264-ION10.srt') target=PosixPath('/home/xircon/dmnts/twotb/Downloads/Completed/zz-TV/Lost.Girl.S04.BDRip.x264-ION10/Subs/Lost.Girl.S04E01.BDRip.x264-ION10.srt') bytes=55801 elapsed_seconds=0.004
2026-07-03T09:55:59.775 thread=140406188664512 event=copy.file.start operation='copy' source=PosixPath('/home/xircon/dmnts/twotb/Downloads/Completed/Lost.Girl.S04.BDRip.x264-ION10/Subs/Lost.Girl.S04E13.BDRip.x264-ION10.srt') target=PosixPath('/home/xircon/dmnts/twotb/Downloads/Completed/zz-TV/Lost.Girl.S04.BDRip.x264-ION10/Subs/Lost.Girl.S04E13.BDRip.x264-ION10.srt')
2026-07-03T09:55:59.778 thread=140406188664512 event=copy.file.done operation='copy' source=PosixPath('/home/xircon/dmnts/twotb/Downloads/Completed/Lost.Girl.S04.BDRip.x264-ION10/Subs/Lost.Girl.S04E13.BDRip.x264-ION10.srt') target=PosixPath('/home/xircon/dmnts/twotb/Downloads/Completed/zz-TV/Lost.Girl.S04.BDRip.x264-ION10/Subs/Lost.Girl.S04E13.BDRip.x264-ION10.srt') bytes=47986 elapsed_seconds=0.003
2026-07-03T09:55:59.778 thread=140406188664512 event=copy.file.start operation='copy' source=PosixPath('/home/xircon/dmnts/twotb/Downloads/Completed/Lost.Girl.S04.BDRip.x264-ION10/Subs/Lost.Girl.S04E04.BDRip.x264-ION10.srt') target=PosixPath('/home/xircon/dmnts/twotb/Downloads/Completed/zz-TV/Lost.Girl.S04.BDRip.x264-ION10/Subs/Lost.Girl.S04E04.BDRip.x264-ION10.srt')
2026-07-03T09:55:59.780 thread=140406188664512 event=copy.file.done operation='copy' source=PosixPath('/home/xircon/dmnts/twotb/Downloads/Completed/Lost.Girl.S04.BDRip.x264-ION10/Subs/Lost.Girl.S04E04.BDRip.x264-ION10.srt') target=PosixPath('/home/xircon/dmnts/twotb/Downloads/Completed/zz-TV/Lost.Girl.S04.BDRip.x264-ION10/Subs/Lost.Girl.S04E04.BDRip.x264-ION10.srt') bytes=51576 elapsed_seconds=0.002
2026-07-03T09:55:59.780 thread=140406188664512 event=copy.file.start operation='copy' source=PosixPath('/home/xircon/dmnts/twotb/Downloads/Completed/Lost.Girl.S04.BDRip.x264-ION10/Subs/Lost.Girl.S04E09.BDRip.x264-ION10.srt') target=PosixPath('/home/xircon/dmnts/twotb/Downloads/Completed/zz-TV/Lost.Girl.S04.BDRip.x264-ION10/Subs/Lost.Girl.S04E09.BDRip.x264-ION10.srt')
2026-07-03T09:55:59.781 thread=140406188664512 event=copy.file.done operation='copy' source=PosixPath('/home/xircon/dmnts/twotb/Downloads/Completed/Lost.Girl.S04.BDRip.x264-ION10/Subs/Lost.Girl.S04E09.BDRip.x264-ION10.srt') target=PosixPath('/home/xircon/dmnts/twotb/Downloads/Completed/zz-TV/Lost.Girl.S04.BDRip.x264-ION10/Subs/Lost.Girl.S04E09.BDRip.x264-ION10.srt') bytes=58334 elapsed_seconds=0.001
2026-07-03T09:55:59.781 thread=140406188664512 event=copy.file.start operation='copy' source=PosixPath('/home/xircon/dmnts/twotb/Downloads/Completed/Lost.Girl.S04.BDRip.x264-ION10/Subs/Lost.Girl.S04E02.BDRip.x264-ION10.srt') target=PosixPath('/home/xircon/dmnts/twotb/Downloads/Completed/zz-TV/Lost.Girl.S04.BDRip.x264-ION10/Subs/Lost.Girl.S04E02.BDRip.x264-ION10.srt')
2026-07-03T09:55:59.783 thread=140406188664512 event=copy.file.done operation='copy' source=PosixPath('/home/xircon/dmnts/twotb/Downloads/Completed/Lost.Girl.S04.BDRip.x264-ION10/Subs/Lost.Girl.S04E02.BDRip.x264-ION10.srt') target=PosixPath('/home/xircon/dmnts/twotb/Downloads/Completed/zz-TV/Lost.Girl.S04.BDRip.x264-ION10/Subs/Lost.Girl.S04E02.BDRip.x264-ION10.srt') bytes=53308 elapsed_seconds=0.001
2026-07-03T09:55:59.783 thread=140406188664512 event=copy.file.start operation='copy' source=PosixPath('/home/xircon/dmnts/twotb/Downloads/Completed/Lost.Girl.S04.BDRip.x264-ION10/Subs/Lost.Girl.S04E07.BDRip.x264-ION10.srt') target=PosixPath('/home/xircon/dmnts/twotb/Downloads/Completed/zz-TV/Lost.Girl.S04.BDRip.x264-ION10/Subs/Lost.Girl.S04E07.BDRip.x264-ION10.srt')
2026-07-03T09:55:59.785 thread=140406188664512 event=copy.file.done operation='copy' source=PosixPath('/home/xircon/dmnts/twotb/Downloads/Completed/Lost.Girl.S04.BDRip.x264-ION10/Subs/Lost.Girl.S04E07.BDRip.x264-ION10.srt') target=PosixPath('/home/xircon/dmnts/twotb/Downloads/Completed/zz-TV/Lost.Girl.S04.BDRip.x264-ION10/Subs/Lost.Girl.S04E07.BDRip.x264-ION10.srt') bytes=49723 elapsed_seconds=0.002
2026-07-03T09:55:59.785 thread=140406188664512 event=copy.file.start operation='copy' source=PosixPath('/home/xircon/dmnts/twotb/Downloads/Completed/Lost.Girl.S04.BDRip.x264-ION10/Subs/Lost.Girl.S04E08.BDRip.x264-ION10.srt') target=PosixPath('/home/xircon/dmnts/twotb/Downloads/Completed/zz-TV/Lost.Girl.S04.BDRip.x264-ION10/Subs/Lost.Girl.S04E08.BDRip.x264-ION10.srt')
2026-07-03T09:55:59.786 thread=140406188664512 event=copy.file.done operation='copy' source=PosixPath('/home/xircon/dmnts/twotb/Downloads/Completed/Lost.Girl.S04.BDRip.x264-ION10/Subs/Lost.Girl.S04E08.BDRip.x264-ION10.srt') target=PosixPath('/home/xircon/dmnts/twotb/Downloads/Completed/zz-TV/Lost.Girl.S04.BDRip.x264-ION10/Subs/Lost.Girl.S04E08.BDRip.x264-ION10.srt') bytes=58521 elapsed_seconds=0.001
2026-07-03T09:55:59.786 thread=140406188664512 event=copy.file.start operation='copy' source=PosixPath('/home/xircon/dmnts/twotb/Downloads/Completed/Lost.Girl.S04.BDRip.x264-ION10/Subs/Lost.Girl.S04E12.BDRip.x264-ION10.srt') target=PosixPath('/home/xircon/dmnts/twotb/Downloads/Completed/zz-TV/Lost.Girl.S04.BDRip.x264-ION10/Subs/Lost.Girl.S04E12.BDRip.x264-ION10.srt')
2026-07-03T09:55:59.794 thread=140406188664512 event=copy.file.done operation='copy' source=PosixPath('/home/xircon/dmnts/twotb/Downloads/Completed/Lost.Girl.S04.BDRip.x264-ION10/Subs/Lost.Girl.S04E12.BDRip.x264-ION10.srt') target=PosixPath('/home/xircon/dmnts/twotb/Downloads/Completed/zz-TV/Lost.Girl.S04.BDRip.x264-ION10/Subs/Lost.Girl.S04E12.BDRip.x264-ION10.srt') bytes=51680 elapsed_seconds=0.007
2026-07-03T09:55:59.794 thread=140406188664512 event=copy.file.start operation='copy' source=PosixPath('/home/xircon/dmnts/twotb/Downloads/Completed/Lost.Girl.S04.BDRip.x264-ION10/Subs/Lost.Girl.S04E05.BDRip.x264-ION10.srt') target=PosixPath('/home/xircon/dmnts/twotb/Downloads/Completed/zz-TV/Lost.Girl.S04.BDRip.x264-ION10/Subs/Lost.Girl.S04E05.BDRip.x264-ION10.srt')
2026-07-03T09:55:59.795 thread=140406188664512 event=copy.file.done operation='copy' source=PosixPath('/home/xircon/dmnts/twotb/Downloads/Completed/Lost.Girl.S04.BDRip.x264-ION10/Subs/Lost.Girl.S04E05.BDRip.x264-ION10.srt') target=PosixPath('/home/xircon/dmnts/twotb/Downloads/Completed/zz-TV/Lost.Girl.S04.BDRip.x264-ION10/Subs/Lost.Girl.S04E05.BDRip.x264-ION10.srt') bytes=57975 elapsed_seconds=0.001
2026-07-03T09:55:59.796 thread=140406188664512 event=copy.file.start operation='copy' source=PosixPath('/home/xircon/dmnts/twotb/Downloads/Completed/Lost.Girl.S04.BDRip.x264-ION10/Subs/Lost.Girl.S04E10.BDRip.x264-ION10.srt') target=PosixPath('/home/xircon/dmnts/twotb/Downloads/Completed/zz-TV/Lost.Girl.S04.BDRip.x264-ION10/Subs/Lost.Girl.S04E10.BDRip.x264-ION10.srt')
2026-07-03T09:55:59.803 thread=140406188664512 event=copy.file.done operation='copy' source=PosixPath('/home/xircon/dmnts/twotb/Downloads/Completed/Lost.Girl.S04.BDRip.x264-ION10/Subs/Lost.Girl.S04E10.BDRip.x264-ION10.srt') target=PosixPath('/home/xircon/dmnts/twotb/Downloads/Completed/zz-TV/Lost.Girl.S04.BDRip.x264-ION10/Subs/Lost.Girl.S04E10.BDRip.x264-ION10.srt') bytes=51625 elapsed_seconds=0.008
2026-07-03T09:55:59.804 thread=140406188664512 event=copy.directory.done operation='copy' source=PosixPath('/home/xircon/dmnts/twotb/Downloads/Completed/Lost.Girl.S04.BDRip.x264-ION10') target=PosixPath('/home/xircon/dmnts/twotb/Downloads/Completed/zz-TV/Lost.Girl.S04.BDRip.x264-ION10') elapsed_seconds=28.459
2026-07-03T09:55:59.804 thread=140406188664512 event=operation.target.done operation='copy' source=PosixPath('/home/xircon/dmnts/twotb/Downloads/Completed/Lost.Girl.S04.BDRip.x264-ION10') target=PosixPath('/home/xircon/dmnts/twotb/Downloads/Completed/zz-TV/Lost.Girl.S04.BDRip.x264-ION10') done_bytes=27682194607
2026-07-03T09:55:59.804 thread=140406188664512 event=operation.target.start operation='copy' source=PosixPath('/home/xircon/dmnts/twotb/Downloads/Completed/Lost.Girl.S05.720p.x265-ZMNT') target=PosixPath('/home/xircon/dmnts/twotb/Downloads/Completed/zz-TV/Lost.Girl.S05.720p.x265-ZMNT')
2026-07-03T09:55:59.804 thread=140406188664512 event=copy.directory.start operation='copy' source=PosixPath('/home/xircon/dmnts/twotb/Downloads/Completed/Lost.Girl.S05.720p.x265-ZMNT') target=PosixPath('/home/xircon/dmnts/twotb/Downloads/Completed/zz-TV/Lost.Girl.S05.720p.x265-ZMNT')
2026-07-03T09:55:59.805 thread=140406188664512 event=copy.file.start operation='copy' source=PosixPath('/home/xircon/dmnts/twotb/Downloads/Completed/Lost.Girl.S05.720p.x265-ZMNT/Lost.Girl.S05E07.720p.x265-ZMNT.mkv') target=PosixPath('/home/xircon/dmnts/twotb/Downloads/Completed/zz-TV/Lost.Girl.S05.720p.x265-ZMNT/Lost.Girl.S05E07.720p.x265-ZMNT.mkv')
2026-07-03T09:56:01.487 thread=140406188664512 event=copy.file.done operation='copy' source=PosixPath('/home/xircon/dmnts/twotb/Downloads/Completed/Lost.Girl.S05.720p.x265-ZMNT/Lost.Girl.S05E07.720p.x265-ZMNT.mkv') target=PosixPath('/home/xircon/dmnts/twotb/Downloads/Completed/zz-TV/Lost.Girl.S05.720p.x265-ZMNT/Lost.Girl.S05E07.720p.x265-ZMNT.mkv') bytes=365236962 elapsed_seconds=1.682
2026-07-03T09:56:01.487 thread=140406188664512 event=copy.file.start operation='copy' source=PosixPath('/home/xircon/dmnts/twotb/Downloads/Completed/Lost.Girl.S05.720p.x265-ZMNT/Lost.Girl.S05E15.720p.x265-ZMNT.mkv') target=PosixPath('/home/xircon/dmnts/twotb/Downloads/Completed/zz-TV/Lost.Girl.S05.720p.x265-ZMNT/Lost.Girl.S05E15.720p.x265-ZMNT.mkv')
2026-07-03T09:56:03.907 thread=140406188664512 event=copy.file.done operation='copy' source=PosixPath('/home/xircon/dmnts/twotb/Downloads/Completed/Lost.Girl.S05.720p.x265-ZMNT/Lost.Girl.S05E15.720p.x265-ZMNT.mkv') target=PosixPath('/home/xircon/dmnts/twotb/Downloads/Completed/zz-TV/Lost.Girl.S05.720p.x265-ZMNT/Lost.Girl.S05E15.720p.x265-ZMNT.mkv') bytes=512460872 elapsed_seconds=2.419
2026-07-03T09:56:03.910 thread=140406188664512 event=copy.file.start operation='copy' source=PosixPath('/home/xircon/dmnts/twotb/Downloads/Completed/Lost.Girl.S05.720p.x265-ZMNT/Lost.Girl.S05E02.720p.x265-ZMNT.mkv') target=PosixPath('/home/xircon/dmnts/twotb/Downloads/Completed/zz-TV/Lost.Girl.S05.720p.x265-ZMNT/Lost.Girl.S05E02.720p.x265-ZMNT.mkv')
2026-07-03T09:56:05.937 thread=140406188664512 event=copy.file.done operation='copy' source=PosixPath('/home/xircon/dmnts/twotb/Downloads/Completed/Lost.Girl.S05.720p.x265-ZMNT/Lost.Girl.S05E02.720p.x265-ZMNT.mkv') target=PosixPath('/home/xircon/dmnts/twotb/Downloads/Completed/zz-TV/Lost.Girl.S05.720p.x265-ZMNT/Lost.Girl.S05E02.720p.x265-ZMNT.mkv') bytes=425772306 elapsed_seconds=2.027
2026-07-03T09:56:05.938 thread=140406188664512 event=copy.file.start operation='copy' source=PosixPath('/home/xircon/dmnts/twotb/Downloads/Completed/Lost.Girl.S05.720p.x265-ZMNT/Lost.Girl.S05E01.720p.x265-ZMNT.mkv') target=PosixPath('/home/xircon/dmnts/twotb/Downloads/Completed/zz-TV/Lost.Girl.S05.720p.x265-ZMNT/Lost.Girl.S05E01.720p.x265-ZMNT.mkv')
2026-07-03T09:56:08.149 thread=140406188664512 event=copy.file.done operation='copy' source=PosixPath('/home/xircon/dmnts/twotb/Downloads/Completed/Lost.Girl.S05.720p.x265-ZMNT/Lost.Girl.S05E01.720p.x265-ZMNT.mkv') target=PosixPath('/home/xircon/dmnts/twotb/Downloads/Completed/zz-TV/Lost.Girl.S05.720p.x265-ZMNT/Lost.Girl.S05E01.720p.x265-ZMNT.mkv') bytes=461080608 elapsed_seconds=2.212
2026-07-03T09:56:08.150 thread=140406188664512 event=copy.file.start operation='copy' source=PosixPath('/home/xircon/dmnts/twotb/Downloads/Completed/Lost.Girl.S05.720p.x265-ZMNT/Lost.Girl.S05E11.720p.x265-ZMNT.mkv') target=PosixPath('/home/xircon/dmnts/twotb/Downloads/Completed/zz-TV/Lost.Girl.S05.720p.x265-ZMNT/Lost.Girl.S05E11.720p.x265-ZMNT.mkv')
2026-07-03T09:56:10.938 thread=140406188664512 event=copy.file.done operation='copy' source=PosixPath('/home/xircon/dmnts/twotb/Downloads/Completed/Lost.Girl.S05.720p.x265-ZMNT/Lost.Girl.S05E11.720p.x265-ZMNT.mkv') target=PosixPath('/home/xircon/dmnts/twotb/Downloads/Completed/zz-TV/Lost.Girl.S05.720p.x265-ZMNT/Lost.Girl.S05E11.720p.x265-ZMNT.mkv') bytes=434371190 elapsed_seconds=2.788
2026-07-03T09:56:10.938 thread=140406188664512 event=copy.file.start operation='copy' source=PosixPath('/home/xircon/dmnts/twotb/Downloads/Completed/Lost.Girl.S05.720p.x265-ZMNT/Lost.Girl.S05E12.720p.x265-ZMNT.mkv') target=PosixPath('/home/xircon/dmnts/twotb/Downloads/Completed/zz-TV/Lost.Girl.S05.720p.x265-ZMNT/Lost.Girl.S05E12.720p.x265-ZMNT.mkv')
2026-07-03T09:56:12.795 thread=140406188664512 event=copy.file.done operation='copy' source=PosixPath('/home/xircon/dmnts/twotb/Downloads/Completed/Lost.Girl.S05.720p.x265-ZMNT/Lost.Girl.S05E12.720p.x265-ZMNT.mkv') target=PosixPath('/home/xircon/dmnts/twotb/Downloads/Completed/zz-TV/Lost.Girl.S05.720p.x265-ZMNT/Lost.Girl.S05E12.720p.x265-ZMNT.mkv') bytes=387234426 elapsed_seconds=1.856
2026-07-03T09:56:12.795 thread=140406188664512 event=copy.file.start operation='copy' source=PosixPath('/home/xircon/dmnts/twotb/Downloads/Completed/Lost.Girl.S05.720p.x265-ZMNT/Lost.Girl.S05E14.720p.x265-ZMNT.mkv') target=PosixPath('/home/xircon/dmnts/twotb/Downloads/Completed/zz-TV/Lost.Girl.S05.720p.x265-ZMNT/Lost.Girl.S05E14.720p.x265-ZMNT.mkv')
2026-07-03T09:56:14.416 thread=140406188664512 event=copy.file.done operation='copy' source=PosixPath('/home/xircon/dmnts/twotb/Downloads/Completed/Lost.Girl.S05.720p.x265-ZMNT/Lost.Girl.S05E14.720p.x265-ZMNT.mkv') target=PosixPath('/home/xircon/dmnts/twotb/Downloads/Completed/zz-TV/Lost.Girl.S05.720p.x265-ZMNT/Lost.Girl.S05E14.720p.x265-ZMNT.mkv') bytes=452464178 elapsed_seconds=1.621
2026-07-03T09:56:14.416 thread=140406188664512 event=copy.file.start operation='copy' source=PosixPath('/home/xircon/dmnts/twotb/Downloads/Completed/Lost.Girl.S05.720p.x265-ZMNT/Lost.Girl.S05E04.720p.x265-ZMNT.mkv') target=PosixPath('/home/xircon/dmnts/twotb/Downloads/Completed/zz-TV/Lost.Girl.S05.720p.x265-ZMNT/Lost.Girl.S05E04.720p.x265-ZMNT.mkv')
2026-07-03T09:56:15.150 thread=140406188664512 event=copy.file.done operation='copy' source=PosixPath('/home/xircon/dmnts/twotb/Downloads/Completed/Lost.Girl.S05.720p.x265-ZMNT/Lost.Girl.S05E04.720p.x265-ZMNT.mkv') target=PosixPath('/home/xircon/dmnts/twotb/Downloads/Completed/zz-TV/Lost.Girl.S05.720p.x265-ZMNT/Lost.Girl.S05E04.720p.x265-ZMNT.mkv') bytes=389756007 elapsed_seconds=0.734
2026-07-03T09:56:15.151 thread=140406188664512 event=copy.file.start operation='copy' source=PosixPath('/home/xircon/dmnts/twotb/Downloads/Completed/Lost.Girl.S05.720p.x265-ZMNT/Lost.Girl.S05E05.720p.x265-ZMNT.mkv') target=PosixPath('/home/xircon/dmnts/twotb/Downloads/Completed/zz-TV/Lost.Girl.S05.720p.x265-ZMNT/Lost.Girl.S05E05.720p.x265-ZMNT.mkv')
2026-07-03T09:56:16.001 thread=140406188664512 event=copy.file.done operation='copy' source=PosixPath('/home/xircon/dmnts/twotb/Downloads/Completed/Lost.Girl.S05.720p.x265-ZMNT/Lost.Girl.S05E05.720p.x265-ZMNT.mkv') target=PosixPath('/home/xircon/dmnts/twotb/Downloads/Completed/zz-TV/Lost.Girl.S05.720p.x265-ZMNT/Lost.Girl.S05E05.720p.x265-ZMNT.mkv') bytes=440361070 elapsed_seconds=0.851
2026-07-03T09:56:16.001 thread=140406188664512 event=copy.file.start operation='copy' source=PosixPath('/home/xircon/dmnts/twotb/Downloads/Completed/Lost.Girl.S05.720p.x265-ZMNT/Lost.Girl.S05E08.720p.x265-ZMNT.mkv') target=PosixPath('/home/xircon/dmnts/twotb/Downloads/Completed/zz-TV/Lost.Girl.S05.720p.x265-ZMNT/Lost.Girl.S05E08.720p.x265-ZMNT.mkv')
2026-07-03T09:56:16.862 thread=140406188664512 event=copy.file.done operation='copy' source=PosixPath('/home/xircon/dmnts/twotb/Downloads/Completed/Lost.Girl.S05.720p.x265-ZMNT/Lost.Girl.S05E08.720p.x265-ZMNT.mkv') target=PosixPath('/home/xircon/dmnts/twotb/Downloads/Completed/zz-TV/Lost.Girl.S05.720p.x265-ZMNT/Lost.Girl.S05E08.720p.x265-ZMNT.mkv') bytes=457901780 elapsed_seconds=0.861
2026-07-03T09:56:16.862 thread=140406188664512 event=copy.file.start operation='copy' source=PosixPath('/home/xircon/dmnts/twotb/Downloads/Completed/Lost.Girl.S05.720p.x265-ZMNT/Lost.Girl.S05E13.720p.x265-ZMNT.mkv') target=PosixPath('/home/xircon/dmnts/twotb/Downloads/Completed/zz-TV/Lost.Girl.S05.720p.x265-ZMNT/Lost.Girl.S05E13.720p.x265-ZMNT.mkv')
2026-07-03T09:56:17.556 thread=140406188664512 event=copy.file.done operation='copy' source=PosixPath('/home/xircon/dmnts/twotb/Downloads/Completed/Lost.Girl.S05.720p.x265-ZMNT/Lost.Girl.S05E13.720p.x265-ZMNT.mkv') target=PosixPath('/home/xircon/dmnts/twotb/Downloads/Completed/zz-TV/Lost.Girl.S05.720p.x265-ZMNT/Lost.Girl.S05E13.720p.x265-ZMNT.mkv') bytes=373449890 elapsed_seconds=0.694
2026-07-03T09:56:17.556 thread=140406188664512 event=copy.file.start operation='copy' source=PosixPath('/home/xircon/dmnts/twotb/Downloads/Completed/Lost.Girl.S05.720p.x265-ZMNT/Lost.Girl.S05E03.720p.x265-ZMNT.mkv') target=PosixPath('/home/xircon/dmnts/twotb/Downloads/Completed/zz-TV/Lost.Girl.S05.720p.x265-ZMNT/Lost.Girl.S05E03.720p.x265-ZMNT.mkv')
2026-07-03T09:56:18.320 thread=140406188664512 event=copy.file.done operation='copy' source=PosixPath('/home/xircon/dmnts/twotb/Downloads/Completed/Lost.Girl.S05.720p.x265-ZMNT/Lost.Girl.S05E03.720p.x265-ZMNT.mkv') target=PosixPath('/home/xircon/dmnts/twotb/Downloads/Completed/zz-TV/Lost.Girl.S05.720p.x265-ZMNT/Lost.Girl.S05E03.720p.x265-ZMNT.mkv') bytes=389056256 elapsed_seconds=0.764
2026-07-03T09:56:18.320 thread=140406188664512 event=copy.file.start operation='copy' source=PosixPath('/home/xircon/dmnts/twotb/Downloads/Completed/Lost.Girl.S05.720p.x265-ZMNT/Lost.Girl.S05E06.720p.x265-ZMNT.mkv') target=PosixPath('/home/xircon/dmnts/twotb/Downloads/Completed/zz-TV/Lost.Girl.S05.720p.x265-ZMNT/Lost.Girl.S05E06.720p.x265-ZMNT.mkv')
2026-07-03T09:56:19.162 thread=140406188664512 event=copy.file.done operation='copy' source=PosixPath('/home/xircon/dmnts/twotb/Downloads/Completed/Lost.Girl.S05.720p.x265-ZMNT/Lost.Girl.S05E06.720p.x265-ZMNT.mkv') target=PosixPath('/home/xircon/dmnts/twotb/Downloads/Completed/zz-TV/Lost.Girl.S05.720p.x265-ZMNT/Lost.Girl.S05E06.720p.x265-ZMNT.mkv') bytes=444530536 elapsed_seconds=0.842
2026-07-03T09:56:19.163 thread=140406188664512 event=copy.file.start operation='copy' source=PosixPath('/home/xircon/dmnts/twotb/Downloads/Completed/Lost.Girl.S05.720p.x265-ZMNT/Lost.Girl.S05.720p.x265-ZMNT.nfo') target=PosixPath('/home/xircon/dmnts/twotb/Downloads/Completed/zz-TV/Lost.Girl.S05.720p.x265-ZMNT/Lost.Girl.S05.720p.x265-ZMNT.nfo')
2026-07-03T09:56:19.164 thread=140406188664512 event=copy.file.done operation='copy' source=PosixPath('/home/xircon/dmnts/twotb/Downloads/Completed/Lost.Girl.S05.720p.x265-ZMNT/Lost.Girl.S05.720p.x265-ZMNT.nfo') target=PosixPath('/home/xircon/dmnts/twotb/Downloads/Completed/zz-TV/Lost.Girl.S05.720p.x265-ZMNT/Lost.Girl.S05.720p.x265-ZMNT.nfo') bytes=4374 elapsed_seconds=0.001
2026-07-03T09:56:19.164 thread=140406188664512 event=copy.file.start operation='copy' source=PosixPath('/home/xircon/dmnts/twotb/Downloads/Completed/Lost.Girl.S05.720p.x265-ZMNT/Lost.Girl.S05E16.720p.x265-ZMNT.mkv') target=PosixPath('/home/xircon/dmnts/twotb/Downloads/Completed/zz-TV/Lost.Girl.S05.720p.x265-ZMNT/Lost.Girl.S05E16.720p.x265-ZMNT.mkv')
2026-07-03T09:56:20.064 thread=140406188664512 event=copy.file.done operation='copy' source=PosixPath('/home/xircon/dmnts/twotb/Downloads/Completed/Lost.Girl.S05.720p.x265-ZMNT/Lost.Girl.S05E16.720p.x265-ZMNT.mkv') target=PosixPath('/home/xircon/dmnts/twotb/Downloads/Completed/zz-TV/Lost.Girl.S05.720p.x265-ZMNT/Lost.Girl.S05E16.720p.x265-ZMNT.mkv') bytes=497365037 elapsed_seconds=0.9
2026-07-03T09:56:20.064 thread=140406188664512 event=copy.file.start operation='copy' source=PosixPath('/home/xircon/dmnts/twotb/Downloads/Completed/Lost.Girl.S05.720p.x265-ZMNT/Lost.Girl.S05E09.720p.x265-ZMNT.mkv') target=PosixPath('/home/xircon/dmnts/twotb/Downloads/Completed/zz-TV/Lost.Girl.S05.720p.x265-ZMNT/Lost.Girl.S05E09.720p.x265-ZMNT.mkv')
2026-07-03T09:56:20.810 thread=140406188664512 event=copy.file.done operation='copy' source=PosixPath('/home/xircon/dmnts/twotb/Downloads/Completed/Lost.Girl.S05.720p.x265-ZMNT/Lost.Girl.S05E09.720p.x265-ZMNT.mkv') target=PosixPath('/home/xircon/dmnts/twotb/Downloads/Completed/zz-TV/Lost.Girl.S05.720p.x265-ZMNT/Lost.Girl.S05E09.720p.x265-ZMNT.mkv') bytes=393578003 elapsed_seconds=0.746
2026-07-03T09:56:20.810 thread=140406188664512 event=copy.file.start operation='copy' source=PosixPath('/home/xircon/dmnts/twotb/Downloads/Completed/Lost.Girl.S05.720p.x265-ZMNT/Lost.Girl.S05E10.720p.x265-ZMNT.mkv') target=PosixPath('/home/xircon/dmnts/twotb/Downloads/Completed/zz-TV/Lost.Girl.S05.720p.x265-ZMNT/Lost.Girl.S05E10.720p.x265-ZMNT.mkv')
2026-07-03T09:56:21.530 thread=140406188664512 event=copy.file.done operation='copy' source=PosixPath('/home/xircon/dmnts/twotb/Downloads/Completed/Lost.Girl.S05.720p.x265-ZMNT/Lost.Girl.S05E10.720p.x265-ZMNT.mkv') target=PosixPath('/home/xircon/dmnts/twotb/Downloads/Completed/zz-TV/Lost.Girl.S05.720p.x265-ZMNT/Lost.Girl.S05E10.720p.x265-ZMNT.mkv') bytes=384407704 elapsed_seconds=0.719
2026-07-03T09:56:21.530 thread=140406188664512 event=copy.directory.done operation='copy' source=PosixPath('/home/xircon/dmnts/twotb/Downloads/Completed/Lost.Girl.S05.720p.x265-ZMNT') target=PosixPath('/home/xircon/dmnts/twotb/Downloads/Completed/zz-TV/Lost.Girl.S05.720p.x265-ZMNT') elapsed_seconds=21.725
2026-07-03T09:56:21.530 thread=140406188664512 event=operation.target.done operation='copy' source=PosixPath('/home/xircon/dmnts/twotb/Downloads/Completed/Lost.Girl.S05.720p.x265-ZMNT') target=PosixPath('/home/xircon/dmnts/twotb/Downloads/Completed/zz-TV/Lost.Girl.S05.720p.x265-ZMNT') done_bytes=34491225806
2026-07-03T09:56:21.530 thread=140406188664512 event=operation.worker.done operation='copy' completed=5 elapsed_seconds=95.563 done_bytes=34491225806
2026-07-03T09:56:21.531 thread=140407465429952 event=operation.completed.signal pane='Left' operation='copy' completed=5
2026-07-03T09:56:21.532 thread=140407465429952 event=operation.end active=0 queued=0
2026-07-03T09:56:21.532 thread=140407465429952 event=operation.finish pane='Left' operation='copy' completed=5 warning=None
2026-07-03T10:09:57.600 thread=140341755419584 event=logging.enabled path=PosixPath('/home/xircon/dmnts/twotb/scripts/pyside/fm/fm.log') version='1.08'
2026-07-03T10:09:57.605 thread=140341755419584 event=app.start version='1.08'
2026-07-03T10:09:58.361 thread=140341755419584 event=pane.filesystem_tint left=PosixPath('/home/xircon/dmnts/twotb/Downloads/Completed') right=PosixPath('/home/xircon') left_fs=66309 right_fs=66306 different=True
2026-07-03T10:09:58.490 thread=140341755419584 event=pane.filesystem_tint left=PosixPath('/home/xircon/dmnts/twotb/Downloads/Completed') right=PosixPath('/home/xircon/dmnts/htpc-mech/TV/Game.of.Thrones.Complete.Series.Season.1.2.3.4.5.6.7.8.x264.720p/Season 1') left_fs=66309 right_fs=108 different=True
2026-07-03T10:09:58.751 thread=140341755419584 event=pane.filesystem_tint left=PosixPath('/home/xircon/dmnts/twotb/Downloads/Completed') right=PosixPath('/home/xircon/dmnts/htpc-mech/TV/Game.of.Thrones.Complete.Series.Season.1.2.3.4.5.6.7.8.x264.720p/Season 1') left_fs=66309 right_fs=108 different=True
2026-07-03T10:09:58.777 thread=140341755419584 event=pane.filesystem_tint left=PosixPath('/home/xircon/dmnts/twotb/Downloads/Completed') right=PosixPath('/home/xircon/dmnts/htpc-mech/TV/Game.of.Thrones.Complete.Series.Season.1.2.3.4.5.6.7.8.x264.720p/Season 1') left_fs=66309 right_fs=108 different=True
2026-07-03T10:09:59.280 thread=140341755419584 event=pane.filesystem_tint left=PosixPath('/home/xircon/dmnts/twotb/Downloads/Completed') right=PosixPath('/home/xircon/dmnts/htpc-mech/TV/Game.of.Thrones.Complete.Series.Season.1.2.3.4.5.6.7.8.x264.720p/Season 1') left_fs=66309 right_fs=108 different=True
2026-07-03T10:09:59.293 thread=140341755419584 event=pane.filesystem_tint left=PosixPath('/home/xircon/dmnts/twotb/Downloads/Completed') right=PosixPath('/home/xircon/dmnts/htpc-mech/TV/Game.of.Thrones.Complete.Series.Season.1.2.3.4.5.6.7.8.x264.720p/Season 1') left_fs=66309 right_fs=108 different=True
2026-07-03T10:10:00.530 thread=140341755419584 event=side_panel.width.restore width=151 actual=151
2026-07-03T10:10:00.553 thread=140341755419584 event=side_panel.width.restore width=151 actual=151
2026-07-03T10:10:00.554 thread=140341755419584 event=side_panel.width.restore width=151 actual=151
2026-07-03T10:10:00.656 thread=140341755419584 event=side_panel.width.restore width=151 actual=151
2026-07-03T10:10:00.656 thread=140341755419584 event=side_panel.width.restore width=151 actual=151
2026-07-03T10:10:00.656 thread=140341755419584 event=side_panel.width.restore width=151 actual=151
2026-07-03T10:10:00.656 thread=140341755419584 event=side_panel.width.restore width=151 actual=151
2026-07-03T10:10:00.657 thread=140341755419584 event=side_panel.width.restore width=151 actual=151
2026-07-03T10:10:00.657 thread=140341755419584 event=side_panel.width.restore width=151 actual=151
2026-07-03T10:10:00.657 thread=140341755419584 event=side_panel.width.restore width=151 actual=151
2026-07-03T10:10:00.658 thread=140341755419584 event=side_panel.width.restore width=151 actual=151
2026-07-03T10:10:00.658 thread=140341755419584 event=side_panel.width.restore width=151 actual=151
2026-07-03T10:10:00.659 thread=140341755419584 event=side_panel.width.restore width=151 actual=151
2026-07-03T10:10:00.659 thread=140341755419584 event=side_panel.width.restore_finished width=151 actual=151
2026-07-03T10:10:00.659 thread=140341755419584 event=side_panel.width.restore width=151 actual=151
2026-07-03T10:10:00.659 thread=140341755419584 event=side_panel.width.restore width=151 actual=151
2026-07-03T10:10:00.659 thread=140341755419584 event=side_panel.width.restore_finished width=151 actual=151
2026-07-03T10:10:00.659 thread=140341755419584 event=side_panel.width.restore_finished width=151 actual=151
2026-07-03T10:10:00.878 thread=140341755419584 event=side_panel.width.changed width=151
2026-07-03T10:10:00.879 thread=140341755419584 event=side_panel.width.changed width=151
2026-07-03T10:10:08.793 thread=140341755419584 event=pane.filesystem_tint left=PosixPath('/home/xircon/dmnts/twotb/Downloads/Completed/zz-TV') right=PosixPath('/home/xircon/dmnts/htpc-mech/TV/Game.of.Thrones.Complete.Series.Season.1.2.3.4.5.6.7.8.x264.720p/Season 1') left_fs=66309 right_fs=108 different=True
2026-07-03T10:10:48.247 thread=140341755419584 event=drag.start pane='Left' count=1 paths=['/home/xircon/dmnts/twotb/Downloads/Completed/zz-TV/Lost.Girl.S01.720p.x265-ZMNT']
2026-07-03T10:10:50.222 thread=140341755419584 event=drop.received pane='Left' action='DropAction.CopyAction' paths=['/home/xircon/dmnts/twotb/Downloads/Completed/zz-TV/Lost.Girl.S01.720p.x265-ZMNT'] destination=PosixPath('/home/xircon/dmnts/twotb/Downloads/Completed/zz-TV/Lost.Girl.S01.720p.x265-ZMNT')
2026-07-03T10:10:50.223 thread=140341755419584 event=drop.filtered.same_destination pane='Left' path=PosixPath('/home/xircon/dmnts/twotb/Downloads/Completed/zz-TV/Lost.Girl.S01.720p.x265-ZMNT') destination=PosixPath('/home/xircon/dmnts/twotb/Downloads/Completed/zz-TV/Lost.Girl.S01.720p.x265-ZMNT')
2026-07-03T10:10:50.223 thread=140341755419584 event=drop.ignored.filtered_all pane='Left' destination=PosixPath('/home/xircon/dmnts/twotb/Downloads/Completed/zz-TV/Lost.Girl.S01.720p.x265-ZMNT')
2026-07-03T10:10:50.223 thread=140341755419584 event=drag.done pane='Left' count=1
2026-07-03T10:11:00.977 thread=140341755419584 event=clipboard.move pane='Left' count=4 paths=['/home/xircon/dmnts/twotb/Downloads/Completed/zz-TV/Lost.Girl.S01.720p.x265-ZMNT', '/home/xircon/dmnts/twotb/Downloads/Completed/zz-TV/Lost.Girl.S02.BDRip.x264-ION10', '/home/xircon/dmnts/twotb/Downloads/Completed/zz-TV/Lost.Girl.S03.BDRip.x264-ION10', '/home/xircon/dmnts/twotb/Downloads/Completed/zz-TV/Lost.Girl.S04.BDRip.x264-ION10']
2026-07-03T10:11:03.225 thread=140341755419584 event=pane.filesystem_tint left=PosixPath('/home/xircon/dmnts/twotb/Downloads/Completed/zz-TV/Lost Girl') right=PosixPath('/home/xircon/dmnts/htpc-mech/TV/Game.of.Thrones.Complete.Series.Season.1.2.3.4.5.6.7.8.x264.720p/Season 1') left_fs=66309 right_fs=108 different=True
2026-07-03T10:11:04.807 thread=140341755419584 event=clipboard.copy pane='Left' count=1 paths=['/home/xircon/dmnts/twotb/Downloads/Completed/zz-TV/Lost Girl']
2026-07-03T10:11:05.593 thread=140341755419584 event=clipboard.paste pane='Left' source='internal' operation='copy' count=1 destination=PosixPath('/home/xircon/dmnts/twotb/Downloads/Completed/zz-TV/Lost Girl') paths=['/home/xircon/dmnts/twotb/Downloads/Completed/zz-TV/Lost Girl']
2026-07-03T10:11:05.593 thread=140341755419584 event=copy.request pane='Left' count=1 destination=PosixPath('/home/xircon/dmnts/twotb/Downloads/Completed/zz-TV/Lost Girl') paths=['/home/xircon/dmnts/twotb/Downloads/Completed/zz-TV/Lost Girl']
2026-07-03T10:11:05.593 thread=140341755419584 event=collision.none source=PosixPath('/home/xircon/dmnts/twotb/Downloads/Completed/zz-TV/Lost Girl') destination=PosixPath('/home/xircon/dmnts/twotb/Downloads/Completed/zz-TV/Lost Girl/Lost Girl')
2026-07-03T10:11:05.593 thread=140341755419584 event=copy.start_dialog pane='Left' targets=[('/home/xircon/dmnts/twotb/Downloads/Completed/zz-TV/Lost Girl', '/home/xircon/dmnts/twotb/Downloads/Completed/zz-TV/Lost Girl/Lost Girl')]
2026-07-03T10:11:05.593 thread=140341755419584 event=operation.dialog.create pane='Left' operation='copy' targets=1 title='Copying files...'
2026-07-03T10:11:05.593 thread=140341755419584 event=operation.begin active=1 queued=0
2026-07-03T10:11:05.598 thread=140341755419584 event=operation.thread.started pane='Left' operation='copy' targets=1
2026-07-03T10:11:05.598 thread=140340329707200 event=operation.worker.start operation='copy' targets=1
2026-07-03T10:11:05.599 thread=140340329707200 event=operation.worker.sized operation='copy' total_bytes=0 total_units=1
2026-07-03T10:11:05.599 thread=140340329707200 event=operation.target.start operation='copy' source=PosixPath('/home/xircon/dmnts/twotb/Downloads/Completed/zz-TV/Lost Girl') target=PosixPath('/home/xircon/dmnts/twotb/Downloads/Completed/zz-TV/Lost Girl/Lost Girl')
2026-07-03T10:11:05.599 thread=140340329707200 event=copy.directory.start operation='copy' source=PosixPath('/home/xircon/dmnts/twotb/Downloads/Completed/zz-TV/Lost Girl') target=PosixPath('/home/xircon/dmnts/twotb/Downloads/Completed/zz-TV/Lost Girl/Lost Girl')
2026-07-03T10:11:06.202 thread=140340329707200 event=operation.worker.failed operation='copy' completed=0 error="OSError(36, 'File name too long')"
2026-07-03T10:11:06.202 thread=140341755419584 event=operation.failed.signal pane='Left' message="[Errno 36] File name too long: '/home/xircon/dmnts/twotb/Downloads/Completed/zz-TV/Lost Girl/Lost Girl/Lost Girl/Lost Girl/Lost Girl/Lost Girl/Lost Girl/Lost Girl/Lost Girl/Lost Girl/Lost Girl/Lost Girl/Lost Girl/Lost Girl/Lost Girl/Lost Girl/Lost Girl/Lost Girl/Lost Girl/Lost Girl/Lost Girl/Lost Girl/Lost Girl/Lost Girl/Lost Girl/Lost Girl/Lost Girl/Lost Girl/Lost Girl/Lost Girl/Lost Girl/Lost Girl/Lost Girl/Lost Girl/Lost Girl/Lost Girl/Lost Girl/Lost Girl/Lost Girl/Lost Girl/Lost Girl/Lost Girl/Lost Girl/Lost Girl/Lost Girl/Lost Girl/Lost Girl/Lost Girl/Lost Girl/Lost Girl/Lost Girl/Lost Girl/Lost Girl/Lost Girl/Lost Girl/Lost Girl/Lost Girl/Lost Girl/Lost Girl/Lost Girl/Lost Girl/Lost Girl/Lost Girl/Lost Girl/Lost Girl/Lost Girl/Lost Girl/Lost Girl/Lost Girl/Lost Girl/Lost Girl/Lost Girl/Lost Girl/Lost Girl/Lost Girl/Lost Girl/Lost Girl/Lost Girl/Lost Girl/Lost Girl/Lost Girl/Lost Girl/Lost Girl/Lost Girl/Lost Girl/Lost Girl/Lost Girl/Lost Girl/Lost Girl/Lost Girl/Lost Girl/Lost Girl/Lost Girl/Lost Girl/Lost Girl/Lost Girl/Lost Girl/Lost Girl/Lost Girl/Lost Girl/Lost Girl/Lost Girl/Lost Girl/Lost Girl/Lost Girl/Lost Girl/Lost Girl/Lost Girl/Lost Girl/Lost Girl/Lost Girl/Lost Girl/Lost Girl/Lost Girl/Lost Girl/Lost Girl/Lost Girl/Lost Girl/Lost Girl/Lost Girl/Lost Girl/Lost Girl/Lost Girl/Lost Girl/Lost Girl/Lost Girl/Lost Girl/Lost Girl/Lost Girl/Lost Girl/Lost Girl/Lost Girl/Lost Girl/Lost Girl/Lost Girl/Lost Girl/Lost Girl/Lost Girl/Lost Girl/Lost Girl/Lost Girl/Lost Girl/Lost Girl/Lost Girl/Lost Girl/Lost Girl/Lost Girl/Lost Girl/Lost Girl/Lost Girl/Lost Girl/Lost Girl/Lost Girl/Lost Girl/Lost Girl/Lost Girl/Lost Girl/Lost Girl/Lost Girl/Lost Girl/Lost Girl/Lost Girl/Lost Girl/Lost Girl/Lost Girl/Lost Girl/Lost Girl/Lost Girl/Lost Girl/Lost Girl/Lost Girl/Lost Girl/Lost Girl/Lost Girl/Lost Girl/Lost Girl/Lost Girl/Lost Girl/Lost Girl/Lost Girl/Lost Girl/Lost Girl/Lost Girl/Lost Girl/Lost Girl/Lost Girl/Lost Girl/Lost Girl/Lost Girl/Lost Girl/Lost Girl/Lost Girl/Lost Girl/Lost Girl/Lost Girl/Lost Girl/Lost Girl/Lost Girl/Lost Girl/Lost Girl/Lost Girl/Lost Girl/Lost Girl/Lost Girl/Lost Girl/Lost Girl/Lost Girl/Lost Girl/Lost Girl/Lost Girl/Lost Girl/Lost Girl/Lost Girl/Lost Girl/Lost Girl/Lost Girl/Lost Girl/Lost Girl/Lost Girl/Lost Girl/Lost Girl/Lost Girl/Lost Girl/Lost Girl/Lost Girl/Lost Girl/Lost Girl/Lost Girl/Lost Girl/Lost Girl/Lost Girl/Lost Girl/Lost Girl/Lost Girl/Lost Girl/Lost Girl/Lost Girl/Lost Girl/Lost Girl/Lost Girl/Lost Girl/Lost Girl/Lost Girl/Lost Girl/Lost Girl/Lost Girl/Lost Girl/Lost Girl/Lost Girl/Lost Girl/Lost Girl/Lost Girl/Lost Girl/Lost Girl/Lost Girl/Lost Girl/Lost Girl/Lost Girl/Lost Girl/Lost Girl/Lost Girl/Lost Girl/Lost Girl/Lost Girl/Lost Girl/Lost Girl/Lost Girl/Lost Girl/Lost Girl/Lost Girl/Lost Girl/Lost Girl/Lost Girl/Lost Girl/Lost Girl/Lost Girl/Lost Girl/Lost Girl/Lost Girl/Lost Girl/Lost Girl/Lost Girl/Lost Girl/Lost Girl/Lost Girl/Lost Girl/Lost Girl/Lost Girl/Lost Girl/Lost Girl/Lost Girl/Lost Girl/Lost Girl/Lost Girl/Lost Girl/Lost Girl/Lost Girl/Lost Girl/Lost Girl/Lost Girl/Lost Girl/Lost Girl/Lost Girl/Lost Girl/Lost Girl/Lost Girl/Lost Girl/Lost Girl/Lost Girl/Lost Girl/Lost Girl/Lost Girl/Lost Girl/Lost Girl/Lost Girl/Lost Girl/Lost Girl/Lost Girl/Lost Girl/Lost Girl/Lost Girl/Lost Girl/Lost Girl/Lost Girl/Lost Girl/Lost Girl/Lost Girl/Lost Girl/Lost Girl/Lost Girl/Lost Girl/Lost Girl/Lost Girl/Lost Girl/Lost Girl/Lost Girl/Lost Girl/Lost Girl/Lost Girl/Lost Girl/Lost Girl/Lost Girl/Lost Girl/Lost Girl/Lost Girl/Lost Girl/Lost Girl/Lost Girl/Lost Girl/Lost Girl/Lost Girl/Lost Girl/Lost Girl/Lost Girl/Lost Girl/Lost Girl/Lost Girl/Lost Girl/Lost Girl/Lost Girl/Lost Girl/Lost Girl/Lost Girl/Lost Girl/Lost Girl/Lost Girl/Lost Girl/Lost Girl/Lost Girl/Lost Girl/Lost Girl/Lost Girl/Lost Girl/Lost Girl/Lost Girl/Lost Girl/Lost Girl/Lost Girl/Lost Girl/Lost Girl/Lost Girl/Lost Girl/Lost Girl/Lost Girl/Lost Girl/Lost Girl/Lost Girl/Lost Girl/Lost Girl/Lost Girl/Lost Girl/Lost Girl/Lost Girl/Lost Girl/Lost Girl/Lost Girl/Lost Girl/Lost Girl/Lost Girl/Lost Girl/Lost Girl/Lost Girl/Lost Girl/Lost Girl/Lost Girl'" completed=0
2026-07-03T10:11:13.614 thread=140341755419584 event=operation.end active=0 queued=0
2026-07-03T10:11:13.615 thread=140341755419584 event=operation.finish pane='Left' operation='copy' completed=0 warning="[Errno 36] File name too long: '/home/xircon/dmnts/twotb/Downloads/Completed/zz-TV/Lost Girl/Lost Girl/Lost Girl/Lost Girl/Lost Girl/Lost Girl/Lost Girl/Lost Girl/Lost Girl/Lost Girl/Lost Girl/Lost Girl/Lost Girl/Lost Girl/Lost Girl/Lost Girl/Lost Girl/Lost Girl/Lost Girl/Lost Girl/Lost Girl/Lost Girl/Lost Girl/Lost Girl/Lost Girl/Lost Girl/Lost Girl/Lost Girl/Lost Girl/Lost Girl/Lost Girl/Lost Girl/Lost Girl/Lost Girl/Lost Girl/Lost Girl/Lost Girl/Lost Girl/Lost Girl/Lost Girl/Lost Girl/Lost Girl/Lost Girl/Lost Girl/Lost Girl/Lost Girl/Lost Girl/Lost Girl/Lost Girl/Lost Girl/Lost Girl/Lost Girl/Lost Girl/Lost Girl/Lost Girl/Lost Girl/Lost Girl/Lost Girl/Lost Girl/Lost Girl/Lost Girl/Lost Girl/Lost Girl/Lost Girl/Lost Girl/Lost Girl/Lost Girl/Lost Girl/Lost Girl/Lost Girl/Lost Girl/Lost Girl/Lost Girl/Lost Girl/Lost Girl/Lost Girl/Lost Girl/Lost Girl/Lost Girl/Lost Girl/Lost Girl/Lost Girl/Lost Girl/Lost Girl/Lost Girl/Lost Girl/Lost Girl/Lost Girl/Lost Girl/Lost Girl/Lost Girl/Lost Girl/Lost Girl/Lost Girl/Lost Girl/Lost Girl/Lost Girl/Lost Girl/Lost Girl/Lost Girl/Lost Girl/Lost Girl/Lost Girl/Lost Girl/Lost Girl/Lost Girl/Lost Girl/Lost Girl/Lost Girl/Lost Girl/Lost Girl/Lost Girl/Lost Girl/Lost Girl/Lost Girl/Lost Girl/Lost Girl/Lost Girl/Lost Girl/Lost Girl/Lost Girl/Lost Girl/Lost Girl/Lost Girl/Lost Girl/Lost Girl/Lost Girl/Lost Girl/Lost Girl/Lost Girl/Lost Girl/Lost Girl/Lost Girl/Lost Girl/Lost Girl/Lost Girl/Lost Girl/Lost Girl/Lost Girl/Lost Girl/Lost Girl/Lost Girl/Lost Girl/Lost Girl/Lost Girl/Lost Girl/Lost Girl/Lost Girl/Lost Girl/Lost Girl/Lost Girl/Lost Girl/Lost Girl/Lost Girl/Lost Girl/Lost Girl/Lost Girl/Lost Girl/Lost Girl/Lost Girl/Lost Girl/Lost Girl/Lost Girl/Lost Girl/Lost Girl/Lost Girl/Lost Girl/Lost Girl/Lost Girl/Lost Girl/Lost Girl/Lost Girl/Lost Girl/Lost Girl/Lost Girl/Lost Girl/Lost Girl/Lost Girl/Lost Girl/Lost Girl/Lost Girl/Lost Girl/Lost Girl/Lost Girl/Lost Girl/Lost Girl/Lost Girl/Lost Girl/Lost Girl/Lost Girl/Lost Girl/Lost Girl/Lost Girl/Lost Girl/Lost Girl/Lost Girl/Lost Girl/Lost Girl/Lost Girl/Lost Girl/Lost Girl/Lost Girl/Lost Girl/Lost Girl/Lost Girl/Lost Girl/Lost Girl/Lost Girl/Lost Girl/Lost Girl/Lost Girl/Lost Girl/Lost Girl/Lost Girl/Lost Girl/Lost Girl/Lost Girl/Lost Girl/Lost Girl/Lost Girl/Lost Girl/Lost Girl/Lost Girl/Lost Girl/Lost Girl/Lost Girl/Lost Girl/Lost Girl/Lost Girl/Lost Girl/Lost Girl/Lost Girl/Lost Girl/Lost Girl/Lost Girl/Lost Girl/Lost Girl/Lost Girl/Lost Girl/Lost Girl/Lost Girl/Lost Girl/Lost Girl/Lost Girl/Lost Girl/Lost Girl/Lost Girl/Lost Girl/Lost Girl/Lost Girl/Lost Girl/Lost Girl/Lost Girl/Lost Girl/Lost Girl/Lost Girl/Lost Girl/Lost Girl/Lost Girl/Lost Girl/Lost Girl/Lost Girl/Lost Girl/Lost Girl/Lost Girl/Lost Girl/Lost Girl/Lost Girl/Lost Girl/Lost Girl/Lost Girl/Lost Girl/Lost Girl/Lost Girl/Lost Girl/Lost Girl/Lost Girl/Lost Girl/Lost Girl/Lost Girl/Lost Girl/Lost Girl/Lost Girl/Lost Girl/Lost Girl/Lost Girl/Lost Girl/Lost Girl/Lost Girl/Lost Girl/Lost Girl/Lost Girl/Lost Girl/Lost Girl/Lost Girl/Lost Girl/Lost Girl/Lost Girl/Lost Girl/Lost Girl/Lost Girl/Lost Girl/Lost Girl/Lost Girl/Lost Girl/Lost Girl/Lost Girl/Lost Girl/Lost Girl/Lost Girl/Lost Girl/Lost Girl/Lost Girl/Lost Girl/Lost Girl/Lost Girl/Lost Girl/Lost Girl/Lost Girl/Lost Girl/Lost Girl/Lost Girl/Lost Girl/Lost Girl/Lost Girl/Lost Girl/Lost Girl/Lost Girl/Lost Girl/Lost Girl/Lost Girl/Lost Girl/Lost Girl/Lost Girl/Lost Girl/Lost Girl/Lost Girl/Lost Girl/Lost Girl/Lost Girl/Lost Girl/Lost Girl/Lost Girl/Lost Girl/Lost Girl/Lost Girl/Lost Girl/Lost Girl/Lost Girl/Lost Girl/Lost Girl/Lost Girl/Lost Girl/Lost Girl/Lost Girl/Lost Girl/Lost Girl/Lost Girl/Lost Girl/Lost Girl/Lost Girl/Lost Girl/Lost Girl/Lost Girl/Lost Girl/Lost Girl/Lost Girl/Lost Girl/Lost Girl/Lost Girl/Lost Girl/Lost Girl/Lost Girl/Lost Girl/Lost Girl/Lost Girl/Lost Girl/Lost Girl/Lost Girl/Lost Girl/Lost Girl/Lost Girl/Lost Girl/Lost Girl/Lost Girl/Lost Girl/Lost Girl/Lost Girl/Lost Girl/Lost Girl/Lost Girl/Lost Girl/Lost Girl/Lost Girl/Lost Girl/Lost Girl/Lost Girl/Lost Girl/Lost Girl/Lost Girl/Lost Girl/Lost Girl/Lost Girl/Lost Girl/Lost Girl'"
2026-07-03T10:11:16.845 thread=140341755419584 event=pane.filesystem_tint left=PosixPath('/home/xircon/dmnts/twotb/Downloads/Completed/zz-TV') right=PosixPath('/home/xircon/dmnts/htpc-mech/TV/Game.of.Thrones.Complete.Series.Season.1.2.3.4.5.6.7.8.x264.720p/Season 1') left_fs=66309 right_fs=108 different=True
2026-07-03T10:11:16.923 thread=140341755419584 event=pane.filesystem_tint left=PosixPath('/home/xircon/dmnts/twotb/Downloads/Completed/zz-TV') right=PosixPath('/home/xircon/dmnts/htpc-mech/TV/Game.of.Thrones.Complete.Series.Season.1.2.3.4.5.6.7.8.x264.720p/Season 1') left_fs=66309 right_fs=108 different=True
2026-07-03T10:11:24.709 thread=140341755419584 event=clipboard.move pane='Left' count=4 paths=['/home/xircon/dmnts/twotb/Downloads/Completed/zz-TV/Lost.Girl.S01.720p.x265-ZMNT', '/home/xircon/dmnts/twotb/Downloads/Completed/zz-TV/Lost.Girl.S02.BDRip.x264-ION10', '/home/xircon/dmnts/twotb/Downloads/Completed/zz-TV/Lost.Girl.S03.BDRip.x264-ION10', '/home/xircon/dmnts/twotb/Downloads/Completed/zz-TV/Lost.Girl.S04.BDRip.x264-ION10']
2026-07-03T10:11:27.216 thread=140341755419584 event=pane.filesystem_tint left=PosixPath('/home/xircon/dmnts/twotb/Downloads/Completed/zz-TV/Lost Girl') right=PosixPath('/home/xircon/dmnts/htpc-mech/TV/Game.of.Thrones.Complete.Series.Season.1.2.3.4.5.6.7.8.x264.720p/Season 1') left_fs=66309 right_fs=108 different=True
2026-07-03T10:11:33.693 thread=140341755419584 event=clipboard.paste pane='Left' source='internal' operation='move' count=4 destination=PosixPath('/home/xircon/dmnts/twotb/Downloads/Completed/zz-TV/Lost Girl') paths=['/home/xircon/dmnts/twotb/Downloads/Completed/zz-TV/Lost.Girl.S01.720p.x265-ZMNT', '/home/xircon/dmnts/twotb/Downloads/Completed/zz-TV/Lost.Girl.S02.BDRip.x264-ION10', '/home/xircon/dmnts/twotb/Downloads/Completed/zz-TV/Lost.Girl.S03.BDRip.x264-ION10', '/home/xircon/dmnts/twotb/Downloads/Completed/zz-TV/Lost.Girl.S04.BDRip.x264-ION10']
2026-07-03T10:11:33.693 thread=140341755419584 event=move.request pane='Left' count=4 destination=PosixPath('/home/xircon/dmnts/twotb/Downloads/Completed/zz-TV/Lost Girl') paths=['/home/xircon/dmnts/twotb/Downloads/Completed/zz-TV/Lost.Girl.S01.720p.x265-ZMNT', '/home/xircon/dmnts/twotb/Downloads/Completed/zz-TV/Lost.Girl.S02.BDRip.x264-ION10', '/home/xircon/dmnts/twotb/Downloads/Completed/zz-TV/Lost.Girl.S03.BDRip.x264-ION10', '/home/xircon/dmnts/twotb/Downloads/Completed/zz-TV/Lost.Girl.S04.BDRip.x264-ION10']
2026-07-03T10:11:33.693 thread=140341755419584 event=collision.none source=PosixPath('/home/xircon/dmnts/twotb/Downloads/Completed/zz-TV/Lost.Girl.S01.720p.x265-ZMNT') destination=PosixPath('/home/xircon/dmnts/twotb/Downloads/Completed/zz-TV/Lost Girl/Lost.Girl.S01.720p.x265-ZMNT')
2026-07-03T10:11:33.693 thread=140341755419584 event=collision.none source=PosixPath('/home/xircon/dmnts/twotb/Downloads/Completed/zz-TV/Lost.Girl.S02.BDRip.x264-ION10') destination=PosixPath('/home/xircon/dmnts/twotb/Downloads/Completed/zz-TV/Lost Girl/Lost.Girl.S02.BDRip.x264-ION10')
2026-07-03T10:11:33.693 thread=140341755419584 event=collision.none source=PosixPath('/home/xircon/dmnts/twotb/Downloads/Completed/zz-TV/Lost.Girl.S03.BDRip.x264-ION10') destination=PosixPath('/home/xircon/dmnts/twotb/Downloads/Completed/zz-TV/Lost Girl/Lost.Girl.S03.BDRip.x264-ION10')
2026-07-03T10:11:33.694 thread=140341755419584 event=collision.none source=PosixPath('/home/xircon/dmnts/twotb/Downloads/Completed/zz-TV/Lost.Girl.S04.BDRip.x264-ION10') destination=PosixPath('/home/xircon/dmnts/twotb/Downloads/Completed/zz-TV/Lost Girl/Lost.Girl.S04.BDRip.x264-ION10')
2026-07-03T10:11:33.694 thread=140341755419584 event=move.start_dialog pane='Left' targets=[('/home/xircon/dmnts/twotb/Downloads/Completed/zz-TV/Lost.Girl.S01.720p.x265-ZMNT', '/home/xircon/dmnts/twotb/Downloads/Completed/zz-TV/Lost Girl/Lost.Girl.S01.720p.x265-ZMNT'), ('/home/xircon/dmnts/twotb/Downloads/Completed/zz-TV/Lost.Girl.S02.BDRip.x264-ION10', '/home/xircon/dmnts/twotb/Downloads/Completed/zz-TV/Lost Girl/Lost.Girl.S02.BDRip.x264-ION10'), ('/home/xircon/dmnts/twotb/Downloads/Completed/zz-TV/Lost.Girl.S03.BDRip.x264-ION10', '/home/xircon/dmnts/twotb/Downloads/Completed/zz-TV/Lost Girl/Lost.Girl.S03.BDRip.x264-ION10'), ('/home/xircon/dmnts/twotb/Downloads/Completed/zz-TV/Lost.Girl.S04.BDRip.x264-ION10', '/home/xircon/dmnts/twotb/Downloads/Completed/zz-TV/Lost Girl/Lost.Girl.S04.BDRip.x264-ION10')]
2026-07-03T10:11:33.694 thread=140341755419584 event=operation.dialog.create pane='Left' operation='move' targets=4 title='Moving files...'
2026-07-03T10:11:33.694 thread=140341755419584 event=operation.begin active=1 queued=0
2026-07-03T10:11:33.699 thread=140341755419584 event=operation.thread.started pane='Left' operation='move' targets=4
2026-07-03T10:11:33.700 thread=140340329707200 event=operation.worker.start operation='move' targets=4
2026-07-03T10:11:33.709 thread=140340329707200 event=operation.worker.sized operation='move' total_bytes=27682194607 total_units=422397
2026-07-03T10:11:33.710 thread=140340329707200 event=operation.target.start operation='move' source=PosixPath('/home/xircon/dmnts/twotb/Downloads/Completed/zz-TV/Lost.Girl.S01.720p.x265-ZMNT') target=PosixPath('/home/xircon/dmnts/twotb/Downloads/Completed/zz-TV/Lost Girl/Lost.Girl.S01.720p.x265-ZMNT')
2026-07-03T10:11:33.710 thread=140340329707200 event=move.start source=PosixPath('/home/xircon/dmnts/twotb/Downloads/Completed/zz-TV/Lost.Girl.S01.720p.x265-ZMNT') target=PosixPath('/home/xircon/dmnts/twotb/Downloads/Completed/zz-TV/Lost Girl/Lost.Girl.S01.720p.x265-ZMNT')
2026-07-03T10:11:33.711 thread=140340329707200 event=move.rename.try source=PosixPath('/home/xircon/dmnts/twotb/Downloads/Completed/zz-TV/Lost.Girl.S01.720p.x265-ZMNT') target=PosixPath('/home/xircon/dmnts/twotb/Downloads/Completed/zz-TV/Lost Girl/Lost.Girl.S01.720p.x265-ZMNT') source_size=6249123675
2026-07-03T10:11:33.712 thread=140340329707200 event=move.rename.done source=PosixPath('/home/xircon/dmnts/twotb/Downloads/Completed/zz-TV/Lost.Girl.S01.720p.x265-ZMNT') target=PosixPath('/home/xircon/dmnts/twotb/Downloads/Completed/zz-TV/Lost Girl/Lost.Girl.S01.720p.x265-ZMNT') elapsed_seconds=0.002
2026-07-03T10:11:33.714 thread=140340329707200 event=operation.target.done operation='move' source=PosixPath('/home/xircon/dmnts/twotb/Downloads/Completed/zz-TV/Lost.Girl.S01.720p.x265-ZMNT') target=PosixPath('/home/xircon/dmnts/twotb/Downloads/Completed/zz-TV/Lost Girl/Lost.Girl.S01.720p.x265-ZMNT') done_bytes=6249123675
2026-07-03T10:11:33.714 thread=140340329707200 event=operation.target.start operation='move' source=PosixPath('/home/xircon/dmnts/twotb/Downloads/Completed/zz-TV/Lost.Girl.S02.BDRip.x264-ION10') target=PosixPath('/home/xircon/dmnts/twotb/Downloads/Completed/zz-TV/Lost Girl/Lost.Girl.S02.BDRip.x264-ION10')
2026-07-03T10:11:33.714 thread=140340329707200 event=move.start source=PosixPath('/home/xircon/dmnts/twotb/Downloads/Completed/zz-TV/Lost.Girl.S02.BDRip.x264-ION10') target=PosixPath('/home/xircon/dmnts/twotb/Downloads/Completed/zz-TV/Lost Girl/Lost.Girl.S02.BDRip.x264-ION10')
2026-07-03T10:11:33.714 thread=140340329707200 event=move.rename.try source=PosixPath('/home/xircon/dmnts/twotb/Downloads/Completed/zz-TV/Lost.Girl.S02.BDRip.x264-ION10') target=PosixPath('/home/xircon/dmnts/twotb/Downloads/Completed/zz-TV/Lost Girl/Lost.Girl.S02.BDRip.x264-ION10') source_size=9828436650
2026-07-03T10:11:33.715 thread=140340329707200 event=move.rename.done source=PosixPath('/home/xircon/dmnts/twotb/Downloads/Completed/zz-TV/Lost.Girl.S02.BDRip.x264-ION10') target=PosixPath('/home/xircon/dmnts/twotb/Downloads/Completed/zz-TV/Lost Girl/Lost.Girl.S02.BDRip.x264-ION10') elapsed_seconds=0.001
2026-07-03T10:11:33.715 thread=140340329707200 event=operation.target.done operation='move' source=PosixPath('/home/xircon/dmnts/twotb/Downloads/Completed/zz-TV/Lost.Girl.S02.BDRip.x264-ION10') target=PosixPath('/home/xircon/dmnts/twotb/Downloads/Completed/zz-TV/Lost Girl/Lost.Girl.S02.BDRip.x264-ION10') done_bytes=16077560325
2026-07-03T10:11:33.715 thread=140340329707200 event=operation.target.start operation='move' source=PosixPath('/home/xircon/dmnts/twotb/Downloads/Completed/zz-TV/Lost.Girl.S03.BDRip.x264-ION10') target=PosixPath('/home/xircon/dmnts/twotb/Downloads/Completed/zz-TV/Lost Girl/Lost.Girl.S03.BDRip.x264-ION10')
2026-07-03T10:11:33.715 thread=140340329707200 event=move.start source=PosixPath('/home/xircon/dmnts/twotb/Downloads/Completed/zz-TV/Lost.Girl.S03.BDRip.x264-ION10') target=PosixPath('/home/xircon/dmnts/twotb/Downloads/Completed/zz-TV/Lost Girl/Lost.Girl.S03.BDRip.x264-ION10')
2026-07-03T10:11:33.717 thread=140340329707200 event=move.rename.try source=PosixPath('/home/xircon/dmnts/twotb/Downloads/Completed/zz-TV/Lost.Girl.S03.BDRip.x264-ION10') target=PosixPath('/home/xircon/dmnts/twotb/Downloads/Completed/zz-TV/Lost Girl/Lost.Girl.S03.BDRip.x264-ION10') source_size=5819104468
2026-07-03T10:11:33.719 thread=140340329707200 event=move.rename.done source=PosixPath('/home/xircon/dmnts/twotb/Downloads/Completed/zz-TV/Lost.Girl.S03.BDRip.x264-ION10') target=PosixPath('/home/xircon/dmnts/twotb/Downloads/Completed/zz-TV/Lost Girl/Lost.Girl.S03.BDRip.x264-ION10') elapsed_seconds=0.003
2026-07-03T10:11:33.719 thread=140340329707200 event=operation.target.done operation='move' source=PosixPath('/home/xircon/dmnts/twotb/Downloads/Completed/zz-TV/Lost.Girl.S03.BDRip.x264-ION10') target=PosixPath('/home/xircon/dmnts/twotb/Downloads/Completed/zz-TV/Lost Girl/Lost.Girl.S03.BDRip.x264-ION10') done_bytes=21896664793
2026-07-03T10:11:33.719 thread=140340329707200 event=operation.target.start operation='move' source=PosixPath('/home/xircon/dmnts/twotb/Downloads/Completed/zz-TV/Lost.Girl.S04.BDRip.x264-ION10') target=PosixPath('/home/xircon/dmnts/twotb/Downloads/Completed/zz-TV/Lost Girl/Lost.Girl.S04.BDRip.x264-ION10')
2026-07-03T10:11:33.719 thread=140340329707200 event=move.start source=PosixPath('/home/xircon/dmnts/twotb/Downloads/Completed/zz-TV/Lost.Girl.S04.BDRip.x264-ION10') target=PosixPath('/home/xircon/dmnts/twotb/Downloads/Completed/zz-TV/Lost Girl/Lost.Girl.S04.BDRip.x264-ION10')
2026-07-03T10:11:33.719 thread=140340329707200 event=move.rename.try source=PosixPath('/home/xircon/dmnts/twotb/Downloads/Completed/zz-TV/Lost.Girl.S04.BDRip.x264-ION10') target=PosixPath('/home/xircon/dmnts/twotb/Downloads/Completed/zz-TV/Lost Girl/Lost.Girl.S04.BDRip.x264-ION10') source_size=5785529814
2026-07-03T10:11:33.720 thread=140340329707200 event=move.rename.done source=PosixPath('/home/xircon/dmnts/twotb/Downloads/Completed/zz-TV/Lost.Girl.S04.BDRip.x264-ION10') target=PosixPath('/home/xircon/dmnts/twotb/Downloads/Completed/zz-TV/Lost Girl/Lost.Girl.S04.BDRip.x264-ION10') elapsed_seconds=0.001
2026-07-03T10:11:33.720 thread=140340329707200 event=operation.target.done operation='move' source=PosixPath('/home/xircon/dmnts/twotb/Downloads/Completed/zz-TV/Lost.Girl.S04.BDRip.x264-ION10') target=PosixPath('/home/xircon/dmnts/twotb/Downloads/Completed/zz-TV/Lost Girl/Lost.Girl.S04.BDRip.x264-ION10') done_bytes=27682194607
2026-07-03T10:11:33.720 thread=140340329707200 event=operation.worker.done operation='move' completed=4 elapsed_seconds=0.021 done_bytes=27682194607
2026-07-03T10:11:33.730 thread=140341755419584 event=operation.completed.signal pane='Left' operation='move' completed=4
2026-07-03T10:11:33.730 thread=140341755419584 event=operation.end active=0 queued=0
2026-07-03T10:11:33.730 thread=140341755419584 event=operation.finish pane='Left' operation='move' completed=4 warning=None
2026-07-03T10:11:37.028 thread=140341755419584 event=pane.filesystem_tint left=PosixPath('/home/xircon/dmnts/twotb/Downloads/Completed/zz-TV/Lost Girl/Lost Girl') right=PosixPath('/home/xircon/dmnts/htpc-mech/TV/Game.of.Thrones.Complete.Series.Season.1.2.3.4.5.6.7.8.x264.720p/Season 1') left_fs=66309 right_fs=108 different=True
2026-07-03T10:11:39.472 thread=140341755419584 event=pane.filesystem_tint left=PosixPath('/home/xircon/dmnts/twotb/Downloads/Completed/zz-TV/Lost Girl/Lost Girl/Lost Girl') right=PosixPath('/home/xircon/dmnts/htpc-mech/TV/Game.of.Thrones.Complete.Series.Season.1.2.3.4.5.6.7.8.x264.720p/Season 1') left_fs=66309 right_fs=108 different=True
2026-07-03T10:11:41.118 thread=140341755419584 event=pane.filesystem_tint left=PosixPath('/home/xircon/dmnts/twotb/Downloads/Completed/zz-TV/Lost Girl/Lost Girl') right=PosixPath('/home/xircon/dmnts/htpc-mech/TV/Game.of.Thrones.Complete.Series.Season.1.2.3.4.5.6.7.8.x264.720p/Season 1') left_fs=66309 right_fs=108 different=True
2026-07-03T10:11:41.777 thread=140341755419584 event=pane.filesystem_tint left=PosixPath('/home/xircon/dmnts/twotb/Downloads/Completed/zz-TV/Lost Girl') right=PosixPath('/home/xircon/dmnts/htpc-mech/TV/Game.of.Thrones.Complete.Series.Season.1.2.3.4.5.6.7.8.x264.720p/Season 1') left_fs=66309 right_fs=108 different=True
2026-07-03T10:11:46.295 thread=140341755419584 event=operation.begin active=1 queued=0
2026-07-03T10:11:46.962 thread=140341755419584 event=operation.end active=0 queued=0
2026-07-03T10:11:49.124 thread=140341755419584 event=pane.filesystem_tint left=PosixPath('/home/xircon/dmnts/twotb/Downloads/Completed/zz-TV') right=PosixPath('/home/xircon/dmnts/htpc-mech/TV/Game.of.Thrones.Complete.Series.Season.1.2.3.4.5.6.7.8.x264.720p/Season 1') left_fs=66309 right_fs=108 different=True
2026-07-03T10:11:51.944 thread=140341755419584 event=clipboard.move pane='Left' count=1 paths=['/home/xircon/dmnts/twotb/Downloads/Completed/zz-TV/Lost.Girl.S05.720p.x265-ZMNT']
2026-07-03T10:11:54.419 thread=140341755419584 event=pane.filesystem_tint left=PosixPath('/home/xircon/dmnts/twotb/Downloads/Completed') right=PosixPath('/home/xircon/dmnts/htpc-mech/TV/Game.of.Thrones.Complete.Series.Season.1.2.3.4.5.6.7.8.x264.720p/Season 1') left_fs=66309 right_fs=108 different=True
2026-07-03T10:12:01.428 thread=140341755419584 event=pane.filesystem_tint left=PosixPath('/home/xircon/dmnts/twotb/Downloads/Completed/zz-TV') right=PosixPath('/home/xircon/dmnts/htpc-mech/TV/Game.of.Thrones.Complete.Series.Season.1.2.3.4.5.6.7.8.x264.720p/Season 1') left_fs=66309 right_fs=108 different=True
2026-07-03T10:12:03.969 thread=140341755419584 event=pane.filesystem_tint left=PosixPath('/home/xircon/dmnts/twotb/Downloads/Completed/zz-TV/Lost Girl') right=PosixPath('/home/xircon/dmnts/htpc-mech/TV/Game.of.Thrones.Complete.Series.Season.1.2.3.4.5.6.7.8.x264.720p/Season 1') left_fs=66309 right_fs=108 different=True
2026-07-03T10:12:06.053 thread=140341755419584 event=clipboard.paste pane='Left' source='internal' operation='move' count=1 destination=PosixPath('/home/xircon/dmnts/twotb/Downloads/Completed/zz-TV/Lost Girl') paths=['/home/xircon/dmnts/twotb/Downloads/Completed/zz-TV/Lost.Girl.S05.720p.x265-ZMNT']
2026-07-03T10:12:06.053 thread=140341755419584 event=move.request pane='Left' count=1 destination=PosixPath('/home/xircon/dmnts/twotb/Downloads/Completed/zz-TV/Lost Girl') paths=['/home/xircon/dmnts/twotb/Downloads/Completed/zz-TV/Lost.Girl.S05.720p.x265-ZMNT']
2026-07-03T10:12:06.053 thread=140341755419584 event=collision.none source=PosixPath('/home/xircon/dmnts/twotb/Downloads/Completed/zz-TV/Lost.Girl.S05.720p.x265-ZMNT') destination=PosixPath('/home/xircon/dmnts/twotb/Downloads/Completed/zz-TV/Lost Girl/Lost.Girl.S05.720p.x265-ZMNT')
2026-07-03T10:12:06.053 thread=140341755419584 event=move.start_dialog pane='Left' targets=[('/home/xircon/dmnts/twotb/Downloads/Completed/zz-TV/Lost.Girl.S05.720p.x265-ZMNT', '/home/xircon/dmnts/twotb/Downloads/Completed/zz-TV/Lost Girl/Lost.Girl.S05.720p.x265-ZMNT')]
2026-07-03T10:12:06.054 thread=140341755419584 event=operation.dialog.create pane='Left' operation='move' targets=1 title='Moving files...'
2026-07-03T10:12:06.054 thread=140341755419584 event=operation.begin active=1 queued=0
2026-07-03T10:12:06.059 thread=140341755419584 event=operation.thread.started pane='Left' operation='move' targets=1
2026-07-03T10:12:06.059 thread=140340329707200 event=operation.worker.start operation='move' targets=1
2026-07-03T10:12:06.061 thread=140340329707200 event=operation.worker.sized operation='move' total_bytes=6809031199 total_units=103898
2026-07-03T10:12:06.062 thread=140340329707200 event=operation.target.start operation='move' source=PosixPath('/home/xircon/dmnts/twotb/Downloads/Completed/zz-TV/Lost.Girl.S05.720p.x265-ZMNT') target=PosixPath('/home/xircon/dmnts/twotb/Downloads/Completed/zz-TV/Lost Girl/Lost.Girl.S05.720p.x265-ZMNT')
2026-07-03T10:12:06.062 thread=140340329707200 event=move.start source=PosixPath('/home/xircon/dmnts/twotb/Downloads/Completed/zz-TV/Lost.Girl.S05.720p.x265-ZMNT') target=PosixPath('/home/xircon/dmnts/twotb/Downloads/Completed/zz-TV/Lost Girl/Lost.Girl.S05.720p.x265-ZMNT')
2026-07-03T10:12:06.062 thread=140340329707200 event=move.rename.try source=PosixPath('/home/xircon/dmnts/twotb/Downloads/Completed/zz-TV/Lost.Girl.S05.720p.x265-ZMNT') target=PosixPath('/home/xircon/dmnts/twotb/Downloads/Completed/zz-TV/Lost Girl/Lost.Girl.S05.720p.x265-ZMNT') source_size=6809031199
2026-07-03T10:12:06.065 thread=140340329707200 event=move.rename.done source=PosixPath('/home/xircon/dmnts/twotb/Downloads/Completed/zz-TV/Lost.Girl.S05.720p.x265-ZMNT') target=PosixPath('/home/xircon/dmnts/twotb/Downloads/Completed/zz-TV/Lost Girl/Lost.Girl.S05.720p.x265-ZMNT') elapsed_seconds=0.003
2026-07-03T10:12:06.065 thread=140340329707200 event=operation.target.done operation='move' source=PosixPath('/home/xircon/dmnts/twotb/Downloads/Completed/zz-TV/Lost.Girl.S05.720p.x265-ZMNT') target=PosixPath('/home/xircon/dmnts/twotb/Downloads/Completed/zz-TV/Lost Girl/Lost.Girl.S05.720p.x265-ZMNT') done_bytes=6809031199
2026-07-03T10:12:06.066 thread=140340329707200 event=operation.worker.done operation='move' completed=1 elapsed_seconds=0.006 done_bytes=6809031199
2026-07-03T10:12:06.068 thread=140341755419584 event=operation.completed.signal pane='Left' operation='move' completed=1
2026-07-03T10:12:06.068 thread=140341755419584 event=operation.end active=0 queued=0
2026-07-03T10:12:06.068 thread=140341755419584 event=operation.finish pane='Left' operation='move' completed=1 warning=None
2026-07-03T10:12:07.919 thread=140341755419584 event=pane.filesystem_tint left=PosixPath('/home/xircon/dmnts/twotb/Downloads/Completed/zz-TV') right=PosixPath('/home/xircon/dmnts/htpc-mech/TV/Game.of.Thrones.Complete.Series.Season.1.2.3.4.5.6.7.8.x264.720p/Season 1') left_fs=66309 right_fs=108 different=True
2026-07-03T13:27:16.482 thread=140341755419584 event=pane.filesystem_tint left=PosixPath('/home/xircon/dmnts/twotb/Downloads') right=PosixPath('/home/xircon/dmnts/htpc-mech/TV/Game.of.Thrones.Complete.Series.Season.1.2.3.4.5.6.7.8.x264.720p/Season 1') left_fs=66309 right_fs=108 different=True
2026-07-03T13:27:20.168 thread=140341755419584 event=pane.filesystem_tint left=PosixPath('/home/xircon/dmnts/twotb/Downloads') right=PosixPath('/home/xircon/dmnts/htpc-mech/TV/Game.of.Thrones.Complete.Series.Season.1.2.3.4.5.6.7.8.x264.720p/Season 1') left_fs=66309 right_fs=108 different=True
2026-07-03T13:27:20.297 thread=140341755419584 event=pane.filesystem_tint left=PosixPath('/home/xircon/dmnts/twotb/Downloads') right=PosixPath('/home/xircon/dmnts/htpc-mech/TV/Game.of.Thrones.Complete.Series.Season.1.2.3.4.5.6.7.8.x264.720p/Season 1') left_fs=66309 right_fs=108 different=True
2026-07-03T13:27:22.546 thread=140341755419584 event=pane.filesystem_tint left=PosixPath('/home/xircon/dmnts/twotb/Downloads/.thumbnails') right=PosixPath('/home/xircon/dmnts/htpc-mech/TV/Game.of.Thrones.Complete.Series.Season.1.2.3.4.5.6.7.8.x264.720p/Season 1') left_fs=66309 right_fs=108 different=True
2026-07-03T13:28:16.202 thread=140341755419584 event=pane.filesystem_tint left=PosixPath('/home/xircon/dmnts/twotb/Downloads/.thumbnails/PornstarsLikeItBig.18.10.14.Alessandra.Jane.Fucking.The.Masterpiece..480p.MP4-XXX') right=PosixPath('/home/xircon/dmnts/htpc-mech/TV/Game.of.Thrones.Complete.Series.Season.1.2.3.4.5.6.7.8.x264.720p/Season 1') left_fs=66309 right_fs=108 different=True
2026-07-03T13:28:24.076 thread=140341755419584 event=pane.filesystem_tint left=PosixPath('/home/xircon/dmnts/twotb/Downloads/.thumbnails') right=PosixPath('/home/xircon/dmnts/htpc-mech/TV/Game.of.Thrones.Complete.Series.Season.1.2.3.4.5.6.7.8.x264.720p/Season 1') left_fs=66309 right_fs=108 different=True
2026-07-03T13:34:19.804 thread=140341755419584 event=pane.filesystem_tint left=PosixPath('/home/xircon/dmnts/twotb/Downloads') right=PosixPath('/home/xircon/dmnts/htpc-mech/TV/Game.of.Thrones.Complete.Series.Season.1.2.3.4.5.6.7.8.x264.720p/Season 1') left_fs=66309 right_fs=108 different=True
2026-07-03T13:34:27.826 thread=140341755419584 event=pane.filesystem_tint left=PosixPath('/home/xircon/dmnts/twotb/Downloads') right=PosixPath('/home/xircon/Documents') left_fs=66309 right_fs=66306 different=True
2026-07-03T13:34:37.848 thread=140341755419584 event=pane.filesystem_tint left=PosixPath('/home/xircon/dmnts/twotb/Downloads') right=PosixPath('/home/xircon/Documents') left_fs=66309 right_fs=66306 different=True
2026-07-03T13:34:40.516 thread=140341755419584 event=pane.filesystem_tint left=PosixPath('/home/xircon/dmnts/twotb/Downloads') right=PosixPath('/home/xircon/Documents') left_fs=66309 right_fs=66306 different=True
2026-07-03T13:34:41.468 thread=140341755419584 event=pane.filesystem_tint left=PosixPath('/home/xircon/dmnts/twotb/Downloads') right=PosixPath('/home/xircon/Documents') left_fs=66309 right_fs=66306 different=True
2026-07-03T13:34:43.165 thread=140341755419584 event=pane.filesystem_tint left=PosixPath('/home/xircon/dmnts/twotb/Downloads') right=PosixPath('/home/xircon/Documents') left_fs=66309 right_fs=66306 different=True
2026-07-03T13:34:43.649 thread=140341755419584 event=pane.filesystem_tint left=PosixPath('/home/xircon/dmnts/twotb/Downloads') right=PosixPath('/home/xircon/Documents') left_fs=66309 right_fs=66306 different=True
2026-07-03T13:34:53.804 thread=140341755419584 event=pane.filesystem_tint left=PosixPath('/home/xircon/dmnts/twotb/Downloads') right=PosixPath('/home/xircon/dmnts/twotb/Downloads') left_fs=66309 right_fs=66309 different=False
2026-07-03T13:35:00.583 thread=140341755419584 event=pane.filesystem_tint left=PosixPath('/home/xircon/dmnts/twotb/Downloads') right=PosixPath('/home/xircon/dmnts/twotb/Downloads/Completed') left_fs=66309 right_fs=66309 different=False
2026-07-03T13:35:04.898 thread=140341755419584 event=pane.filesystem_tint left=PosixPath('/home/xircon/dmnts/twotb/Downloads/Completed') right=PosixPath('/home/xircon/dmnts/twotb/Downloads/Completed') left_fs=66309 right_fs=66309 different=False
2026-07-03T17:15:45.243 thread=140341755419584 event=pane.filesystem_tint left=PosixPath('/home/xircon/dmnts/twotb/Downloads/Completed/Sugar.2024.S02E03.720p.x264-FENiX') right=PosixPath('/home/xircon/dmnts/twotb/Downloads/Completed') left_fs=66309 right_fs=66309 different=False
2026-07-03T17:16:13.706 thread=140341755419584 event=pane.filesystem_tint left=PosixPath('/home/xircon/dmnts/twotb/Downloads/Completed/Sugar.2024.S02E03.720p.x264-FENiX') right=PosixPath('/home/xircon/dmnts/htpc-mech/TV') left_fs=66309 right_fs=108 different=True
2026-07-03T17:16:25.178 thread=140341755419584 event=pane.filesystem_tint left=PosixPath('/home/xircon/dmnts/twotb/Downloads/Completed/Sugar.2024.S02E03.720p.x264-FENiX') right=PosixPath('/home/xircon/dmnts/htpc-mech/TV/Sugar') left_fs=66309 right_fs=108 different=True
2026-07-03T17:16:27.220 thread=140341755419584 event=pane.filesystem_tint left=PosixPath('/home/xircon/dmnts/twotb/Downloads/Completed/Sugar.2024.S02E03.720p.x264-FENiX') right=PosixPath('/home/xircon/dmnts/htpc-mech/TV/Sugar/Sugar.S02') left_fs=66309 right_fs=108 different=True
2026-07-03T17:16:29.935 thread=140341755419584 event=pane.filesystem_tint left=PosixPath('/home/xircon/dmnts/twotb/Downloads/Completed/Sugar.2024.S02E03.720p.x264-FENiX/Converted') right=PosixPath('/home/xircon/dmnts/htpc-mech/TV/Sugar/Sugar.S02') left_fs=66309 right_fs=108 different=True
2026-07-03T17:16:31.715 thread=140341755419584 event=drag.start pane='Left' count=1 paths=['/home/xircon/dmnts/twotb/Downloads/Completed/Sugar.2024.S02E03.720p.x264-FENiX/Converted/Sugar.2024.S02E03.720p.x264-FENiX.mkv']
2026-07-03T17:16:33.159 thread=140341755419584 event=drop.received pane='Right' action='DropAction.CopyAction' paths=['/home/xircon/dmnts/twotb/Downloads/Completed/Sugar.2024.S02E03.720p.x264-FENiX/Converted/Sugar.2024.S02E03.720p.x264-FENiX.mkv'] destination=PosixPath('/home/xircon/dmnts/htpc-mech/TV/Sugar/Sugar.S02')
2026-07-03T17:16:33.159 thread=140341755419584 event=drop.copy pane='Right' count=1 destination=PosixPath('/home/xircon/dmnts/htpc-mech/TV/Sugar/Sugar.S02')
2026-07-03T17:16:33.159 thread=140341755419584 event=copy.request pane='Right' count=1 destination=PosixPath('/home/xircon/dmnts/htpc-mech/TV/Sugar/Sugar.S02') paths=['/home/xircon/dmnts/twotb/Downloads/Completed/Sugar.2024.S02E03.720p.x264-FENiX/Converted/Sugar.2024.S02E03.720p.x264-FENiX.mkv']
2026-07-03T17:16:33.172 thread=140341755419584 event=collision.none source=PosixPath('/home/xircon/dmnts/twotb/Downloads/Completed/Sugar.2024.S02E03.720p.x264-FENiX/Converted/Sugar.2024.S02E03.720p.x264-FENiX.mkv') destination=PosixPath('/home/xircon/dmnts/htpc-mech/TV/Sugar/Sugar.S02/Sugar.2024.S02E03.720p.x264-FENiX.mkv')
2026-07-03T17:16:33.172 thread=140341755419584 event=copy.start_dialog pane='Right' targets=[('/home/xircon/dmnts/twotb/Downloads/Completed/Sugar.2024.S02E03.720p.x264-FENiX/Converted/Sugar.2024.S02E03.720p.x264-FENiX.mkv', '/home/xircon/dmnts/htpc-mech/TV/Sugar/Sugar.S02/Sugar.2024.S02E03.720p.x264-FENiX.mkv')]
2026-07-03T17:16:33.172 thread=140341755419584 event=operation.dialog.create pane='Right' operation='copy' targets=1 title='Copying files...'
2026-07-03T17:16:33.172 thread=140341755419584 event=operation.begin active=1 queued=0
2026-07-03T17:16:33.184 thread=140341755419584 event=operation.thread.started pane='Right' operation='copy' targets=1
2026-07-03T17:16:33.184 thread=140340153546432 event=operation.worker.start operation='copy' targets=1
2026-07-03T17:16:33.185 thread=140340153546432 event=operation.worker.sized operation='copy' total_bytes=495556943 total_units=7562
2026-07-03T17:16:33.185 thread=140340153546432 event=operation.target.start operation='copy' source=PosixPath('/home/xircon/dmnts/twotb/Downloads/Completed/Sugar.2024.S02E03.720p.x264-FENiX/Converted/Sugar.2024.S02E03.720p.x264-FENiX.mkv') target=PosixPath('/home/xircon/dmnts/htpc-mech/TV/Sugar/Sugar.S02/Sugar.2024.S02E03.720p.x264-FENiX.mkv')
2026-07-03T17:16:33.186 thread=140341755419584 event=drag.done pane='Left' count=1
2026-07-03T17:16:33.211 thread=140340153546432 event=copy.file.start operation='copy' source=PosixPath('/home/xircon/dmnts/twotb/Downloads/Completed/Sugar.2024.S02E03.720p.x264-FENiX/Converted/Sugar.2024.S02E03.720p.x264-FENiX.mkv') target=PosixPath('/home/xircon/dmnts/htpc-mech/TV/Sugar/Sugar.S02/Sugar.2024.S02E03.720p.x264-FENiX.mkv')
2026-07-03T17:19:32.390 thread=140340153546432 event=copy.file.done operation='copy' source=PosixPath('/home/xircon/dmnts/twotb/Downloads/Completed/Sugar.2024.S02E03.720p.x264-FENiX/Converted/Sugar.2024.S02E03.720p.x264-FENiX.mkv') target=PosixPath('/home/xircon/dmnts/htpc-mech/TV/Sugar/Sugar.S02/Sugar.2024.S02E03.720p.x264-FENiX.mkv') bytes=495556943 elapsed_seconds=179.179
2026-07-03T17:19:32.391 thread=140340153546432 event=operation.target.done operation='copy' source=PosixPath('/home/xircon/dmnts/twotb/Downloads/Completed/Sugar.2024.S02E03.720p.x264-FENiX/Converted/Sugar.2024.S02E03.720p.x264-FENiX.mkv') target=PosixPath('/home/xircon/dmnts/htpc-mech/TV/Sugar/Sugar.S02/Sugar.2024.S02E03.720p.x264-FENiX.mkv') done_bytes=495556943
2026-07-03T17:19:32.391 thread=140340153546432 event=operation.worker.done operation='copy' completed=1 elapsed_seconds=179.206 done_bytes=495556943
2026-07-03T17:19:32.393 thread=140341755419584 event=operation.completed.signal pane='Right' operation='copy' completed=1
2026-07-03T17:19:32.393 thread=140341755419584 event=operation.end active=0 queued=0
2026-07-03T17:19:32.393 thread=140341755419584 event=operation.finish pane='Right' operation='copy' completed=1 warning=None
2026-07-04T11:33:29.009 thread=140075895172032 event=logging.enabled path=PosixPath('/home/xircon/dmnts/twotb/scripts/pyside/fm/fm.log') version='1.08'
2026-07-04T11:33:29.010 thread=140075895172032 event=app.start version='1.08'
2026-07-04T11:33:29.491 thread=140075895172032 event=pane.filesystem_tint left=PosixPath('/home/xircon/dmnts/twotb/Downloads/Completed') right=PosixPath('/home/xircon') left_fs=66309 right_fs=66306 different=True
2026-07-04T11:33:29.687 thread=140075895172032 event=pane.filesystem_tint left=PosixPath('/home/xircon/dmnts/twotb/Downloads/Completed') right=PosixPath('/home/xircon/dmnts/htpc-mech/TV/Game.of.Thrones.Complete.Series.Season.1.2.3.4.5.6.7.8.x264.720p/Season 1') left_fs=66309 right_fs=104 different=True
2026-07-04T11:33:29.863 thread=140075895172032 event=pane.filesystem_tint left=PosixPath('/home/xircon/dmnts/twotb/Downloads/Completed') right=PosixPath('/home/xircon/dmnts/htpc-mech/TV/Game.of.Thrones.Complete.Series.Season.1.2.3.4.5.6.7.8.x264.720p/Season 1') left_fs=66309 right_fs=104 different=True
2026-07-04T11:33:29.875 thread=140075895172032 event=pane.filesystem_tint left=PosixPath('/home/xircon/dmnts/twotb/Downloads/Completed') right=PosixPath('/home/xircon/dmnts/htpc-mech/TV/Game.of.Thrones.Complete.Series.Season.1.2.3.4.5.6.7.8.x264.720p/Season 1') left_fs=66309 right_fs=104 different=True
2026-07-04T11:33:30.140 thread=140075895172032 event=pane.filesystem_tint left=PosixPath('/home/xircon/dmnts/twotb/Downloads/Completed') right=PosixPath('/home/xircon/dmnts/htpc-mech/TV/Game.of.Thrones.Complete.Series.Season.1.2.3.4.5.6.7.8.x264.720p/Season 1') left_fs=66309 right_fs=104 different=True
2026-07-04T11:33:30.145 thread=140075895172032 event=pane.filesystem_tint left=PosixPath('/home/xircon/dmnts/twotb/Downloads/Completed') right=PosixPath('/home/xircon/dmnts/htpc-mech/TV/Game.of.Thrones.Complete.Series.Season.1.2.3.4.5.6.7.8.x264.720p/Season 1') left_fs=66309 right_fs=104 different=True
2026-07-04T11:33:30.744 thread=140075895172032 event=side_panel.width.restore width=151 actual=151
2026-07-04T11:33:30.755 thread=140075895172032 event=side_panel.width.restore width=151 actual=151
2026-07-04T11:33:30.756 thread=140075895172032 event=side_panel.width.restore width=151 actual=151
2026-07-04T11:33:30.798 thread=140075895172032 event=side_panel.width.restore width=151 actual=151
2026-07-04T11:33:30.798 thread=140075895172032 event=side_panel.width.restore width=151 actual=151
2026-07-04T11:33:30.798 thread=140075895172032 event=side_panel.width.restore width=151 actual=151
2026-07-04T11:33:30.798 thread=140075895172032 event=side_panel.width.restore width=151 actual=151
2026-07-04T11:33:30.798 thread=140075895172032 event=side_panel.width.restore width=151 actual=151
2026-07-04T11:33:30.798 thread=140075895172032 event=side_panel.width.restore width=151 actual=151
2026-07-04T11:33:30.799 thread=140075895172032 event=side_panel.width.restore width=151 actual=151
2026-07-04T11:33:30.799 thread=140075895172032 event=side_panel.width.restore width=151 actual=151
2026-07-04T11:33:30.799 thread=140075895172032 event=side_panel.width.restore width=151 actual=151
2026-07-04T11:33:30.799 thread=140075895172032 event=side_panel.width.restore width=151 actual=151
2026-07-04T11:33:31.078 thread=140075895172032 event=side_panel.width.restore_finished width=151 actual=151
2026-07-04T11:33:31.079 thread=140075895172032 event=side_panel.width.restore width=151 actual=151
2026-07-04T11:33:31.079 thread=140075895172032 event=side_panel.width.restore width=151 actual=151
2026-07-04T11:33:31.315 thread=140075895172032 event=side_panel.width.restore_finished width=151 actual=151
2026-07-04T11:33:31.316 thread=140075895172032 event=side_panel.width.restore_finished width=151 actual=151
2026-07-04T11:33:54.441 thread=140075895172032 event=pane.filesystem_tint left=PosixPath('/home/xircon/dmnts/twotb/Downloads/Completed') right=PosixPath('/home/xircon/dmnts/htpc-mech/TV') left_fs=66309 right_fs=104 different=True
2026-07-04T11:34:51.201 thread=140075895172032 event=drag.start pane='Left' count=1 paths=['/home/xircon/dmnts/twotb/Downloads/Completed/The.Witcher.S01.COMPLETE.720p.NF.WEBRip.x264-GalaxyTV[TGx]']
2026-07-04T11:34:52.577 thread=140075895172032 event=drop.received pane='Left' action='DropAction.CopyAction' paths=['/home/xircon/dmnts/twotb/Downloads/Completed/The.Witcher.S01.COMPLETE.720p.NF.WEBRip.x264-GalaxyTV[TGx]'] destination=PosixPath('/home/xircon/dmnts/twotb/Downloads/Completed/The.Witcher.S01.COMPLETE.720p.NF.WEBRip.x264-GalaxyTV[TGx]')
2026-07-04T11:34:52.577 thread=140075895172032 event=drop.filtered.same_destination pane='Left' path=PosixPath('/home/xircon/dmnts/twotb/Downloads/Completed/The.Witcher.S01.COMPLETE.720p.NF.WEBRip.x264-GalaxyTV[TGx]') destination=PosixPath('/home/xircon/dmnts/twotb/Downloads/Completed/The.Witcher.S01.COMPLETE.720p.NF.WEBRip.x264-GalaxyTV[TGx]')
2026-07-04T11:34:52.577 thread=140075895172032 event=drop.ignored.filtered_all pane='Left' destination=PosixPath('/home/xircon/dmnts/twotb/Downloads/Completed/The.Witcher.S01.COMPLETE.720p.NF.WEBRip.x264-GalaxyTV[TGx]')
2026-07-04T11:34:52.578 thread=140075895172032 event=drag.done pane='Left' count=1
2026-07-04T11:34:58.008 thread=140075895172032 event=drag.start pane='Left' count=1 paths=['/home/xircon/dmnts/twotb/Downloads/Completed/Sugar.2024.S02E01.720p.x264-FENiX']
2026-07-04T11:34:58.533 thread=140075895172032 event=drop.received pane='Left' action='DropAction.CopyAction' paths=['/home/xircon/dmnts/twotb/Downloads/Completed/Sugar.2024.S02E01.720p.x264-FENiX'] destination=PosixPath('/home/xircon/dmnts/twotb/Downloads/Completed/The.Witcher.S01.COMPLETE.720p.NF.WEBRip.x264-GalaxyTV[TGx]')
2026-07-04T11:34:58.534 thread=140075895172032 event=drop.copy pane='Left' count=1 destination=PosixPath('/home/xircon/dmnts/twotb/Downloads/Completed/The.Witcher.S01.COMPLETE.720p.NF.WEBRip.x264-GalaxyTV[TGx]')
2026-07-04T11:34:58.534 thread=140075895172032 event=copy.request pane='Left' count=1 destination=PosixPath('/home/xircon/dmnts/twotb/Downloads/Completed/The.Witcher.S01.COMPLETE.720p.NF.WEBRip.x264-GalaxyTV[TGx]') paths=['/home/xircon/dmnts/twotb/Downloads/Completed/Sugar.2024.S02E01.720p.x264-FENiX']
2026-07-04T11:34:58.534 thread=140075895172032 event=collision.none source=PosixPath('/home/xircon/dmnts/twotb/Downloads/Completed/Sugar.2024.S02E01.720p.x264-FENiX') destination=PosixPath('/home/xircon/dmnts/twotb/Downloads/Completed/The.Witcher.S01.COMPLETE.720p.NF.WEBRip.x264-GalaxyTV[TGx]/Sugar.2024.S02E01.720p.x264-FENiX')
2026-07-04T11:34:58.535 thread=140075895172032 event=copy.start_dialog pane='Left' targets=[('/home/xircon/dmnts/twotb/Downloads/Completed/Sugar.2024.S02E01.720p.x264-FENiX', '/home/xircon/dmnts/twotb/Downloads/Completed/The.Witcher.S01.COMPLETE.720p.NF.WEBRip.x264-GalaxyTV[TGx]/Sugar.2024.S02E01.720p.x264-FENiX')]
2026-07-04T11:34:58.535 thread=140075895172032 event=operation.dialog.create pane='Left' operation='copy' targets=1 title='Copying files...'
2026-07-04T11:34:58.535 thread=140075895172032 event=operation.begin active=1 queued=0
2026-07-04T11:34:58.539 thread=140075895172032 event=operation.thread.started pane='Left' operation='copy' targets=1
2026-07-04T11:34:58.540 thread=140074732107456 event=operation.worker.start operation='copy' targets=1
2026-07-04T11:34:58.541 thread=140075895172032 event=drag.done pane='Left' count=1
2026-07-04T11:34:58.545 thread=140074732107456 event=operation.worker.sized operation='copy' total_bytes=441648749 total_units=6740
2026-07-04T11:34:58.545 thread=140074732107456 event=operation.target.start operation='copy' source=PosixPath('/home/xircon/dmnts/twotb/Downloads/Completed/Sugar.2024.S02E01.720p.x264-FENiX') target=PosixPath('/home/xircon/dmnts/twotb/Downloads/Completed/The.Witcher.S01.COMPLETE.720p.NF.WEBRip.x264-GalaxyTV[TGx]/Sugar.2024.S02E01.720p.x264-FENiX')
2026-07-04T11:34:58.546 thread=140074732107456 event=copy.directory.start operation='copy' source=PosixPath('/home/xircon/dmnts/twotb/Downloads/Completed/Sugar.2024.S02E01.720p.x264-FENiX') target=PosixPath('/home/xircon/dmnts/twotb/Downloads/Completed/The.Witcher.S01.COMPLETE.720p.NF.WEBRip.x264-GalaxyTV[TGx]/Sugar.2024.S02E01.720p.x264-FENiX')
2026-07-04T11:34:58.550 thread=140074732107456 event=copy.file.start operation='copy' source=PosixPath('/home/xircon/dmnts/twotb/Downloads/Completed/Sugar.2024.S02E01.720p.x264-FENiX/Sugar.2024.S02E01.720p.x264-FENiX.mkv') target=PosixPath('/home/xircon/dmnts/twotb/Downloads/Completed/The.Witcher.S01.COMPLETE.720p.NF.WEBRip.x264-GalaxyTV[TGx]/Sugar.2024.S02E01.720p.x264-FENiX/Sugar.2024.S02E01.720p.x264-FENiX.mkv')
2026-07-04T11:34:59.431 thread=140074732107456 event=copy.file.done operation='copy' source=PosixPath('/home/xircon/dmnts/twotb/Downloads/Completed/Sugar.2024.S02E01.720p.x264-FENiX/Sugar.2024.S02E01.720p.x264-FENiX.mkv') target=PosixPath('/home/xircon/dmnts/twotb/Downloads/Completed/The.Witcher.S01.COMPLETE.720p.NF.WEBRip.x264-GalaxyTV[TGx]/Sugar.2024.S02E01.720p.x264-FENiX/Sugar.2024.S02E01.720p.x264-FENiX.mkv') bytes=439435640 elapsed_seconds=0.881
2026-07-04T11:34:59.431 thread=140074732107456 event=copy.file.start operation='copy' source=PosixPath('/home/xircon/dmnts/twotb/Downloads/Completed/Sugar.2024.S02E01.720p.x264-FENiX/Sugar.2024.S02E01.720p.x264-FENiX.nfo') target=PosixPath('/home/xircon/dmnts/twotb/Downloads/Completed/The.Witcher.S01.COMPLETE.720p.NF.WEBRip.x264-GalaxyTV[TGx]/Sugar.2024.S02E01.720p.x264-FENiX/Sugar.2024.S02E01.720p.x264-FENiX.nfo')
2026-07-04T11:34:59.432 thread=140074732107456 event=copy.file.done operation='copy' source=PosixPath('/home/xircon/dmnts/twotb/Downloads/Completed/Sugar.2024.S02E01.720p.x264-FENiX/Sugar.2024.S02E01.720p.x264-FENiX.nfo') target=PosixPath('/home/xircon/dmnts/twotb/Downloads/Completed/The.Witcher.S01.COMPLETE.720p.NF.WEBRip.x264-GalaxyTV[TGx]/Sugar.2024.S02E01.720p.x264-FENiX/Sugar.2024.S02E01.720p.x264-FENiX.nfo') bytes=1465 elapsed_seconds=0.001
2026-07-04T11:34:59.433 thread=140074732107456 event=copy.file.start operation='copy' source=PosixPath('/home/xircon/dmnts/twotb/Downloads/Completed/Sugar.2024.S02E01.720p.x264-FENiX/Screens/Sugar.2024.S02E01.720p.x264-FENiX.Screen0003.png') target=PosixPath('/home/xircon/dmnts/twotb/Downloads/Completed/The.Witcher.S01.COMPLETE.720p.NF.WEBRip.x264-GalaxyTV[TGx]/Sugar.2024.S02E01.720p.x264-FENiX/Screens/Sugar.2024.S02E01.720p.x264-FENiX.Screen0003.png')
2026-07-04T11:34:59.435 thread=140074732107456 event=copy.file.done operation='copy' source=PosixPath('/home/xircon/dmnts/twotb/Downloads/Completed/Sugar.2024.S02E01.720p.x264-FENiX/Screens/Sugar.2024.S02E01.720p.x264-FENiX.Screen0003.png') target=PosixPath('/home/xircon/dmnts/twotb/Downloads/Completed/The.Witcher.S01.COMPLETE.720p.NF.WEBRip.x264-GalaxyTV[TGx]/Sugar.2024.S02E01.720p.x264-FENiX/Screens/Sugar.2024.S02E01.720p.x264-FENiX.Screen0003.png') bytes=459059 elapsed_seconds=0.002
2026-07-04T11:34:59.435 thread=140074732107456 event=copy.file.start operation='copy' source=PosixPath('/home/xircon/dmnts/twotb/Downloads/Completed/Sugar.2024.S02E01.720p.x264-FENiX/Screens/Sugar.2024.S02E01.720p.x264-FENiX.Screen0002.png') target=PosixPath('/home/xircon/dmnts/twotb/Downloads/Completed/The.Witcher.S01.COMPLETE.720p.NF.WEBRip.x264-GalaxyTV[TGx]/Sugar.2024.S02E01.720p.x264-FENiX/Screens/Sugar.2024.S02E01.720p.x264-FENiX.Screen0002.png')
2026-07-04T11:34:59.438 thread=140074732107456 event=copy.file.done operation='copy' source=PosixPath('/home/xircon/dmnts/twotb/Downloads/Completed/Sugar.2024.S02E01.720p.x264-FENiX/Screens/Sugar.2024.S02E01.720p.x264-FENiX.Screen0002.png') target=PosixPath('/home/xircon/dmnts/twotb/Downloads/Completed/The.Witcher.S01.COMPLETE.720p.NF.WEBRip.x264-GalaxyTV[TGx]/Sugar.2024.S02E01.720p.x264-FENiX/Screens/Sugar.2024.S02E01.720p.x264-FENiX.Screen0002.png') bytes=873043 elapsed_seconds=0.004
2026-07-04T11:34:59.439 thread=140074732107456 event=copy.file.start operation='copy' source=PosixPath('/home/xircon/dmnts/twotb/Downloads/Completed/Sugar.2024.S02E01.720p.x264-FENiX/Screens/Sugar.2024.S02E01.720p.x264-FENiX.Screen0004.png') target=PosixPath('/home/xircon/dmnts/twotb/Downloads/Completed/The.Witcher.S01.COMPLETE.720p.NF.WEBRip.x264-GalaxyTV[TGx]/Sugar.2024.S02E01.720p.x264-FENiX/Screens/Sugar.2024.S02E01.720p.x264-FENiX.Screen0004.png')
2026-07-04T11:34:59.441 thread=140074732107456 event=copy.file.done operation='copy' source=PosixPath('/home/xircon/dmnts/twotb/Downloads/Completed/Sugar.2024.S02E01.720p.x264-FENiX/Screens/Sugar.2024.S02E01.720p.x264-FENiX.Screen0004.png') target=PosixPath('/home/xircon/dmnts/twotb/Downloads/Completed/The.Witcher.S01.COMPLETE.720p.NF.WEBRip.x264-GalaxyTV[TGx]/Sugar.2024.S02E01.720p.x264-FENiX/Screens/Sugar.2024.S02E01.720p.x264-FENiX.Screen0004.png') bytes=389333 elapsed_seconds=0.002
2026-07-04T11:34:59.441 thread=140074732107456 event=copy.file.start operation='copy' source=PosixPath('/home/xircon/dmnts/twotb/Downloads/Completed/Sugar.2024.S02E01.720p.x264-FENiX/Screens/Sugar.2024.S02E01.720p.x264-FENiX.Screen0001.png') target=PosixPath('/home/xircon/dmnts/twotb/Downloads/Completed/The.Witcher.S01.COMPLETE.720p.NF.WEBRip.x264-GalaxyTV[TGx]/Sugar.2024.S02E01.720p.x264-FENiX/Screens/Sugar.2024.S02E01.720p.x264-FENiX.Screen0001.png')
2026-07-04T11:34:59.443 thread=140074732107456 event=copy.file.done operation='copy' source=PosixPath('/home/xircon/dmnts/twotb/Downloads/Completed/Sugar.2024.S02E01.720p.x264-FENiX/Screens/Sugar.2024.S02E01.720p.x264-FENiX.Screen0001.png') target=PosixPath('/home/xircon/dmnts/twotb/Downloads/Completed/The.Witcher.S01.COMPLETE.720p.NF.WEBRip.x264-GalaxyTV[TGx]/Sugar.2024.S02E01.720p.x264-FENiX/Screens/Sugar.2024.S02E01.720p.x264-FENiX.Screen0001.png') bytes=490209 elapsed_seconds=0.002
2026-07-04T11:34:59.443 thread=140074732107456 event=copy.directory.done operation='copy' source=PosixPath('/home/xircon/dmnts/twotb/Downloads/Completed/Sugar.2024.S02E01.720p.x264-FENiX') target=PosixPath('/home/xircon/dmnts/twotb/Downloads/Completed/The.Witcher.S01.COMPLETE.720p.NF.WEBRip.x264-GalaxyTV[TGx]/Sugar.2024.S02E01.720p.x264-FENiX') elapsed_seconds=0.897
2026-07-04T11:34:59.443 thread=140074732107456 event=operation.target.done operation='copy' source=PosixPath('/home/xircon/dmnts/twotb/Downloads/Completed/Sugar.2024.S02E01.720p.x264-FENiX') target=PosixPath('/home/xircon/dmnts/twotb/Downloads/Completed/The.Witcher.S01.COMPLETE.720p.NF.WEBRip.x264-GalaxyTV[TGx]/Sugar.2024.S02E01.720p.x264-FENiX') done_bytes=441648749
2026-07-04T11:34:59.443 thread=140074732107456 event=operation.worker.done operation='copy' completed=1 elapsed_seconds=0.904 done_bytes=441648749
2026-07-04T11:34:59.444 thread=140075895172032 event=operation.completed.signal pane='Left' operation='copy' completed=1
2026-07-04T11:34:59.445 thread=140075895172032 event=operation.end active=0 queued=0
2026-07-04T11:34:59.445 thread=140075895172032 event=operation.finish pane='Left' operation='copy' completed=1 warning=None
2026-07-04T11:35:02.117 thread=140075895172032 event=pane.filesystem_tint left=PosixPath('/home/xircon/dmnts/twotb/Downloads/Completed/The.Witcher.S01.COMPLETE.720p.NF.WEBRip.x264-GalaxyTV[TGx]') right=PosixPath('/home/xircon/dmnts/htpc-mech/TV') left_fs=66309 right_fs=104 different=True
2026-07-04T11:35:05.558 thread=140075895172032 event=operation.begin active=1 queued=0
2026-07-04T11:35:06.243 thread=140075895172032 event=operation.end active=0 queued=0
2026-07-04T11:35:09.475 thread=140075895172032 event=pane.filesystem_tint left=PosixPath('/home/xircon/dmnts/twotb/Downloads/Completed') right=PosixPath('/home/xircon/dmnts/htpc-mech/TV') left_fs=66309 right_fs=104 different=True
2026-07-04T11:35:14.193 thread=140075895172032 event=drag.start pane='Left' count=1 paths=['/home/xircon/dmnts/twotb/Downloads/Completed/The.Witcher.S01.COMPLETE.720p.NF.WEBRip.x264-GalaxyTV[TGx]']
2026-07-04T11:35:15.206 thread=140075895172032 event=drop.received pane='Left' action='DropAction.CopyAction' paths=['/home/xircon/dmnts/twotb/Downloads/Completed/The.Witcher.S01.COMPLETE.720p.NF.WEBRip.x264-GalaxyTV[TGx]'] destination=PosixPath('/home/xircon/dmnts/twotb/Downloads/Completed/The.Witcher.S01.COMPLETE.720p.NF.WEBRip.x264-GalaxyTV[TGx]')
2026-07-04T11:35:15.206 thread=140075895172032 event=drop.filtered.same_destination pane='Left' path=PosixPath('/home/xircon/dmnts/twotb/Downloads/Completed/The.Witcher.S01.COMPLETE.720p.NF.WEBRip.x264-GalaxyTV[TGx]') destination=PosixPath('/home/xircon/dmnts/twotb/Downloads/Completed/The.Witcher.S01.COMPLETE.720p.NF.WEBRip.x264-GalaxyTV[TGx]')
2026-07-04T11:35:15.206 thread=140075895172032 event=drop.ignored.filtered_all pane='Left' destination=PosixPath('/home/xircon/dmnts/twotb/Downloads/Completed/The.Witcher.S01.COMPLETE.720p.NF.WEBRip.x264-GalaxyTV[TGx]')
2026-07-04T11:35:15.207 thread=140075895172032 event=drag.done pane='Left' count=1
2026-07-04T11:35:23.792 thread=140075895172032 event=clipboard.move pane='Left' count=3 paths=['/home/xircon/dmnts/twotb/Downloads/Completed/The.Witcher.S01.COMPLETE.720p.NF.WEBRip.x264-GalaxyTV[TGx]', '/home/xircon/dmnts/twotb/Downloads/Completed/The.Witcher.S02.COMPLETE.720p.NF.WEBRip.x264-GalaxyTV[TGx]', '/home/xircon/dmnts/twotb/Downloads/Completed/The.Witcher.S03.COMPLETE.720p.WEBRip.x264-GalaxyTV[TGx]']
2026-07-04T11:35:29.061 thread=140075895172032 event=pane.filesystem_tint left=PosixPath('/home/xircon/dmnts/twotb/Downloads/Completed/zz-TV') right=PosixPath('/home/xircon/dmnts/htpc-mech/TV') left_fs=66309 right_fs=104 different=True
2026-07-04T11:35:31.455 thread=140075895172032 event=clipboard.paste pane='Left' source='internal' operation='move' count=3 destination=PosixPath('/home/xircon/dmnts/twotb/Downloads/Completed/zz-TV') paths=['/home/xircon/dmnts/twotb/Downloads/Completed/The.Witcher.S01.COMPLETE.720p.NF.WEBRip.x264-GalaxyTV[TGx]', '/home/xircon/dmnts/twotb/Downloads/Completed/The.Witcher.S02.COMPLETE.720p.NF.WEBRip.x264-GalaxyTV[TGx]', '/home/xircon/dmnts/twotb/Downloads/Completed/The.Witcher.S03.COMPLETE.720p.WEBRip.x264-GalaxyTV[TGx]']
2026-07-04T11:35:31.456 thread=140075895172032 event=move.request pane='Left' count=3 destination=PosixPath('/home/xircon/dmnts/twotb/Downloads/Completed/zz-TV') paths=['/home/xircon/dmnts/twotb/Downloads/Completed/The.Witcher.S01.COMPLETE.720p.NF.WEBRip.x264-GalaxyTV[TGx]', '/home/xircon/dmnts/twotb/Downloads/Completed/The.Witcher.S02.COMPLETE.720p.NF.WEBRip.x264-GalaxyTV[TGx]', '/home/xircon/dmnts/twotb/Downloads/Completed/The.Witcher.S03.COMPLETE.720p.WEBRip.x264-GalaxyTV[TGx]']
2026-07-04T11:35:31.456 thread=140075895172032 event=collision.none source=PosixPath('/home/xircon/dmnts/twotb/Downloads/Completed/The.Witcher.S01.COMPLETE.720p.NF.WEBRip.x264-GalaxyTV[TGx]') destination=PosixPath('/home/xircon/dmnts/twotb/Downloads/Completed/zz-TV/The.Witcher.S01.COMPLETE.720p.NF.WEBRip.x264-GalaxyTV[TGx]')
2026-07-04T11:35:31.456 thread=140075895172032 event=collision.none source=PosixPath('/home/xircon/dmnts/twotb/Downloads/Completed/The.Witcher.S02.COMPLETE.720p.NF.WEBRip.x264-GalaxyTV[TGx]') destination=PosixPath('/home/xircon/dmnts/twotb/Downloads/Completed/zz-TV/The.Witcher.S02.COMPLETE.720p.NF.WEBRip.x264-GalaxyTV[TGx]')
2026-07-04T11:35:31.456 thread=140075895172032 event=collision.none source=PosixPath('/home/xircon/dmnts/twotb/Downloads/Completed/The.Witcher.S03.COMPLETE.720p.WEBRip.x264-GalaxyTV[TGx]') destination=PosixPath('/home/xircon/dmnts/twotb/Downloads/Completed/zz-TV/The.Witcher.S03.COMPLETE.720p.WEBRip.x264-GalaxyTV[TGx]')
2026-07-04T11:35:31.456 thread=140075895172032 event=move.start_dialog pane='Left' targets=[('/home/xircon/dmnts/twotb/Downloads/Completed/The.Witcher.S01.COMPLETE.720p.NF.WEBRip.x264-GalaxyTV[TGx]', '/home/xircon/dmnts/twotb/Downloads/Completed/zz-TV/The.Witcher.S01.COMPLETE.720p.NF.WEBRip.x264-GalaxyTV[TGx]'), ('/home/xircon/dmnts/twotb/Downloads/Completed/The.Witcher.S02.COMPLETE.720p.NF.WEBRip.x264-GalaxyTV[TGx]', '/home/xircon/dmnts/twotb/Downloads/Completed/zz-TV/The.Witcher.S02.COMPLETE.720p.NF.WEBRip.x264-GalaxyTV[TGx]'), ('/home/xircon/dmnts/twotb/Downloads/Completed/The.Witcher.S03.COMPLETE.720p.WEBRip.x264-GalaxyTV[TGx]', '/home/xircon/dmnts/twotb/Downloads/Completed/zz-TV/The.Witcher.S03.COMPLETE.720p.WEBRip.x264-GalaxyTV[TGx]')]
2026-07-04T11:35:31.456 thread=140075895172032 event=operation.dialog.create pane='Left' operation='move' targets=3 title='Moving files...'
2026-07-04T11:35:31.456 thread=140075895172032 event=operation.begin active=1 queued=0
2026-07-04T11:35:31.461 thread=140075895172032 event=operation.thread.started pane='Left' operation='move' targets=3
2026-07-04T11:35:31.461 thread=140074732107456 event=operation.worker.start operation='move' targets=3
2026-07-04T11:35:31.465 thread=140074732107456 event=operation.worker.sized operation='move' total_bytes=9844477027 total_units=150215
2026-07-04T11:35:31.465 thread=140074732107456 event=operation.target.start operation='move' source=PosixPath('/home/xircon/dmnts/twotb/Downloads/Completed/The.Witcher.S01.COMPLETE.720p.NF.WEBRip.x264-GalaxyTV[TGx]') target=PosixPath('/home/xircon/dmnts/twotb/Downloads/Completed/zz-TV/The.Witcher.S01.COMPLETE.720p.NF.WEBRip.x264-GalaxyTV[TGx]')
2026-07-04T11:35:31.466 thread=140074732107456 event=move.start source=PosixPath('/home/xircon/dmnts/twotb/Downloads/Completed/The.Witcher.S01.COMPLETE.720p.NF.WEBRip.x264-GalaxyTV[TGx]') target=PosixPath('/home/xircon/dmnts/twotb/Downloads/Completed/zz-TV/The.Witcher.S01.COMPLETE.720p.NF.WEBRip.x264-GalaxyTV[TGx]')
2026-07-04T11:35:31.467 thread=140074732107456 event=move.rename.try source=PosixPath('/home/xircon/dmnts/twotb/Downloads/Completed/The.Witcher.S01.COMPLETE.720p.NF.WEBRip.x264-GalaxyTV[TGx]') target=PosixPath('/home/xircon/dmnts/twotb/Downloads/Completed/zz-TV/The.Witcher.S01.COMPLETE.720p.NF.WEBRip.x264-GalaxyTV[TGx]') source_size=3390985852
2026-07-04T11:35:31.468 thread=140074732107456 event=move.rename.done source=PosixPath('/home/xircon/dmnts/twotb/Downloads/Completed/The.Witcher.S01.COMPLETE.720p.NF.WEBRip.x264-GalaxyTV[TGx]') target=PosixPath('/home/xircon/dmnts/twotb/Downloads/Completed/zz-TV/The.Witcher.S01.COMPLETE.720p.NF.WEBRip.x264-GalaxyTV[TGx]') elapsed_seconds=0.001
2026-07-04T11:35:31.468 thread=140074732107456 event=operation.target.done operation='move' source=PosixPath('/home/xircon/dmnts/twotb/Downloads/Completed/The.Witcher.S01.COMPLETE.720p.NF.WEBRip.x264-GalaxyTV[TGx]') target=PosixPath('/home/xircon/dmnts/twotb/Downloads/Completed/zz-TV/The.Witcher.S01.COMPLETE.720p.NF.WEBRip.x264-GalaxyTV[TGx]') done_bytes=3390985852
2026-07-04T11:35:31.468 thread=140074732107456 event=operation.target.start operation='move' source=PosixPath('/home/xircon/dmnts/twotb/Downloads/Completed/The.Witcher.S02.COMPLETE.720p.NF.WEBRip.x264-GalaxyTV[TGx]') target=PosixPath('/home/xircon/dmnts/twotb/Downloads/Completed/zz-TV/The.Witcher.S02.COMPLETE.720p.NF.WEBRip.x264-GalaxyTV[TGx]')
2026-07-04T11:35:31.468 thread=140074732107456 event=move.start source=PosixPath('/home/xircon/dmnts/twotb/Downloads/Completed/The.Witcher.S02.COMPLETE.720p.NF.WEBRip.x264-GalaxyTV[TGx]') target=PosixPath('/home/xircon/dmnts/twotb/Downloads/Completed/zz-TV/The.Witcher.S02.COMPLETE.720p.NF.WEBRip.x264-GalaxyTV[TGx]')
2026-07-04T11:35:31.468 thread=140074732107456 event=move.rename.try source=PosixPath('/home/xircon/dmnts/twotb/Downloads/Completed/The.Witcher.S02.COMPLETE.720p.NF.WEBRip.x264-GalaxyTV[TGx]') target=PosixPath('/home/xircon/dmnts/twotb/Downloads/Completed/zz-TV/The.Witcher.S02.COMPLETE.720p.NF.WEBRip.x264-GalaxyTV[TGx]') source_size=3351782399
2026-07-04T11:35:31.468 thread=140074732107456 event=move.rename.done source=PosixPath('/home/xircon/dmnts/twotb/Downloads/Completed/The.Witcher.S02.COMPLETE.720p.NF.WEBRip.x264-GalaxyTV[TGx]') target=PosixPath('/home/xircon/dmnts/twotb/Downloads/Completed/zz-TV/The.Witcher.S02.COMPLETE.720p.NF.WEBRip.x264-GalaxyTV[TGx]') elapsed_seconds=0.0
2026-07-04T11:35:31.470 thread=140074732107456 event=operation.target.done operation='move' source=PosixPath('/home/xircon/dmnts/twotb/Downloads/Completed/The.Witcher.S02.COMPLETE.720p.NF.WEBRip.x264-GalaxyTV[TGx]') target=PosixPath('/home/xircon/dmnts/twotb/Downloads/Completed/zz-TV/The.Witcher.S02.COMPLETE.720p.NF.WEBRip.x264-GalaxyTV[TGx]') done_bytes=6742768251
2026-07-04T11:35:31.470 thread=140074732107456 event=operation.target.start operation='move' source=PosixPath('/home/xircon/dmnts/twotb/Downloads/Completed/The.Witcher.S03.COMPLETE.720p.WEBRip.x264-GalaxyTV[TGx]') target=PosixPath('/home/xircon/dmnts/twotb/Downloads/Completed/zz-TV/The.Witcher.S03.COMPLETE.720p.WEBRip.x264-GalaxyTV[TGx]')
2026-07-04T11:35:31.470 thread=140074732107456 event=move.start source=PosixPath('/home/xircon/dmnts/twotb/Downloads/Completed/The.Witcher.S03.COMPLETE.720p.WEBRip.x264-GalaxyTV[TGx]') target=PosixPath('/home/xircon/dmnts/twotb/Downloads/Completed/zz-TV/The.Witcher.S03.COMPLETE.720p.WEBRip.x264-GalaxyTV[TGx]')
2026-07-04T11:35:31.470 thread=140074732107456 event=move.rename.try source=PosixPath('/home/xircon/dmnts/twotb/Downloads/Completed/The.Witcher.S03.COMPLETE.720p.WEBRip.x264-GalaxyTV[TGx]') target=PosixPath('/home/xircon/dmnts/twotb/Downloads/Completed/zz-TV/The.Witcher.S03.COMPLETE.720p.WEBRip.x264-GalaxyTV[TGx]') source_size=3101708776
2026-07-04T11:35:31.470 thread=140074732107456 event=move.rename.done source=PosixPath('/home/xircon/dmnts/twotb/Downloads/Completed/The.Witcher.S03.COMPLETE.720p.WEBRip.x264-GalaxyTV[TGx]') target=PosixPath('/home/xircon/dmnts/twotb/Downloads/Completed/zz-TV/The.Witcher.S03.COMPLETE.720p.WEBRip.x264-GalaxyTV[TGx]') elapsed_seconds=0.0
2026-07-04T11:35:31.471 thread=140074732107456 event=operation.target.done operation='move' source=PosixPath('/home/xircon/dmnts/twotb/Downloads/Completed/The.Witcher.S03.COMPLETE.720p.WEBRip.x264-GalaxyTV[TGx]') target=PosixPath('/home/xircon/dmnts/twotb/Downloads/Completed/zz-TV/The.Witcher.S03.COMPLETE.720p.WEBRip.x264-GalaxyTV[TGx]') done_bytes=9844477027
2026-07-04T11:35:31.471 thread=140074732107456 event=operation.worker.done operation='move' completed=3 elapsed_seconds=0.01 done_bytes=9844477027
2026-07-04T11:35:31.476 thread=140075895172032 event=operation.completed.signal pane='Left' operation='move' completed=3
2026-07-04T11:35:31.476 thread=140075895172032 event=operation.end active=0 queued=0
2026-07-04T11:35:31.477 thread=140075895172032 event=operation.finish pane='Left' operation='move' completed=3 warning=None
2026-07-04T11:36:48.395 thread=140075895172032 event=pane.filesystem_tint left=PosixPath('/home/xircon/dmnts/twotb/Downloads/Completed/zz-TV') right=PosixPath('/home/xircon/dmnts/htpc-mech/TV/This City Is Ours 2025 S01') left_fs=66309 right_fs=104 different=True
2026-07-04T11:36:48.415 thread=140075895172032 event=pane.filesystem_tint left=PosixPath('/home/xircon/dmnts/twotb/Downloads/Completed/zz-TV') right=PosixPath('/home/xircon/dmnts/htpc-mech/TV/This City Is Ours 2025 S01') left_fs=66309 right_fs=104 different=True
2026-07-04T11:36:51.060 thread=140075895172032 event=pane.filesystem_tint left=PosixPath('/home/xircon/dmnts/twotb/Downloads/Completed/zz-TV') right=PosixPath('/home/xircon/dmnts/htpc-mech/TV') left_fs=66309 right_fs=104 different=True
2026-07-04T11:37:10.225 thread=140075895172032 event=clipboard.move pane='Right' count=3 paths=['/home/xircon/dmnts/htpc-mech/TV/The.Witcher.S01.COMPLETE.720p.NF.WEBRip.x264-GalaxyTV[TGx]', '/home/xircon/dmnts/htpc-mech/TV/The.Witcher.S02.COMPLETE.720p.NF.WEBRip.x264-GalaxyTV[TGx]', '/home/xircon/dmnts/htpc-mech/TV/The.Witcher.S03.COMPLETE.720p.WEBRip.x264-GalaxyTV[TGx]']
2026-07-04T11:37:13.425 thread=140075895172032 event=pane.filesystem_tint left=PosixPath('/home/xircon/dmnts/twotb/Downloads/Completed/zz-TV') right=PosixPath('/home/xircon/dmnts/htpc-mech/TV/The.Witcher') left_fs=66309 right_fs=104 different=True
2026-07-04T11:37:16.244 thread=140075895172032 event=clipboard.paste pane='Right' source='internal' operation='move' count=3 destination=PosixPath('/home/xircon/dmnts/htpc-mech/TV/The.Witcher') paths=['/home/xircon/dmnts/htpc-mech/TV/The.Witcher.S01.COMPLETE.720p.NF.WEBRip.x264-GalaxyTV[TGx]', '/home/xircon/dmnts/htpc-mech/TV/The.Witcher.S02.COMPLETE.720p.NF.WEBRip.x264-GalaxyTV[TGx]', '/home/xircon/dmnts/htpc-mech/TV/The.Witcher.S03.COMPLETE.720p.WEBRip.x264-GalaxyTV[TGx]']
2026-07-04T11:37:16.244 thread=140075895172032 event=move.request pane='Right' count=3 destination=PosixPath('/home/xircon/dmnts/htpc-mech/TV/The.Witcher') paths=['/home/xircon/dmnts/htpc-mech/TV/The.Witcher.S01.COMPLETE.720p.NF.WEBRip.x264-GalaxyTV[TGx]', '/home/xircon/dmnts/htpc-mech/TV/The.Witcher.S02.COMPLETE.720p.NF.WEBRip.x264-GalaxyTV[TGx]', '/home/xircon/dmnts/htpc-mech/TV/The.Witcher.S03.COMPLETE.720p.WEBRip.x264-GalaxyTV[TGx]']
2026-07-04T11:37:16.253 thread=140075895172032 event=collision.none source=PosixPath('/home/xircon/dmnts/htpc-mech/TV/The.Witcher.S01.COMPLETE.720p.NF.WEBRip.x264-GalaxyTV[TGx]') destination=PosixPath('/home/xircon/dmnts/htpc-mech/TV/The.Witcher/The.Witcher.S01.COMPLETE.720p.NF.WEBRip.x264-GalaxyTV[TGx]')
2026-07-04T11:37:16.266 thread=140075895172032 event=collision.none source=PosixPath('/home/xircon/dmnts/htpc-mech/TV/The.Witcher.S02.COMPLETE.720p.NF.WEBRip.x264-GalaxyTV[TGx]') destination=PosixPath('/home/xircon/dmnts/htpc-mech/TV/The.Witcher/The.Witcher.S02.COMPLETE.720p.NF.WEBRip.x264-GalaxyTV[TGx]')
2026-07-04T11:37:16.278 thread=140075895172032 event=collision.none source=PosixPath('/home/xircon/dmnts/htpc-mech/TV/The.Witcher.S03.COMPLETE.720p.WEBRip.x264-GalaxyTV[TGx]') destination=PosixPath('/home/xircon/dmnts/htpc-mech/TV/The.Witcher/The.Witcher.S03.COMPLETE.720p.WEBRip.x264-GalaxyTV[TGx]')
2026-07-04T11:37:16.278 thread=140075895172032 event=move.start_dialog pane='Right' targets=[('/home/xircon/dmnts/htpc-mech/TV/The.Witcher.S01.COMPLETE.720p.NF.WEBRip.x264-GalaxyTV[TGx]', '/home/xircon/dmnts/htpc-mech/TV/The.Witcher/The.Witcher.S01.COMPLETE.720p.NF.WEBRip.x264-GalaxyTV[TGx]'), ('/home/xircon/dmnts/htpc-mech/TV/The.Witcher.S02.COMPLETE.720p.NF.WEBRip.x264-GalaxyTV[TGx]', '/home/xircon/dmnts/htpc-mech/TV/The.Witcher/The.Witcher.S02.COMPLETE.720p.NF.WEBRip.x264-GalaxyTV[TGx]'), ('/home/xircon/dmnts/htpc-mech/TV/The.Witcher.S03.COMPLETE.720p.WEBRip.x264-GalaxyTV[TGx]', '/home/xircon/dmnts/htpc-mech/TV/The.Witcher/The.Witcher.S03.COMPLETE.720p.WEBRip.x264-GalaxyTV[TGx]')]
2026-07-04T11:37:16.278 thread=140075895172032 event=operation.dialog.create pane='Right' operation='move' targets=3 title='Moving files...'
2026-07-04T11:37:16.278 thread=140075895172032 event=operation.begin active=1 queued=0
2026-07-04T11:37:16.284 thread=140075895172032 event=operation.thread.started pane='Right' operation='move' targets=3
2026-07-04T11:37:16.284 thread=140074605868736 event=operation.worker.start operation='move' targets=3
2026-07-04T11:37:16.317 thread=140074605868736 event=operation.worker.sized operation='move' total_bytes=9844477027 total_units=150215
2026-07-04T11:37:16.318 thread=140074605868736 event=operation.target.start operation='move' source=PosixPath('/home/xircon/dmnts/htpc-mech/TV/The.Witcher.S01.COMPLETE.720p.NF.WEBRip.x264-GalaxyTV[TGx]') target=PosixPath('/home/xircon/dmnts/htpc-mech/TV/The.Witcher/The.Witcher.S01.COMPLETE.720p.NF.WEBRip.x264-GalaxyTV[TGx]')
2026-07-04T11:37:16.334 thread=140074605868736 event=move.start source=PosixPath('/home/xircon/dmnts/htpc-mech/TV/The.Witcher.S01.COMPLETE.720p.NF.WEBRip.x264-GalaxyTV[TGx]') target=PosixPath('/home/xircon/dmnts/htpc-mech/TV/The.Witcher/The.Witcher.S01.COMPLETE.720p.NF.WEBRip.x264-GalaxyTV[TGx]')
2026-07-04T11:37:16.335 thread=140074605868736 event=move.rename.try source=PosixPath('/home/xircon/dmnts/htpc-mech/TV/The.Witcher.S01.COMPLETE.720p.NF.WEBRip.x264-GalaxyTV[TGx]') target=PosixPath('/home/xircon/dmnts/htpc-mech/TV/The.Witcher/The.Witcher.S01.COMPLETE.720p.NF.WEBRip.x264-GalaxyTV[TGx]') source_size=3390985852
2026-07-04T11:37:16.357 thread=140074605868736 event=move.rename.done source=PosixPath('/home/xircon/dmnts/htpc-mech/TV/The.Witcher.S01.COMPLETE.720p.NF.WEBRip.x264-GalaxyTV[TGx]') target=PosixPath('/home/xircon/dmnts/htpc-mech/TV/The.Witcher/The.Witcher.S01.COMPLETE.720p.NF.WEBRip.x264-GalaxyTV[TGx]') elapsed_seconds=0.023
2026-07-04T11:37:16.358 thread=140074605868736 event=operation.target.done operation='move' source=PosixPath('/home/xircon/dmnts/htpc-mech/TV/The.Witcher.S01.COMPLETE.720p.NF.WEBRip.x264-GalaxyTV[TGx]') target=PosixPath('/home/xircon/dmnts/htpc-mech/TV/The.Witcher/The.Witcher.S01.COMPLETE.720p.NF.WEBRip.x264-GalaxyTV[TGx]') done_bytes=3390985852
2026-07-04T11:37:16.358 thread=140074605868736 event=operation.target.start operation='move' source=PosixPath('/home/xircon/dmnts/htpc-mech/TV/The.Witcher.S02.COMPLETE.720p.NF.WEBRip.x264-GalaxyTV[TGx]') target=PosixPath('/home/xircon/dmnts/htpc-mech/TV/The.Witcher/The.Witcher.S02.COMPLETE.720p.NF.WEBRip.x264-GalaxyTV[TGx]')
2026-07-04T11:37:16.385 thread=140074605868736 event=move.start source=PosixPath('/home/xircon/dmnts/htpc-mech/TV/The.Witcher.S02.COMPLETE.720p.NF.WEBRip.x264-GalaxyTV[TGx]') target=PosixPath('/home/xircon/dmnts/htpc-mech/TV/The.Witcher/The.Witcher.S02.COMPLETE.720p.NF.WEBRip.x264-GalaxyTV[TGx]')
2026-07-04T11:37:16.386 thread=140074605868736 event=move.rename.try source=PosixPath('/home/xircon/dmnts/htpc-mech/TV/The.Witcher.S02.COMPLETE.720p.NF.WEBRip.x264-GalaxyTV[TGx]') target=PosixPath('/home/xircon/dmnts/htpc-mech/TV/The.Witcher/The.Witcher.S02.COMPLETE.720p.NF.WEBRip.x264-GalaxyTV[TGx]') source_size=3351782399
2026-07-04T11:37:16.413 thread=140074605868736 event=move.rename.done source=PosixPath('/home/xircon/dmnts/htpc-mech/TV/The.Witcher.S02.COMPLETE.720p.NF.WEBRip.x264-GalaxyTV[TGx]') target=PosixPath('/home/xircon/dmnts/htpc-mech/TV/The.Witcher/The.Witcher.S02.COMPLETE.720p.NF.WEBRip.x264-GalaxyTV[TGx]') elapsed_seconds=0.028
2026-07-04T11:37:16.414 thread=140074605868736 event=operation.target.done operation='move' source=PosixPath('/home/xircon/dmnts/htpc-mech/TV/The.Witcher.S02.COMPLETE.720p.NF.WEBRip.x264-GalaxyTV[TGx]') target=PosixPath('/home/xircon/dmnts/htpc-mech/TV/The.Witcher/The.Witcher.S02.COMPLETE.720p.NF.WEBRip.x264-GalaxyTV[TGx]') done_bytes=6742768251
2026-07-04T11:37:16.414 thread=140074605868736 event=operation.target.start operation='move' source=PosixPath('/home/xircon/dmnts/htpc-mech/TV/The.Witcher.S03.COMPLETE.720p.WEBRip.x264-GalaxyTV[TGx]') target=PosixPath('/home/xircon/dmnts/htpc-mech/TV/The.Witcher/The.Witcher.S03.COMPLETE.720p.WEBRip.x264-GalaxyTV[TGx]')
2026-07-04T11:37:16.430 thread=140074605868736 event=move.start source=PosixPath('/home/xircon/dmnts/htpc-mech/TV/The.Witcher.S03.COMPLETE.720p.WEBRip.x264-GalaxyTV[TGx]') target=PosixPath('/home/xircon/dmnts/htpc-mech/TV/The.Witcher/The.Witcher.S03.COMPLETE.720p.WEBRip.x264-GalaxyTV[TGx]')
2026-07-04T11:37:16.431 thread=140074605868736 event=move.rename.try source=PosixPath('/home/xircon/dmnts/htpc-mech/TV/The.Witcher.S03.COMPLETE.720p.WEBRip.x264-GalaxyTV[TGx]') target=PosixPath('/home/xircon/dmnts/htpc-mech/TV/The.Witcher/The.Witcher.S03.COMPLETE.720p.WEBRip.x264-GalaxyTV[TGx]') source_size=3101708776
2026-07-04T11:37:16.473 thread=140074605868736 event=move.rename.done source=PosixPath('/home/xircon/dmnts/htpc-mech/TV/The.Witcher.S03.COMPLETE.720p.WEBRip.x264-GalaxyTV[TGx]') target=PosixPath('/home/xircon/dmnts/htpc-mech/TV/The.Witcher/The.Witcher.S03.COMPLETE.720p.WEBRip.x264-GalaxyTV[TGx]') elapsed_seconds=0.043
2026-07-04T11:37:16.474 thread=140074605868736 event=operation.target.done operation='move' source=PosixPath('/home/xircon/dmnts/htpc-mech/TV/The.Witcher.S03.COMPLETE.720p.WEBRip.x264-GalaxyTV[TGx]') target=PosixPath('/home/xircon/dmnts/htpc-mech/TV/The.Witcher/The.Witcher.S03.COMPLETE.720p.WEBRip.x264-GalaxyTV[TGx]') done_bytes=9844477027
2026-07-04T11:37:16.474 thread=140074605868736 event=operation.worker.done operation='move' completed=3 elapsed_seconds=0.19 done_bytes=9844477027
2026-07-04T11:37:16.475 thread=140075895172032 event=operation.completed.signal pane='Right' operation='move' completed=3
2026-07-04T11:37:16.476 thread=140075895172032 event=operation.end active=0 queued=0
2026-07-04T11:37:16.476 thread=140075895172032 event=operation.finish pane='Right' operation='move' completed=3 warning=None
2026-07-04T11:37:19.935 thread=140075895172032 event=pane.filesystem_tint left=PosixPath('/home/xircon/dmnts/twotb/Downloads/Completed/zz-TV') right=PosixPath('/home/xircon/dmnts/htpc-mech/TV') left_fs=66309 right_fs=104 different=True
2026-07-04T11:37:43.002 thread=140075895172032 event=clipboard.move pane='Right' count=1 paths=['/home/xircon/dmnts/htpc-mech/TV/The Witcher - Season 4']
2026-07-04T11:37:46.766 thread=140075895172032 event=pane.filesystem_tint left=PosixPath('/home/xircon/dmnts/twotb/Downloads/Completed/zz-TV') right=PosixPath('/home/xircon/dmnts/htpc-mech/TV/The Witcher') left_fs=66309 right_fs=104 different=True
2026-07-04T11:37:49.834 thread=140075895172032 event=clipboard.paste pane='Right' source='internal' operation='move' count=1 destination=PosixPath('/home/xircon/dmnts/htpc-mech/TV/The Witcher') paths=['/home/xircon/dmnts/htpc-mech/TV/The Witcher - Season 4']
2026-07-04T11:37:49.834 thread=140075895172032 event=move.request pane='Right' count=1 destination=PosixPath('/home/xircon/dmnts/htpc-mech/TV/The Witcher') paths=['/home/xircon/dmnts/htpc-mech/TV/The Witcher - Season 4']
2026-07-04T11:37:49.844 thread=140075895172032 event=collision.none source=PosixPath('/home/xircon/dmnts/htpc-mech/TV/The Witcher - Season 4') destination=PosixPath('/home/xircon/dmnts/htpc-mech/TV/The Witcher/The Witcher - Season 4')
2026-07-04T11:37:49.844 thread=140075895172032 event=move.start_dialog pane='Right' targets=[('/home/xircon/dmnts/htpc-mech/TV/The Witcher - Season 4', '/home/xircon/dmnts/htpc-mech/TV/The Witcher/The Witcher - Season 4')]
2026-07-04T11:37:49.844 thread=140075895172032 event=operation.dialog.create pane='Right' operation='move' targets=1 title='Moving files...'
2026-07-04T11:37:49.845 thread=140075895172032 event=operation.begin active=1 queued=0
2026-07-04T11:37:49.851 thread=140075895172032 event=operation.thread.started pane='Right' operation='move' targets=1
2026-07-04T11:37:49.851 thread=140074605868736 event=operation.worker.start operation='move' targets=1
2026-07-04T11:37:49.865 thread=140074605868736 event=operation.worker.sized operation='move' total_bytes=6024047102 total_units=91920
2026-07-04T11:37:49.865 thread=140074605868736 event=operation.target.start operation='move' source=PosixPath('/home/xircon/dmnts/htpc-mech/TV/The Witcher - Season 4') target=PosixPath('/home/xircon/dmnts/htpc-mech/TV/The Witcher/The Witcher - Season 4')
2026-07-04T11:37:49.881 thread=140074605868736 event=move.start source=PosixPath('/home/xircon/dmnts/htpc-mech/TV/The Witcher - Season 4') target=PosixPath('/home/xircon/dmnts/htpc-mech/TV/The Witcher/The Witcher - Season 4')
2026-07-04T11:37:49.882 thread=140074605868736 event=move.rename.try source=PosixPath('/home/xircon/dmnts/htpc-mech/TV/The Witcher - Season 4') target=PosixPath('/home/xircon/dmnts/htpc-mech/TV/The Witcher/The Witcher - Season 4') source_size=6024047102
2026-07-04T11:37:49.929 thread=140074605868736 event=move.rename.done source=PosixPath('/home/xircon/dmnts/htpc-mech/TV/The Witcher - Season 4') target=PosixPath('/home/xircon/dmnts/htpc-mech/TV/The Witcher/The Witcher - Season 4') elapsed_seconds=0.048
2026-07-04T11:37:49.930 thread=140074605868736 event=operation.target.done operation='move' source=PosixPath('/home/xircon/dmnts/htpc-mech/TV/The Witcher - Season 4') target=PosixPath('/home/xircon/dmnts/htpc-mech/TV/The Witcher/The Witcher - Season 4') done_bytes=6024047102
2026-07-04T11:37:49.930 thread=140074605868736 event=operation.worker.done operation='move' completed=1 elapsed_seconds=0.079 done_bytes=6024047102
2026-07-04T11:37:49.931 thread=140075895172032 event=operation.completed.signal pane='Right' operation='move' completed=1
2026-07-04T11:37:49.931 thread=140075895172032 event=operation.end active=0 queued=0
2026-07-04T11:37:49.931 thread=140075895172032 event=operation.finish pane='Right' operation='move' completed=1 warning=None
2026-07-04T11:42:47.706 thread=140075895172032 event=operation.begin active=1 queued=0
2026-07-04T11:43:49.058 thread=140075895172032 event=operation.end active=0 queued=0
2026-07-04T11:43:59.262 thread=140075895172032 event=pane.filesystem_tint left=PosixPath('/home/xircon/dmnts/twotb/Downloads/Completed') right=PosixPath('/home/xircon/dmnts/htpc-mech/TV/The Witcher') left_fs=66309 right_fs=104 different=True
2026-07-04T11:43:59.608 thread=140075895172032 event=pane.filesystem_tint left=PosixPath('/home/xircon/dmnts/twotb/Downloads/Completed') right=PosixPath('/home/xircon/dmnts/htpc-mech/TV/The Witcher') left_fs=66309 right_fs=104 different=True
2026-07-04T11:44:45.952 thread=140075895172032 event=pane.filesystem_tint left=PosixPath('/home/xircon/dmnts/twotb/Downloads/Completed/100 Beautiful Ultra HD 4K Wallpapers Pack-15') right=PosixPath('/home/xircon/dmnts/htpc-mech/TV/The Witcher') left_fs=66309 right_fs=104 different=True
2026-07-04T11:44:45.992 thread=140075895172032 event=thumbnail.disk_cache.enabled directory=PosixPath('/home/xircon/dmnts/twotb/Downloads/Completed/100 Beautiful Ultra HD 4K Wallpapers Pack-15') image_count_at_least=100
2026-07-04T11:44:54.222 thread=140075895172032 event=side_panel.width.changed width=151
2026-07-04T11:44:54.222 thread=140075895172032 event=side_panel.width.changed width=151
2026-07-04T11:45:00.405 thread=140075895172032 event=side_panel.width.changed width=151
2026-07-04T11:45:00.406 thread=140075895172032 event=side_panel.width.changed width=151
2026-07-04T11:45:03.358 thread=140075895172032 event=pane.filesystem_tint left=PosixPath('/home/xircon/dmnts/twotb/Downloads/Completed') right=PosixPath('/home/xircon/dmnts/htpc-mech/TV/The Witcher') left_fs=66309 right_fs=104 different=True
2026-07-04T11:45:07.578 thread=140075895172032 event=drag.start pane='Left' count=1 paths=['/home/xircon/dmnts/twotb/Downloads/Completed/50mb']
2026-07-04T11:45:09.388 thread=140075895172032 event=drop.received pane='Left' action='DropAction.CopyAction' paths=['/home/xircon/dmnts/twotb/Downloads/Completed/50mb'] destination=PosixPath('/home/xircon/dmnts/twotb/Downloads/Completed/50mb')
2026-07-04T11:45:09.388 thread=140075895172032 event=drop.filtered.same_destination pane='Left' path=PosixPath('/home/xircon/dmnts/twotb/Downloads/Completed/50mb') destination=PosixPath('/home/xircon/dmnts/twotb/Downloads/Completed/50mb')
2026-07-04T11:45:09.388 thread=140075895172032 event=drop.ignored.filtered_all pane='Left' destination=PosixPath('/home/xircon/dmnts/twotb/Downloads/Completed/50mb')
2026-07-04T11:45:09.389 thread=140075895172032 event=drag.done pane='Left' count=1
2026-07-04T11:45:19.746 thread=140075895172032 event=operation.begin active=1 queued=0
2026-07-04T11:45:20.419 thread=140075895172032 event=operation.end active=0 queued=0
2026-07-04T11:45:43.984 thread=140075895172032 event=operation.begin active=1 queued=0
2026-07-04T11:45:45.926 thread=140075895172032 event=operation.end active=0 queued=0
2026-07-05T14:54:49.095 thread=140075895172032 event=pane.filesystem_tint left=PosixPath('/home/xircon/dmnts/twotb/Downloads') right=PosixPath('/home/xircon/dmnts/htpc-mech/TV/The Witcher') left_fs=66309 right_fs=104 different=True
2026-07-05T14:54:52.367 thread=140075895172032 event=pane.filesystem_tint left=PosixPath('/home/xircon/dmnts/twotb/Downloads') right=PosixPath('/home/xircon/dmnts/htpc-mech/TV/The Witcher') left_fs=66309 right_fs=104 different=True
2026-07-05T14:54:55.071 thread=140075895172032 event=pane.filesystem_tint left=PosixPath('/home/xircon/dmnts/twotb/Downloads/.thumbnails') right=PosixPath('/home/xircon/dmnts/htpc-mech/TV/The Witcher') left_fs=66309 right_fs=104 different=True
2026-07-05T15:03:19.849 thread=140075895172032 event=pane.filesystem_tint left=PosixPath('/home/xircon/dmnts/twotb/Downloads') right=PosixPath('/home/xircon/dmnts/htpc-mech/TV/The Witcher') left_fs=66309 right_fs=104 different=True
2026-07-05T15:03:24.793 thread=140075895172032 event=pane.filesystem_tint left=PosixPath('/home/xircon/dmnts/twotb/Downloads') right=PosixPath('/home/xircon/dmnts/htpc-mech/TV/The Witcher') left_fs=66309 right_fs=104 different=True
2026-07-05T15:03:29.703 thread=140075895172032 event=pane.filesystem_tint left=PosixPath('/home/xircon/dmnts/twotb/Downloads') right=PosixPath('/home/xircon/dmnts/htpc-mech/TV/The Witcher') left_fs=66309 right_fs=104 different=True
2026-07-05T15:03:30.651 thread=140075895172032 event=pane.filesystem_tint left=PosixPath('/home/xircon/dmnts/twotb/Downloads') right=PosixPath('/home/xircon/dmnts/htpc-mech/TV/The Witcher') left_fs=66309 right_fs=104 different=True
2026-07-05T15:03:31.754 thread=140075895172032 event=pane.filesystem_tint left=PosixPath('/home/xircon/dmnts/twotb/Downloads') right=PosixPath('/home/xircon/dmnts/htpc-mech/TV/The Witcher') left_fs=66309 right_fs=104 different=True
2026-07-05T15:03:34.413 thread=140075895172032 event=pane.filesystem_tint left=PosixPath('/home/xircon/dmnts/twotb/Downloads') right=PosixPath('/home/xircon/dmnts/htpc-mech/TV/The Witcher') left_fs=66309 right_fs=104 different=True
2026-07-05T15:03:35.218 thread=140075895172032 event=pane.filesystem_tint left=PosixPath('/home/xircon/dmnts/twotb/Downloads') right=PosixPath('/home/xircon/dmnts/htpc-mech/TV/The Witcher') left_fs=66309 right_fs=104 different=True
2026-07-05T15:03:37.492 thread=140075895172032 event=pane.filesystem_tint left=PosixPath('/home/xircon/dmnts/twotb/Downloads') right=PosixPath('/home/xircon/dmnts/htpc-mech/TV/The Witcher') left_fs=66309 right_fs=104 different=True
2026-07-05T15:03:42.002 thread=140075895172032 event=pane.filesystem_tint left=PosixPath('/home/xircon/dmnts/twotb') right=PosixPath('/home/xircon/dmnts/htpc-mech/TV/The Witcher') left_fs=66309 right_fs=104 different=True
2026-07-05T15:03:45.945 thread=140075895172032 event=pane.filesystem_tint left=PosixPath('/home/xircon/dmnts/twotb/Downloads') right=PosixPath('/home/xircon/dmnts/htpc-mech/TV/The Witcher') left_fs=66309 right_fs=104 different=True
2026-07-05T15:03:50.387 thread=140075895172032 event=pane.filesystem_tint left=PosixPath('/home/xircon/dmnts/twotb/Downloads') right=PosixPath('/home/xircon/dmnts/htpc-mech/TV/The Witcher') left_fs=66309 right_fs=104 different=True
2026-07-05T15:03:50.412 thread=140075895172032 event=pane.filesystem_tint left=PosixPath('/home/xircon/dmnts/twotb/Downloads') right=PosixPath('/home/xircon/dmnts/htpc-mech/TV/The Witcher') left_fs=66309 right_fs=104 different=True
2026-07-05T15:03:51.001 thread=140075895172032 event=pane.filesystem_tint left=PosixPath('/home/xircon/dmnts/twotb/Downloads') right=PosixPath('/home/xircon/dmnts/htpc-mech/TV/The Witcher') left_fs=66309 right_fs=104 different=True
2026-07-05T15:03:51.016 thread=140075895172032 event=pane.filesystem_tint left=PosixPath('/home/xircon/dmnts/twotb/Downloads') right=PosixPath('/home/xircon/dmnts/htpc-mech/TV/The Witcher') left_fs=66309 right_fs=104 different=True
2026-07-05T15:03:51.673 thread=140075895172032 event=pane.filesystem_tint left=PosixPath('/home/xircon/dmnts/twotb/Downloads') right=PosixPath('/home/xircon/dmnts/htpc-mech/TV/The Witcher') left_fs=66309 right_fs=104 different=True
2026-07-05T15:03:51.688 thread=140075895172032 event=pane.filesystem_tint left=PosixPath('/home/xircon/dmnts/twotb/Downloads') right=PosixPath('/home/xircon/dmnts/htpc-mech/TV/The Witcher') left_fs=66309 right_fs=104 different=True
2026-07-05T15:03:52.166 thread=140075895172032 event=pane.filesystem_tint left=PosixPath('/home/xircon/dmnts/twotb/Downloads') right=PosixPath('/home/xircon/dmnts/htpc-mech/TV/The Witcher') left_fs=66309 right_fs=104 different=True
2026-07-05T15:03:52.181 thread=140075895172032 event=pane.filesystem_tint left=PosixPath('/home/xircon/dmnts/twotb/Downloads') right=PosixPath('/home/xircon/dmnts/htpc-mech/TV/The Witcher') left_fs=66309 right_fs=104 different=True
2026-07-05T15:03:57.334 thread=140075895172032 event=app.close.request active_file_operations=0 queued=0
2026-07-05T15:03:57.347 thread=140075895172032 event=app.close.accepted
2026-07-05T15:04:00.673 thread=140344130800576 event=logging.enabled path=PosixPath('/home/xircon/dmnts/twotb/scripts/pyside/fm/fm.log') version='1.08'
2026-07-05T15:04:00.673 thread=140344130800576 event=app.start version='1.08'
2026-07-05T15:04:00.987 thread=140344130800576 event=pane.filesystem_tint left=PosixPath('/home/xircon/dmnts/twotb/Downloads') right=PosixPath('/home/xircon') left_fs=66309 right_fs=66306 different=True
2026-07-05T15:04:01.004 thread=140344130800576 event=pane.filesystem_tint left=PosixPath('/home/xircon/dmnts/twotb/Downloads') right=PosixPath('/home/xircon/dmnts/htpc-mech/TV/The Witcher') left_fs=66309 right_fs=104 different=True
2026-07-05T15:04:01.019 thread=140344130800576 event=pane.filesystem_tint left=PosixPath('/home/xircon/dmnts/twotb/Downloads') right=PosixPath('/home/xircon/dmnts/htpc-mech/TV/The Witcher') left_fs=66309 right_fs=104 different=True
2026-07-05T15:04:01.032 thread=140344130800576 event=pane.filesystem_tint left=PosixPath('/home/xircon/dmnts/twotb/Downloads') right=PosixPath('/home/xircon/dmnts/htpc-mech/TV/The Witcher') left_fs=66309 right_fs=104 different=True
2026-07-05T15:04:01.266 thread=140344130800576 event=pane.filesystem_tint left=PosixPath('/home/xircon/dmnts/twotb/Downloads') right=PosixPath('/home/xircon/dmnts/htpc-mech/TV/The Witcher') left_fs=66309 right_fs=104 different=True
2026-07-05T15:04:01.272 thread=140344130800576 event=pane.filesystem_tint left=PosixPath('/home/xircon/dmnts/twotb/Downloads') right=PosixPath('/home/xircon/dmnts/htpc-mech/TV/The Witcher') left_fs=66309 right_fs=104 different=True
2026-07-05T15:04:01.936 thread=140344130800576 event=side_panel.width.restore width=151 actual=151
2026-07-05T15:04:01.948 thread=140344130800576 event=side_panel.width.restore width=151 actual=151
2026-07-05T15:04:01.949 thread=140344130800576 event=side_panel.width.restore width=151 actual=151
2026-07-05T15:04:01.994 thread=140344130800576 event=side_panel.width.restore width=151 actual=151
2026-07-05T15:04:01.994 thread=140344130800576 event=side_panel.width.restore width=151 actual=151
2026-07-05T15:04:01.995 thread=140344130800576 event=side_panel.width.restore width=151 actual=151
2026-07-05T15:04:01.995 thread=140344130800576 event=side_panel.width.restore width=151 actual=151
2026-07-05T15:04:01.995 thread=140344130800576 event=side_panel.width.restore width=151 actual=151
2026-07-05T15:04:01.995 thread=140344130800576 event=side_panel.width.restore width=151 actual=151
2026-07-05T15:04:01.995 thread=140344130800576 event=side_panel.width.restore width=151 actual=151
2026-07-05T15:04:01.995 thread=140344130800576 event=side_panel.width.restore width=151 actual=151
2026-07-05T15:04:01.995 thread=140344130800576 event=side_panel.width.restore width=151 actual=151
2026-07-05T15:04:01.995 thread=140344130800576 event=side_panel.width.restore width=151 actual=151
2026-07-05T15:04:02.185 thread=140344130800576 event=side_panel.width.restore width=151 actual=151
2026-07-05T15:04:02.185 thread=140344130800576 event=side_panel.width.restore width=151 actual=151
2026-07-05T15:04:02.279 thread=140344130800576 event=side_panel.width.restore_finished width=151 actual=151
2026-07-05T15:04:02.478 thread=140344130800576 event=side_panel.width.restore_finished width=151 actual=151
2026-07-05T15:04:02.478 thread=140344130800576 event=side_panel.width.restore_finished width=151 actual=151
2026-07-05T15:04:41.586 thread=140344130800576 event=pane.filesystem_tint left=PosixPath('/home/xircon/dmnts/twotb/Downloads/Completed') right=PosixPath('/home/xircon/dmnts/htpc-mech/TV/The Witcher') left_fs=66309 right_fs=104 different=True
2026-07-06T12:20:51.458 thread=139887152868288 event=logging.enabled path=PosixPath('/home/xircon/dmnts/twotb/scripts/pyside/fm/fm.log') version='1.08'
2026-07-06T12:20:51.458 thread=139887152868288 event=app.start version='1.08'
2026-07-06T12:20:51.915 thread=139887152868288 event=pane.filesystem_tint left=PosixPath('/home/xircon/dmnts/twotb/Downloads') right=PosixPath('/home/xircon') left_fs=66309 right_fs=66306 different=True
2026-07-06T12:20:52.002 thread=139887152868288 event=pane.filesystem_tint left=PosixPath('/home/xircon/dmnts/twotb/Downloads') right=PosixPath('/home/xircon/dmnts/htpc-mech/TV/The Witcher') left_fs=66309 right_fs=108 different=True
2026-07-06T12:20:52.185 thread=139887152868288 event=pane.filesystem_tint left=PosixPath('/home/xircon/dmnts/twotb/Downloads') right=PosixPath('/home/xircon/dmnts/htpc-mech/TV/The Witcher') left_fs=66309 right_fs=108 different=True
2026-07-06T12:20:52.201 thread=139887152868288 event=pane.filesystem_tint left=PosixPath('/home/xircon/dmnts/twotb/Downloads') right=PosixPath('/home/xircon/dmnts/htpc-mech/TV/The Witcher') left_fs=66309 right_fs=108 different=True
2026-07-06T12:20:52.429 thread=139887152868288 event=pane.filesystem_tint left=PosixPath('/home/xircon/dmnts/twotb/Downloads') right=PosixPath('/home/xircon/dmnts/htpc-mech/TV/The Witcher') left_fs=66309 right_fs=108 different=True
2026-07-06T12:20:52.435 thread=139887152868288 event=pane.filesystem_tint left=PosixPath('/home/xircon/dmnts/twotb/Downloads') right=PosixPath('/home/xircon/dmnts/htpc-mech/TV/The Witcher') left_fs=66309 right_fs=108 different=True
2026-07-06T12:20:53.103 thread=139887152868288 event=side_panel.width.restore width=151 actual=151
2026-07-06T12:20:53.114 thread=139887152868288 event=side_panel.width.restore width=151 actual=151
2026-07-06T12:20:53.115 thread=139887152868288 event=side_panel.width.restore width=151 actual=151
2026-07-06T12:20:53.151 thread=139887152868288 event=side_panel.width.restore width=151 actual=151
2026-07-06T12:20:53.151 thread=139887152868288 event=side_panel.width.restore width=151 actual=151
2026-07-06T12:20:53.151 thread=139887152868288 event=side_panel.width.restore width=151 actual=151
2026-07-06T12:20:53.151 thread=139887152868288 event=side_panel.width.restore width=151 actual=151
2026-07-06T12:20:53.151 thread=139887152868288 event=side_panel.width.restore width=151 actual=151
2026-07-06T12:20:53.151 thread=139887152868288 event=side_panel.width.restore width=151 actual=151
2026-07-06T12:20:53.151 thread=139887152868288 event=side_panel.width.restore width=151 actual=151
2026-07-06T12:20:53.152 thread=139887152868288 event=side_panel.width.restore width=151 actual=151
2026-07-06T12:20:53.152 thread=139887152868288 event=side_panel.width.restore width=151 actual=151
2026-07-06T12:20:53.152 thread=139887152868288 event=side_panel.width.restore width=151 actual=151
2026-07-06T12:20:53.360 thread=139887152868288 event=side_panel.width.restore width=151 actual=151
2026-07-06T12:20:53.361 thread=139887152868288 event=side_panel.width.restore width=151 actual=151
2026-07-06T12:20:53.461 thread=139887152868288 event=side_panel.width.restore_finished width=151 actual=151
2026-07-06T12:20:53.661 thread=139887152868288 event=side_panel.width.restore_finished width=151 actual=151
2026-07-06T12:20:53.661 thread=139887152868288 event=side_panel.width.restore_finished width=151 actual=151
2026-07-06T12:20:57.862 thread=139887152868288 event=pane.filesystem_tint left=PosixPath('/home/xircon/dmnts/twotb/Downloads') right=PosixPath('/home/xircon/dmnts/htpc-mech/TV/The Witcher') left_fs=66309 right_fs=108 different=True
2026-07-06T12:20:57.881 thread=139887152868288 event=pane.filesystem_tint left=PosixPath('/home/xircon/dmnts/twotb/Downloads') right=PosixPath('/home/xircon/dmnts/htpc-mech/TV/The Witcher') left_fs=66309 right_fs=108 different=True
2026-07-06T12:21:00.924 thread=139887152868288 event=pane.filesystem_tint left=PosixPath('/home/xircon/dmnts/twotb/Downloads/.thumbnails') right=PosixPath('/home/xircon/dmnts/htpc-mech/TV/The Witcher') left_fs=66309 right_fs=108 different=True
2026-07-06T12:21:04.656 thread=139887152868288 event=pane.filesystem_tint left=PosixPath('/home/xircon/dmnts/twotb/Downloads/.thumbnails/Blacked.25.03.14.Vic.Marie.XXX.480p.MP4-XXX[XC]') right=PosixPath('/home/xircon/dmnts/htpc-mech/TV/The Witcher') left_fs=66309 right_fs=108 different=True
2026-07-06T12:24:11.374 thread=139887152868288 event=pane.filesystem_tint left=PosixPath('/home/xircon/dmnts/twotb/Downloads/.thumbnails') right=PosixPath('/home/xircon/dmnts/htpc-mech/TV/The Witcher') left_fs=66309 right_fs=108 different=True
2026-07-06T12:26:15.243 thread=139887152868288 event=pane.filesystem_tint left=PosixPath('/home/xircon/dmnts/twotb/Downloads/.thumbnails/TrueAmateurs - Reislin - Cute Teen Gets A Creampie') right=PosixPath('/home/xircon/dmnts/htpc-mech/TV/The Witcher') left_fs=66309 right_fs=108 different=True
2026-07-06T12:26:25.200 thread=139887152868288 event=pane.filesystem_tint left=PosixPath('/home/xircon/dmnts/twotb/Downloads/.thumbnails') right=PosixPath('/home/xircon/dmnts/htpc-mech/TV/The Witcher') left_fs=66309 right_fs=108 different=True
2026-07-06T12:27:12.712 thread=139887152868288 event=pane.filesystem_tint left=PosixPath('/home/xircon/dmnts/twotb/Downloads/.thumbnails/MyFamilyPies.19.12.01.Jewelz.Blu.Spelling.Bee.Creampie..480p.MP4-XXX') right=PosixPath('/home/xircon/dmnts/htpc-mech/TV/The Witcher') left_fs=66309 right_fs=108 different=True
2026-07-06T12:27:27.164 thread=139887152868288 event=pane.filesystem_tint left=PosixPath('/home/xircon/dmnts/twotb/Downloads/.thumbnails') right=PosixPath('/home/xircon/dmnts/htpc-mech/TV/The Witcher') left_fs=66309 right_fs=108 different=True
2026-07-06T12:28:44.983 thread=139887152868288 event=pane.filesystem_tint left=PosixPath('/home/xircon/dmnts/twotb/Downloads') right=PosixPath('/home/xircon/dmnts/htpc-mech/TV/The Witcher') left_fs=66309 right_fs=108 different=True
2026-07-06T12:28:48.493 thread=139887152868288 event=pane.filesystem_tint left=PosixPath('/home/xircon/dmnts/twotb/Downloads') right=PosixPath('/home/xircon/dmnts/htpc-mech/TV/The Witcher') left_fs=66309 right_fs=108 different=True
2026-07-06T12:28:53.117 thread=139887152868288 event=pane.filesystem_tint left=PosixPath('/home/xircon/dmnts/twotb/Downloads') right=PosixPath('/home/xircon/dmnts/htpc-mech/TV/The Witcher') left_fs=66309 right_fs=108 different=True
2026-07-06T12:28:53.913 thread=139887152868288 event=pane.filesystem_tint left=PosixPath('/home/xircon/dmnts/twotb/Downloads') right=PosixPath('/home/xircon/dmnts/htpc-mech/TV/The Witcher') left_fs=66309 right_fs=108 different=True
2026-07-06T12:31:15.618 thread=139887152868288 event=app.close.request active_file_operations=0 queued=0
2026-07-06T12:31:15.630 thread=139887152868288 event=app.close.accepted
2026-07-06T12:33:38.018 thread=140100897135552 event=logging.enabled path=PosixPath('/home/xircon/dmnts/twotb/scripts/pyside/fm/fm.log') version='1.09'
2026-07-06T12:33:38.018 thread=140100897135552 event=app.start version='1.09'
2026-07-06T12:33:38.398 thread=140100897135552 event=pane.filesystem_tint left=PosixPath('/home/xircon/dmnts/twotb/Downloads') right=PosixPath('/home/xircon') left_fs=66309 right_fs=66306 different=True
2026-07-06T12:33:38.437 thread=140100897135552 event=pane.filesystem_tint left=PosixPath('/home/xircon/dmnts/twotb/Downloads') right=PosixPath('/home/xircon/dmnts/htpc-mech/TV/The Witcher') left_fs=66309 right_fs=108 different=True
2026-07-06T12:33:38.670 thread=140100897135552 event=pane.filesystem_tint left=PosixPath('/home/xircon/dmnts/twotb/Downloads') right=PosixPath('/home/xircon/dmnts/htpc-mech/TV/The Witcher') left_fs=66309 right_fs=108 different=True
2026-07-06T12:33:38.676 thread=140100897135552 event=pane.filesystem_tint left=PosixPath('/home/xircon/dmnts/twotb/Downloads') right=PosixPath('/home/xircon/dmnts/htpc-mech/TV/The Witcher') left_fs=66309 right_fs=108 different=True
2026-07-06T12:33:39.290 thread=140100897135552 event=side_panel.width.restore width=151 actual=151
2026-07-06T12:33:39.302 thread=140100897135552 event=side_panel.width.restore width=151 actual=151
2026-07-06T12:33:39.302 thread=140100897135552 event=side_panel.width.restore width=151 actual=151
2026-07-06T12:33:39.342 thread=140100897135552 event=side_panel.width.restore width=151 actual=151
2026-07-06T12:33:39.342 thread=140100897135552 event=side_panel.width.restore width=151 actual=151
2026-07-06T12:33:39.342 thread=140100897135552 event=side_panel.width.restore width=151 actual=151
2026-07-06T12:33:39.342 thread=140100897135552 event=side_panel.width.restore width=151 actual=151
2026-07-06T12:33:39.342 thread=140100897135552 event=side_panel.width.restore width=151 actual=151
2026-07-06T12:33:39.342 thread=140100897135552 event=side_panel.width.restore width=151 actual=151
2026-07-06T12:33:39.343 thread=140100897135552 event=side_panel.width.restore width=151 actual=151
2026-07-06T12:33:39.343 thread=140100897135552 event=side_panel.width.restore width=151 actual=151
2026-07-06T12:33:39.343 thread=140100897135552 event=side_panel.width.restore width=151 actual=151
2026-07-06T12:33:39.455 thread=140100897135552 event=side_panel.width.restore width=151 actual=151
2026-07-06T12:33:39.561 thread=140100897135552 event=side_panel.width.restore width=151 actual=151
2026-07-06T12:33:39.561 thread=140100897135552 event=side_panel.width.restore width=151 actual=151
2026-07-06T12:33:39.661 thread=140100897135552 event=side_panel.width.restore_finished width=151 actual=151
2026-07-06T12:33:39.861 thread=140100897135552 event=side_panel.width.restore_finished width=151 actual=151
2026-07-06T12:33:39.861 thread=140100897135552 event=side_panel.width.restore_finished width=151 actual=151
2026-07-06T12:34:01.569 thread=140100897135552 event=pane.filesystem_tint left=PosixPath('/home/xircon/dmnts/twotb/Downloads/.thumbnails') right=PosixPath('/home/xircon/dmnts/htpc-mech/TV/The Witcher') left_fs=66309 right_fs=108 different=True
2026-07-06T12:34:31.151 thread=140100897135552 event=pane.filesystem_tint left=PosixPath('/home/xircon/dmnts/twotb/Downloads/.thumbnails/Bodybuilding.Babes.21.MADJACKTHEPISSEDPIRATE') right=PosixPath('/home/xircon/dmnts/htpc-mech/TV/The Witcher') left_fs=66309 right_fs=108 different=True
2026-07-06T12:36:47.940 thread=140100897135552 event=side_panel.width.changed width=151
2026-07-06T12:36:47.941 thread=140100897135552 event=side_panel.width.changed width=151
2026-07-06T12:37:20.466 thread=140100897135552 event=side_panel.width.changed width=151
2026-07-06T12:37:20.467 thread=140100897135552 event=side_panel.width.changed width=151
2026-07-06T12:37:26.963 thread=140100897135552 event=side_panel.width.changed width=151
2026-07-06T12:37:26.964 thread=140100897135552 event=side_panel.width.changed width=151
2026-07-06T12:37:30.799 thread=140100897135552 event=app.close.request active_file_operations=0 queued=0
2026-07-06T12:37:30.805 thread=140100897135552 event=app.close.accepted
2026-07-06T12:37:35.149 thread=140460539800512 event=logging.enabled path=PosixPath('/home/xircon/dmnts/twotb/scripts/pyside/fm/fm.log') version='1.09'
2026-07-06T12:37:35.150 thread=140460539800512 event=app.start version='1.09'
2026-07-06T12:37:35.454 thread=140460539800512 event=pane.filesystem_tint left=PosixPath('/home/xircon/dmnts/twotb/Downloads/.thumbnails/Bodybuilding.Babes.21.MADJACKTHEPISSEDPIRATE') right=PosixPath('/home/xircon') left_fs=66309 right_fs=66306 different=True
2026-07-06T12:37:35.713 thread=140460539800512 event=pane.filesystem_tint left=PosixPath('/home/xircon/dmnts/twotb/Downloads/.thumbnails/Bodybuilding.Babes.21.MADJACKTHEPISSEDPIRATE') right=PosixPath('/home/xircon/dmnts/htpc-mech/TV/The Witcher') left_fs=66309 right_fs=108 different=True
2026-07-06T12:37:35.990 thread=140460539800512 event=pane.filesystem_tint left=PosixPath('/home/xircon/dmnts/twotb/Downloads/.thumbnails/Bodybuilding.Babes.21.MADJACKTHEPISSEDPIRATE') right=PosixPath('/home/xircon/dmnts/htpc-mech/TV/The Witcher') left_fs=66309 right_fs=108 different=True
2026-07-06T12:37:35.996 thread=140460539800512 event=pane.filesystem_tint left=PosixPath('/home/xircon/dmnts/twotb/Downloads/.thumbnails/Bodybuilding.Babes.21.MADJACKTHEPISSEDPIRATE') right=PosixPath('/home/xircon/dmnts/htpc-mech/TV/The Witcher') left_fs=66309 right_fs=108 different=True
2026-07-06T12:37:36.510 thread=140460539800512 event=side_panel.width.restore width=151 actual=151
2026-07-06T12:37:36.522 thread=140460539800512 event=side_panel.width.restore width=151 actual=151
2026-07-06T12:37:36.523 thread=140460539800512 event=side_panel.width.restore width=151 actual=151
2026-07-06T12:37:36.577 thread=140460539800512 event=side_panel.width.restore width=151 actual=151
2026-07-06T12:37:36.577 thread=140460539800512 event=side_panel.width.restore width=151 actual=151
2026-07-06T12:37:36.578 thread=140460539800512 event=side_panel.width.restore width=151 actual=151
2026-07-06T12:37:36.578 thread=140460539800512 event=side_panel.width.restore width=151 actual=151
2026-07-06T12:37:36.578 thread=140460539800512 event=side_panel.width.restore width=151 actual=151
2026-07-06T12:37:36.578 thread=140460539800512 event=side_panel.width.restore width=151 actual=151
2026-07-06T12:37:36.578 thread=140460539800512 event=side_panel.width.restore width=151 actual=151
2026-07-06T12:37:36.578 thread=140460539800512 event=side_panel.width.restore width=151 actual=151
2026-07-06T12:37:36.578 thread=140460539800512 event=side_panel.width.restore width=151 actual=151
2026-07-06T12:37:36.703 thread=140460539800512 event=side_panel.width.restore width=151 actual=151
2026-07-06T12:37:36.873 thread=140460539800512 event=side_panel.width.restore_finished width=151 actual=151
2026-07-06T12:37:36.961 thread=140460539800512 event=side_panel.width.restore width=151 actual=151
2026-07-06T12:37:36.961 thread=140460539800512 event=side_panel.width.restore width=151 actual=151
2026-07-06T12:37:37.260 thread=140460539800512 event=side_panel.width.restore_finished width=151 actual=151
2026-07-06T12:37:37.261 thread=140460539800512 event=side_panel.width.restore_finished width=151 actual=151
2026-07-06T12:37:43.254 thread=140460539800512 event=side_panel.width.changed width=151
2026-07-06T12:37:43.254 thread=140460539800512 event=side_panel.width.changed width=151
2026-07-06T12:37:45.786 thread=140460539800512 event=side_panel.width.changed width=151
2026-07-06T12:37:45.786 thread=140460539800512 event=side_panel.width.changed width=151
2026-07-06T12:37:48.671 thread=140460539800512 event=side_panel.width.changed width=151
2026-07-06T12:37:48.671 thread=140460539800512 event=side_panel.width.changed width=151
2026-07-06T12:37:52.546 thread=140460539800512 event=side_panel.width.changed width=151
2026-07-06T12:37:52.546 thread=140460539800512 event=side_panel.width.changed width=151
2026-07-06T12:37:55.003 thread=140460539800512 event=side_panel.width.changed width=151
2026-07-06T12:37:55.004 thread=140460539800512 event=side_panel.width.changed width=151
2026-07-06T12:38:07.331 thread=140460539800512 event=app.close.request active_file_operations=0 queued=0
2026-07-06T12:38:07.344 thread=140460539800512 event=app.close.accepted
2026-07-06T12:38:11.238 thread=140066134371264 event=logging.enabled path=PosixPath('/home/xircon/dmnts/twotb/scripts/pyside/fm/fm.log') version='1.09'
2026-07-06T12:38:11.238 thread=140066134371264 event=app.start version='1.09'
2026-07-06T12:38:11.538 thread=140066134371264 event=pane.filesystem_tint left=PosixPath('/home/xircon/dmnts/twotb/Downloads/.thumbnails/Bodybuilding.Babes.21.MADJACKTHEPISSEDPIRATE') right=PosixPath('/home/xircon') left_fs=66309 right_fs=66306 different=True
2026-07-06T12:38:12.183 thread=140066134371264 event=pane.filesystem_tint left=PosixPath('/home/xircon/dmnts/twotb/Downloads/.thumbnails/Bodybuilding.Babes.21.MADJACKTHEPISSEDPIRATE') right=PosixPath('/home/xircon/dmnts/htpc-mech/TV/The Witcher') left_fs=66309 right_fs=108 different=True
2026-07-06T12:38:13.226 thread=140066134371264 event=pane.filesystem_tint left=PosixPath('/home/xircon/dmnts/twotb/Downloads/.thumbnails/Bodybuilding.Babes.21.MADJACKTHEPISSEDPIRATE') right=PosixPath('/home/xircon/dmnts/htpc-mech/TV/The Witcher') left_fs=66309 right_fs=108 different=True
2026-07-06T12:38:13.232 thread=140066134371264 event=pane.filesystem_tint left=PosixPath('/home/xircon/dmnts/twotb/Downloads/.thumbnails/Bodybuilding.Babes.21.MADJACKTHEPISSEDPIRATE') right=PosixPath('/home/xircon/dmnts/htpc-mech/TV/The Witcher') left_fs=66309 right_fs=108 different=True
2026-07-06T12:38:13.731 thread=140066134371264 event=side_panel.width.restore width=151 actual=151
2026-07-06T12:38:13.744 thread=140066134371264 event=side_panel.width.restore width=151 actual=151
2026-07-06T12:38:13.745 thread=140066134371264 event=side_panel.width.restore width=151 actual=151
2026-07-06T12:38:13.796 thread=140066134371264 event=side_panel.width.restore width=151 actual=151
2026-07-06T12:38:13.796 thread=140066134371264 event=side_panel.width.restore width=151 actual=151
2026-07-06T12:38:13.796 thread=140066134371264 event=side_panel.width.restore width=151 actual=151
2026-07-06T12:38:13.796 thread=140066134371264 event=side_panel.width.restore width=151 actual=151
2026-07-06T12:38:13.796 thread=140066134371264 event=side_panel.width.restore width=151 actual=151
2026-07-06T12:38:13.796 thread=140066134371264 event=side_panel.width.restore width=151 actual=151
2026-07-06T12:38:13.796 thread=140066134371264 event=side_panel.width.restore width=151 actual=151
2026-07-06T12:38:13.796 thread=140066134371264 event=side_panel.width.restore width=151 actual=151
2026-07-06T12:38:13.797 thread=140066134371264 event=side_panel.width.restore width=151 actual=151
2026-07-06T12:38:13.935 thread=140066134371264 event=side_panel.width.restore width=151 actual=151
2026-07-06T12:38:14.160 thread=140066134371264 event=side_panel.width.restore width=151 actual=151
2026-07-06T12:38:14.161 thread=140066134371264 event=side_panel.width.restore width=151 actual=151
2026-07-06T12:38:14.261 thread=140066134371264 event=side_panel.width.restore_finished width=151 actual=151
2026-07-06T12:38:14.461 thread=140066134371264 event=side_panel.width.restore_finished width=151 actual=151
2026-07-06T12:38:14.461 thread=140066134371264 event=side_panel.width.restore_finished width=151 actual=151
2026-07-06T12:38:19.771 thread=140066134371264 event=side_panel.width.changed width=151
2026-07-06T12:38:19.771 thread=140066134371264 event=side_panel.width.changed width=151
2026-07-06T12:38:22.790 thread=140066134371264 event=side_panel.width.changed width=151
2026-07-06T12:38:22.791 thread=140066134371264 event=side_panel.width.changed width=151
2026-07-06T12:38:25.062 thread=140066134371264 event=side_panel.width.changed width=151
2026-07-06T12:38:25.062 thread=140066134371264 event=side_panel.width.changed width=151
2026-07-06T12:38:29.253 thread=140066134371264 event=side_panel.width.changed width=151
2026-07-06T12:38:29.254 thread=140066134371264 event=side_panel.width.changed width=151
2026-07-06T12:38:32.035 thread=140066134371264 event=side_panel.width.changed width=151
2026-07-06T12:38:32.036 thread=140066134371264 event=side_panel.width.changed width=151
2026-07-06T12:38:38.129 thread=140066134371264 event=side_panel.width.changed width=151
2026-07-06T12:38:38.129 thread=140066134371264 event=side_panel.width.changed width=151
2026-07-06T12:38:41.398 thread=140066134371264 event=side_panel.width.changed width=151
2026-07-06T12:38:41.398 thread=140066134371264 event=side_panel.width.changed width=151
2026-07-06T12:38:44.386 thread=140066134371264 event=side_panel.width.changed width=151
2026-07-06T12:38:44.387 thread=140066134371264 event=side_panel.width.changed width=151
2026-07-06T12:38:46.770 thread=140066134371264 event=side_panel.width.changed width=151
2026-07-06T12:38:46.770 thread=140066134371264 event=side_panel.width.changed width=151
2026-07-06T12:38:50.445 thread=140066134371264 event=side_panel.width.changed width=151
2026-07-06T12:38:50.445 thread=140066134371264 event=side_panel.width.changed width=151
2026-07-06T12:38:52.812 thread=140066134371264 event=side_panel.width.changed width=151
2026-07-06T12:38:52.813 thread=140066134371264 event=side_panel.width.changed width=151
2026-07-06T12:38:56.826 thread=140066134371264 event=side_panel.width.changed width=151
2026-07-06T12:38:56.826 thread=140066134371264 event=side_panel.width.changed width=151
2026-07-06T12:38:59.212 thread=140066134371264 event=side_panel.width.changed width=151
2026-07-06T12:38:59.213 thread=140066134371264 event=side_panel.width.changed width=151
2026-07-06T12:39:04.392 thread=140066134371264 event=side_panel.width.changed width=151
2026-07-06T12:39:04.392 thread=140066134371264 event=side_panel.width.changed width=151
2026-07-06T12:39:06.675 thread=140066134371264 event=side_panel.width.changed width=151
2026-07-06T12:39:06.676 thread=140066134371264 event=side_panel.width.changed width=151
2026-07-06T12:39:09.879 thread=140066134371264 event=side_panel.width.changed width=151
2026-07-06T12:39:09.879 thread=140066134371264 event=side_panel.width.changed width=151
2026-07-06T12:39:13.199 thread=140066134371264 event=side_panel.width.changed width=151
2026-07-06T12:39:13.199 thread=140066134371264 event=side_panel.width.changed width=151
2026-07-06T12:39:15.548 thread=140066134371264 event=side_panel.width.changed width=151
2026-07-06T12:39:15.549 thread=140066134371264 event=side_panel.width.changed width=151
2026-07-06T12:39:17.969 thread=140066134371264 event=side_panel.width.changed width=151
2026-07-06T12:39:17.969 thread=140066134371264 event=side_panel.width.changed width=151
2026-07-06T12:39:22.811 thread=140066134371264 event=side_panel.width.changed width=151
2026-07-06T12:39:22.812 thread=140066134371264 event=side_panel.width.changed width=151
2026-07-06T12:39:25.647 thread=140066134371264 event=side_panel.width.changed width=151
2026-07-06T12:39:25.647 thread=140066134371264 event=side_panel.width.changed width=151
2026-07-06T12:39:27.539 thread=140066134371264 event=side_panel.width.changed width=151
2026-07-06T12:39:27.539 thread=140066134371264 event=side_panel.width.changed width=151
2026-07-06T12:39:30.097 thread=140066134371264 event=side_panel.width.changed width=151
2026-07-06T12:39:30.097 thread=140066134371264 event=side_panel.width.changed width=151
2026-07-06T12:39:34.763 thread=140066134371264 event=side_panel.width.changed width=151
2026-07-06T12:39:34.763 thread=140066134371264 event=side_panel.width.changed width=151
2026-07-06T12:39:38.403 thread=140066134371264 event=side_panel.width.changed width=151
2026-07-06T12:39:38.404 thread=140066134371264 event=side_panel.width.changed width=151
2026-07-06T12:39:40.502 thread=140066134371264 event=side_panel.width.changed width=151
2026-07-06T12:39:40.503 thread=140066134371264 event=side_panel.width.changed width=151
2026-07-06T12:39:47.435 thread=140066134371264 event=side_panel.width.changed width=151
2026-07-06T12:39:47.436 thread=140066134371264 event=side_panel.width.changed width=151
2026-07-06T12:39:50.481 thread=140066134371264 event=side_panel.width.changed width=151
2026-07-06T12:39:50.481 thread=140066134371264 event=side_panel.width.changed width=151
2026-07-06T12:39:53.184 thread=140066134371264 event=side_panel.width.changed width=151
2026-07-06T12:39:53.184 thread=140066134371264 event=side_panel.width.changed width=151
2026-07-06T12:39:55.662 thread=140066134371264 event=side_panel.width.changed width=151
2026-07-06T12:39:55.662 thread=140066134371264 event=side_panel.width.changed width=151
2026-07-06T12:39:57.957 thread=140066134371264 event=side_panel.width.changed width=151
2026-07-06T12:39:57.958 thread=140066134371264 event=side_panel.width.changed width=151
2026-07-06T12:40:04.687 thread=140066134371264 event=side_panel.width.changed width=151
2026-07-06T12:40:04.688 thread=140066134371264 event=side_panel.width.changed width=151
2026-07-06T12:40:08.729 thread=140066134371264 event=side_panel.width.changed width=151
2026-07-06T12:40:08.730 thread=140066134371264 event=side_panel.width.changed width=151
2026-07-06T12:40:10.797 thread=140066134371264 event=side_panel.width.changed width=151
2026-07-06T12:40:10.798 thread=140066134371264 event=side_panel.width.changed width=151
2026-07-06T12:40:35.933 thread=140066134371264 event=side_panel.width.changed width=151
2026-07-06T12:40:35.934 thread=140066134371264 event=side_panel.width.changed width=151
2026-07-06T12:40:38.999 thread=140066134371264 event=side_panel.width.changed width=151
2026-07-06T12:40:38.999 thread=140066134371264 event=side_panel.width.changed width=151
2026-07-06T12:40:42.279 thread=140066134371264 event=side_panel.width.changed width=151
2026-07-06T12:40:42.280 thread=140066134371264 event=side_panel.width.changed width=151
2026-07-06T12:40:46.795 thread=140066134371264 event=side_panel.width.changed width=151
2026-07-06T12:40:46.796 thread=140066134371264 event=side_panel.width.changed width=151
2026-07-06T12:40:49.576 thread=140066134371264 event=side_panel.width.changed width=151
2026-07-06T12:40:49.576 thread=140066134371264 event=side_panel.width.changed width=151
2026-07-06T12:40:57.773 thread=140066134371264 event=side_panel.width.changed width=151
2026-07-06T12:40:57.774 thread=140066134371264 event=side_panel.width.changed width=151
2026-07-06T12:41:02.785 thread=140066134371264 event=side_panel.width.changed width=151
2026-07-06T12:41:02.786 thread=140066134371264 event=side_panel.width.changed width=151
2026-07-06T12:41:06.279 thread=140066134371264 event=side_panel.width.changed width=151
2026-07-06T12:41:06.280 thread=140066134371264 event=side_panel.width.changed width=151
2026-07-06T12:41:08.700 thread=140066134371264 event=side_panel.width.changed width=151
2026-07-06T12:41:08.700 thread=140066134371264 event=side_panel.width.changed width=151
2026-07-06T12:41:15.181 thread=140066134371264 event=side_panel.width.changed width=151
2026-07-06T12:41:15.181 thread=140066134371264 event=side_panel.width.changed width=151
2026-07-06T12:41:19.553 thread=140066134371264 event=side_panel.width.changed width=151
2026-07-06T12:41:19.554 thread=140066134371264 event=side_panel.width.changed width=151
2026-07-06T12:41:23.387 thread=140066134371264 event=side_panel.width.changed width=151
2026-07-06T12:41:23.387 thread=140066134371264 event=side_panel.width.changed width=151
2026-07-06T12:41:28.924 thread=140066134371264 event=side_panel.width.changed width=151
2026-07-06T12:41:28.925 thread=140066134371264 event=side_panel.width.changed width=151
2026-07-06T12:41:32.662 thread=140066134371264 event=side_panel.width.changed width=151
2026-07-06T12:41:32.663 thread=140066134371264 event=side_panel.width.changed width=151
2026-07-06T12:41:35.113 thread=140066134371264 event=side_panel.width.changed width=151
2026-07-06T12:41:35.114 thread=140066134371264 event=side_panel.width.changed width=151
2026-07-06T12:41:40.033 thread=140066134371264 event=side_panel.width.changed width=151
2026-07-06T12:41:40.033 thread=140066134371264 event=side_panel.width.changed width=151
2026-07-06T12:41:42.535 thread=140066134371264 event=side_panel.width.changed width=151
2026-07-06T12:41:42.535 thread=140066134371264 event=side_panel.width.changed width=151
2026-07-06T12:41:45.335 thread=140066134371264 event=side_panel.width.changed width=151
2026-07-06T12:41:45.335 thread=140066134371264 event=side_panel.width.changed width=151
2026-07-06T12:41:47.811 thread=140066134371264 event=side_panel.width.changed width=151
2026-07-06T12:41:47.811 thread=140066134371264 event=side_panel.width.changed width=151
2026-07-06T12:41:50.816 thread=140066134371264 event=side_panel.width.changed width=151
2026-07-06T12:41:50.816 thread=140066134371264 event=side_panel.width.changed width=151
2026-07-06T12:41:54.508 thread=140066134371264 event=side_panel.width.changed width=151
2026-07-06T12:41:54.508 thread=140066134371264 event=side_panel.width.changed width=151
2026-07-06T12:41:58.159 thread=140066134371264 event=side_panel.width.changed width=151
2026-07-06T12:41:58.160 thread=140066134371264 event=side_panel.width.changed width=151
2026-07-06T12:42:01.041 thread=140066134371264 event=side_panel.width.changed width=151
2026-07-06T12:42:01.041 thread=140066134371264 event=side_panel.width.changed width=151
2026-07-06T12:42:05.992 thread=140066134371264 event=side_panel.width.changed width=151
2026-07-06T12:42:05.993 thread=140066134371264 event=side_panel.width.changed width=151
2026-07-06T12:42:08.539 thread=140066134371264 event=side_panel.width.changed width=151
2026-07-06T12:42:08.539 thread=140066134371264 event=side_panel.width.changed width=151
2026-07-06T12:42:12.966 thread=140066134371264 event=side_panel.width.changed width=151
2026-07-06T12:42:12.967 thread=140066134371264 event=side_panel.width.changed width=151
2026-07-06T12:42:18.164 thread=140066134371264 event=side_panel.width.changed width=151
2026-07-06T12:42:18.164 thread=140066134371264 event=side_panel.width.changed width=151
2026-07-06T12:42:25.331 thread=140066134371264 event=side_panel.width.changed width=151
2026-07-06T12:42:25.332 thread=140066134371264 event=side_panel.width.changed width=151
2026-07-06T12:42:30.632 thread=140066134371264 event=side_panel.width.changed width=151
2026-07-06T12:42:30.633 thread=140066134371264 event=side_panel.width.changed width=151
2026-07-06T12:42:34.278 thread=140066134371264 event=side_panel.width.changed width=151
2026-07-06T12:42:34.279 thread=140066134371264 event=side_panel.width.changed width=151
2026-07-06T12:42:36.720 thread=140066134371264 event=side_panel.width.changed width=151
2026-07-06T12:42:36.720 thread=140066134371264 event=side_panel.width.changed width=151
2026-07-06T12:42:42.947 thread=140066134371264 event=side_panel.width.changed width=151
2026-07-06T12:42:42.948 thread=140066134371264 event=side_panel.width.changed width=151
2026-07-06T12:42:47.031 thread=140066134371264 event=side_panel.width.changed width=151
2026-07-06T12:42:47.032 thread=140066134371264 event=side_panel.width.changed width=151
2026-07-06T12:42:51.755 thread=140066134371264 event=side_panel.width.changed width=151
2026-07-06T12:42:51.755 thread=140066134371264 event=side_panel.width.changed width=151
2026-07-06T12:42:59.556 thread=140066134371264 event=side_panel.width.changed width=151
2026-07-06T12:42:59.556 thread=140066134371264 event=side_panel.width.changed width=151
2026-07-06T12:43:02.811 thread=140066134371264 event=side_panel.width.changed width=151
2026-07-06T12:43:02.812 thread=140066134371264 event=side_panel.width.changed width=151
2026-07-06T12:43:05.876 thread=140066134371264 event=side_panel.width.changed width=151
2026-07-06T12:43:05.876 thread=140066134371264 event=side_panel.width.changed width=151
2026-07-06T12:43:09.409 thread=140066134371264 event=side_panel.width.changed width=151
2026-07-06T12:43:09.409 thread=140066134371264 event=side_panel.width.changed width=151
2026-07-06T12:43:11.801 thread=140066134371264 event=side_panel.width.changed width=151
2026-07-06T12:43:11.802 thread=140066134371264 event=side_panel.width.changed width=151
2026-07-06T12:43:16.632 thread=140066134371264 event=side_panel.width.changed width=151
2026-07-06T12:43:16.632 thread=140066134371264 event=side_panel.width.changed width=151
2026-07-06T12:43:19.404 thread=140066134371264 event=side_panel.width.changed width=151
2026-07-06T12:43:19.405 thread=140066134371264 event=side_panel.width.changed width=151
2026-07-06T12:43:23.350 thread=140066134371264 event=side_panel.width.changed width=151
2026-07-06T12:43:23.351 thread=140066134371264 event=side_panel.width.changed width=151
2026-07-06T12:48:15.413 thread=140066134371264 event=app.close.request active_file_operations=0 queued=0
2026-07-06T12:48:15.427 thread=140066134371264 event=app.close.accepted
2026-07-06T12:50:54.497 thread=139714128284608 event=logging.enabled path=PosixPath('/home/xircon/dmnts/twotb/scripts/pyside/fm/fm.log') version='1.10'
2026-07-06T12:50:54.498 thread=139714128284608 event=app.start version='1.10'
2026-07-06T12:51:00.075 thread=139631346879424 event=logging.enabled path=PosixPath('/home/xircon/dmnts/twotb/scripts/pyside/fm/fm.log') version='1.10'
2026-07-06T12:51:00.075 thread=139631346879424 event=app.start version='1.10'
2026-07-06T12:51:53.526 thread=140240584371136 event=logging.enabled path=PosixPath('/home/xircon/dmnts/twotb/scripts/pyside/fm/fm.log') version='1.10'
2026-07-06T12:51:53.526 thread=140240584371136 event=app.start version='1.10'
2026-07-06T12:52:41.050 thread=140370492091328 event=logging.enabled path=PosixPath('/home/xircon/dmnts/twotb/scripts/pyside/fm/fm.log') version='1.10'
2026-07-06T12:52:41.050 thread=140370492091328 event=app.start version='1.10'
2026-07-06T12:52:41.501 thread=140370492091328 event=pane.filesystem_tint left=PosixPath('/home/xircon/dmnts/twotb/Downloads/.thumbnails/Bodybuilding.Babes.21.MADJACKTHEPISSEDPIRATE') right=PosixPath('/home/xircon') left_fs=66309 right_fs=66306 different=True
2026-07-06T12:52:42.269 thread=140370492091328 event=pane.filesystem_tint left=PosixPath('/home/xircon/dmnts/twotb/Downloads/.thumbnails/Bodybuilding.Babes.21.MADJACKTHEPISSEDPIRATE') right=PosixPath('/home/xircon/dmnts/htpc-mech/TV/The Witcher') left_fs=66309 right_fs=108 different=True
2026-07-06T12:52:43.648 thread=140370492091328 event=pane.filesystem_tint left=PosixPath('/home/xircon/dmnts/twotb/Downloads/.thumbnails/Bodybuilding.Babes.21.MADJACKTHEPISSEDPIRATE') right=PosixPath('/home/xircon/dmnts/htpc-mech/TV/The Witcher') left_fs=66309 right_fs=108 different=True
2026-07-06T12:52:43.658 thread=140370492091328 event=pane.filesystem_tint left=PosixPath('/home/xircon/dmnts/twotb/Downloads/.thumbnails/Bodybuilding.Babes.21.MADJACKTHEPISSEDPIRATE') right=PosixPath('/home/xircon/dmnts/htpc-mech/TV/The Witcher') left_fs=66309 right_fs=108 different=True
2026-07-06T12:52:44.222 thread=140370492091328 event=side_panel.width.restore width=151 actual=151
2026-07-06T12:52:44.237 thread=140370492091328 event=side_panel.width.restore width=151 actual=151
2026-07-06T12:52:44.238 thread=140370492091328 event=side_panel.width.restore width=151 actual=151
2026-07-06T12:52:44.249 thread=140370492091328 event=side_panel.width.restore width=151 actual=151
2026-07-06T12:52:44.249 thread=140370492091328 event=side_panel.width.restore width=151 actual=151
2026-07-06T12:52:44.250 thread=140370492091328 event=side_panel.width.restore width=151 actual=151
2026-07-06T12:52:44.250 thread=140370492091328 event=side_panel.width.restore width=151 actual=151
2026-07-06T12:52:44.256 thread=140370492091328 event=side_panel.width.restore width=151 actual=151
2026-07-06T12:52:44.256 thread=140370492091328 event=side_panel.width.restore width=151 actual=151
2026-07-06T12:52:44.256 thread=140370492091328 event=side_panel.width.restore width=151 actual=151
2026-07-06T12:52:44.257 thread=140370492091328 event=side_panel.width.restore width=151 actual=151
2026-07-06T12:52:44.257 thread=140370492091328 event=side_panel.width.restore width=151 actual=151
2026-07-06T12:52:44.407 thread=140370492091328 event=side_panel.width.restore width=151 actual=151
2026-07-06T12:52:44.592 thread=140370492091328 event=side_panel.width.restore width=151 actual=151
2026-07-06T12:52:44.592 thread=140370492091328 event=side_panel.width.restore width=151 actual=151
2026-07-06T12:52:44.634 thread=140370492091328 event=side_panel.width.restore_finished width=151 actual=151
2026-07-06T12:52:44.861 thread=140370492091328 event=side_panel.width.restore_finished width=151 actual=151
2026-07-06T12:52:44.861 thread=140370492091328 event=side_panel.width.restore_finished width=151 actual=151
2026-07-06T12:52:48.744 thread=140370492091328 event=slideshow.open directory=PosixPath('/home/xircon/dmnts/twotb/Downloads/.thumbnails/Bodybuilding.Babes.21.MADJACKTHEPISSEDPIRATE') images=45 index=3
2026-07-06T12:53:27.914 thread=140293776243648 event=logging.enabled path=PosixPath('/home/xircon/dmnts/twotb/scripts/pyside/fm/fm.log') version='1.10'
2026-07-06T12:53:27.914 thread=140293776243648 event=app.start version='1.10'
2026-07-06T12:53:28.412 thread=140293776243648 event=pane.filesystem_tint left=PosixPath('/home/xircon/dmnts/twotb/Downloads/.thumbnails/Bodybuilding.Babes.21.MADJACKTHEPISSEDPIRATE') right=PosixPath('/home/xircon') left_fs=66309 right_fs=66306 different=True
2026-07-06T12:53:29.007 thread=140293776243648 event=pane.filesystem_tint left=PosixPath('/home/xircon/dmnts/twotb/Downloads/.thumbnails/Bodybuilding.Babes.21.MADJACKTHEPISSEDPIRATE') right=PosixPath('/home/xircon/dmnts/htpc-mech/TV/The Witcher') left_fs=66309 right_fs=108 different=True
2026-07-06T12:53:29.332 thread=140293776243648 event=pane.filesystem_tint left=PosixPath('/home/xircon/dmnts/twotb/Downloads/.thumbnails/Bodybuilding.Babes.21.MADJACKTHEPISSEDPIRATE') right=PosixPath('/home/xircon/dmnts/htpc-mech/TV/The Witcher') left_fs=66309 right_fs=108 different=True
2026-07-06T12:53:29.338 thread=140293776243648 event=pane.filesystem_tint left=PosixPath('/home/xircon/dmnts/twotb/Downloads/.thumbnails/Bodybuilding.Babes.21.MADJACKTHEPISSEDPIRATE') right=PosixPath('/home/xircon/dmnts/htpc-mech/TV/The Witcher') left_fs=66309 right_fs=108 different=True
2026-07-06T12:53:29.395 thread=140293776243648 event=pane.filesystem_tint left=PosixPath('/home/xircon/wallpaper/hypr') right=PosixPath('/home/xircon/dmnts/htpc-mech/TV/The Witcher') left_fs=66306 right_fs=108 different=True
2026-07-06T12:53:30.119 thread=140293776243648 event=slideshow.open directory=PosixPath('/home/xircon/wallpaper/hypr') images=12 index=0
2026-07-06T12:53:30.163 thread=140293776243648 event=slideshow.close index=0
2026-07-06T12:53:30.164 thread=140293776243648 event=app.close.request active_file_operations=0 queued=0
2026-07-06T12:53:30.165 thread=140293776243648 event=app.close.accepted
2026-07-06T12:54:09.038 thread=140370492091328 event=slideshow.close index=33
2026-07-06T12:54:11.976 thread=140370492091328 event=pane.filesystem_tint left=PosixPath('/home/xircon/dmnts/twotb/Downloads/.thumbnails') right=PosixPath('/home/xircon/dmnts/htpc-mech/TV/The Witcher') left_fs=66309 right_fs=108 different=True
2026-07-06T12:54:12.478 thread=140370492091328 event=pane.filesystem_tint left=PosixPath('/home/xircon/dmnts/twotb/Downloads') right=PosixPath('/home/xircon/dmnts/htpc-mech/TV/The Witcher') left_fs=66309 right_fs=108 different=True
2026-07-06T12:54:14.532 thread=140370492091328 event=pane.filesystem_tint left=PosixPath('/home/xircon/dmnts/twotb/Downloads/.thumbnails') right=PosixPath('/home/xircon/dmnts/htpc-mech/TV/The Witcher') left_fs=66309 right_fs=108 different=True
2026-07-06T12:54:23.203 thread=140370492091328 event=pane.filesystem_tint left=PosixPath('/home/xircon/dmnts/twotb/Downloads/.thumbnails/Creampie-Angels - Tiny Teen - Winning and fucking on floor') right=PosixPath('/home/xircon/dmnts/htpc-mech/TV/The Witcher') left_fs=66309 right_fs=108 different=True
2026-07-06T12:55:24.941 thread=140370492091328 event=pane.filesystem_tint left=PosixPath('/home/xircon/dmnts/twotb/Downloads/.thumbnails') right=PosixPath('/home/xircon/dmnts/htpc-mech/TV/The Witcher') left_fs=66309 right_fs=108 different=True
2026-07-06T12:59:40.594 thread=140370492091328 event=pane.filesystem_tint left=PosixPath('/home/xircon/dmnts/twotb/Downloads') right=PosixPath('/home/xircon/dmnts/htpc-mech/TV/The Witcher') left_fs=66309 right_fs=108 different=True
2026-07-06T12:59:44.994 thread=140370492091328 event=pane.filesystem_tint left=PosixPath('/home/xircon/dmnts/twotb/Downloads/Completed') right=PosixPath('/home/xircon/dmnts/htpc-mech/TV/The Witcher') left_fs=66309 right_fs=108 different=True
2026-07-06T13:08:18.801 thread=140370492091328 event=pane.filesystem_tint left=PosixPath('/home/xircon/dmnts/twotb/Downloads') right=PosixPath('/home/xircon/dmnts/htpc-mech/TV/The Witcher') left_fs=66309 right_fs=108 different=True
2026-07-06T13:08:24.408 thread=140370492091328 event=pane.filesystem_tint left=PosixPath('/home/xircon/dmnts/twotb/Downloads/.thumbnails') right=PosixPath('/home/xircon/dmnts/htpc-mech/TV/The Witcher') left_fs=66309 right_fs=108 different=True
2026-07-06T13:09:48.370 thread=140370492091328 event=pane.filesystem_tint left=PosixPath('/home/xircon/dmnts/twotb/Downloads') right=PosixPath('/home/xircon/dmnts/htpc-mech/TV/The Witcher') left_fs=66309 right_fs=108 different=True
2026-07-06T13:09:48.791 thread=140370492091328 event=pane.filesystem_tint left=PosixPath('/home/xircon/dmnts/twotb/Downloads') right=PosixPath('/home/xircon/dmnts/htpc-mech/TV/The Witcher') left_fs=66309 right_fs=108 different=True
2026-07-06T13:09:54.896 thread=140370492091328 event=pane.filesystem_tint left=PosixPath('/home/xircon/dmnts/twotb/Downloads/Completed') right=PosixPath('/home/xircon/dmnts/htpc-mech/TV/The Witcher') left_fs=66309 right_fs=108 different=True
2026-07-06T13:12:28.896 thread=140370492091328 event=pane.filesystem_tint left=PosixPath('/home/xircon/dmnts/twotb/Downloads/Completed/GotFilled.26.06.30.Kali.Roses.XXX.1080p.MP4-NBQ[XC]') right=PosixPath('/home/xircon/dmnts/htpc-mech/TV/The Witcher') left_fs=66309 right_fs=108 different=True
2026-07-06T13:16:45.910 thread=140370492091328 event=pane.filesystem_tint left=PosixPath('/home/xircon/dmnts/twotb/Downloads') right=PosixPath('/home/xircon/dmnts/htpc-mech/TV/The Witcher') left_fs=66309 right_fs=108 different=True
2026-07-06T13:16:56.231 thread=140370492091328 event=pane.filesystem_tint left=PosixPath('/home/xircon/dmnts/twotb/Downloads') right=PosixPath('/home/xircon/dmnts/twotb/Downloads/Completed') left_fs=66309 right_fs=66309 different=False
2026-07-06T13:16:59.172 thread=140370492091328 event=drag.start pane='Right' count=1 paths=['/home/xircon/dmnts/twotb/Downloads/Completed/GotFilled.26.06.30.Kali.Roses.XXX.1080p.MP4-NBQ[XC]']
2026-07-06T13:17:01.354 thread=140370492091328 event=drop.received pane='Left' action='DropAction.CopyAction' paths=['/home/xircon/dmnts/twotb/Downloads/Completed/GotFilled.26.06.30.Kali.Roses.XXX.1080p.MP4-NBQ[XC]'] destination=PosixPath('/home/xircon/dmnts/twotb/Downloads/.thumbnails')
2026-07-06T13:17:01.354 thread=140370492091328 event=drop.copy pane='Left' count=1 destination=PosixPath('/home/xircon/dmnts/twotb/Downloads/.thumbnails')
2026-07-06T13:17:01.354 thread=140370492091328 event=copy.request pane='Left' count=1 destination=PosixPath('/home/xircon/dmnts/twotb/Downloads/.thumbnails') paths=['/home/xircon/dmnts/twotb/Downloads/Completed/GotFilled.26.06.30.Kali.Roses.XXX.1080p.MP4-NBQ[XC]']
2026-07-06T13:17:01.355 thread=140370492091328 event=collision.none source=PosixPath('/home/xircon/dmnts/twotb/Downloads/Completed/GotFilled.26.06.30.Kali.Roses.XXX.1080p.MP4-NBQ[XC]') destination=PosixPath('/home/xircon/dmnts/twotb/Downloads/.thumbnails/GotFilled.26.06.30.Kali.Roses.XXX.1080p.MP4-NBQ[XC]')
2026-07-06T13:17:01.355 thread=140370492091328 event=copy.start_dialog pane='Left' targets=[('/home/xircon/dmnts/twotb/Downloads/Completed/GotFilled.26.06.30.Kali.Roses.XXX.1080p.MP4-NBQ[XC]', '/home/xircon/dmnts/twotb/Downloads/.thumbnails/GotFilled.26.06.30.Kali.Roses.XXX.1080p.MP4-NBQ[XC]')]
2026-07-06T13:17:01.355 thread=140370492091328 event=operation.dialog.create pane='Left' operation='copy' targets=1 title='Copying files...'
2026-07-06T13:17:01.355 thread=140370492091328 event=operation.begin active=1 queued=0
2026-07-06T13:17:01.359 thread=140370492091328 event=operation.thread.started pane='Left' operation='copy' targets=1
2026-07-06T13:17:01.359 thread=140369358833344 event=operation.worker.start operation='copy' targets=1
2026-07-06T13:17:01.360 thread=140369358833344 event=operation.worker.sized operation='copy' total_bytes=843337976 total_units=12869
2026-07-06T13:17:01.360 thread=140369358833344 event=operation.target.start operation='copy' source=PosixPath('/home/xircon/dmnts/twotb/Downloads/Completed/GotFilled.26.06.30.Kali.Roses.XXX.1080p.MP4-NBQ[XC]') target=PosixPath('/home/xircon/dmnts/twotb/Downloads/.thumbnails/GotFilled.26.06.30.Kali.Roses.XXX.1080p.MP4-NBQ[XC]')
2026-07-06T13:17:01.360 thread=140369358833344 event=copy.directory.start operation='copy' source=PosixPath('/home/xircon/dmnts/twotb/Downloads/Completed/GotFilled.26.06.30.Kali.Roses.XXX.1080p.MP4-NBQ[XC]') target=PosixPath('/home/xircon/dmnts/twotb/Downloads/.thumbnails/GotFilled.26.06.30.Kali.Roses.XXX.1080p.MP4-NBQ[XC]')
2026-07-06T13:17:01.361 thread=140370492091328 event=drag.done pane='Right' count=1
2026-07-06T13:17:01.363 thread=140369358833344 event=copy.file.start operation='copy' source=PosixPath('/home/xircon/dmnts/twotb/Downloads/Completed/GotFilled.26.06.30.Kali.Roses.XXX.1080p.MP4-NBQ[XC]/gotfilled.26.06.30.kali.roses.mp4') target=PosixPath('/home/xircon/dmnts/twotb/Downloads/.thumbnails/GotFilled.26.06.30.Kali.Roses.XXX.1080p.MP4-NBQ[XC]/gotfilled.26.06.30.kali.roses.mp4')
2026-07-06T13:17:02.686 thread=140369358833344 event=copy.file.done operation='copy' source=PosixPath('/home/xircon/dmnts/twotb/Downloads/Completed/GotFilled.26.06.30.Kali.Roses.XXX.1080p.MP4-NBQ[XC]/gotfilled.26.06.30.kali.roses.mp4') target=PosixPath('/home/xircon/dmnts/twotb/Downloads/.thumbnails/GotFilled.26.06.30.Kali.Roses.XXX.1080p.MP4-NBQ[XC]/gotfilled.26.06.30.kali.roses.mp4') bytes=843337942 elapsed_seconds=1.323
2026-07-06T13:17:02.686 thread=140369358833344 event=copy.file.start operation='copy' source=PosixPath('/home/xircon/dmnts/twotb/Downloads/Completed/GotFilled.26.06.30.Kali.Roses.XXX.1080p.MP4-NBQ[XC]/Torrent Downloaded From XXXClub.to .nfo') target=PosixPath('/home/xircon/dmnts/twotb/Downloads/.thumbnails/GotFilled.26.06.30.Kali.Roses.XXX.1080p.MP4-NBQ[XC]/Torrent Downloaded From XXXClub.to .nfo')
2026-07-06T13:17:02.687 thread=140369358833344 event=copy.file.done operation='copy' source=PosixPath('/home/xircon/dmnts/twotb/Downloads/Completed/GotFilled.26.06.30.Kali.Roses.XXX.1080p.MP4-NBQ[XC]/Torrent Downloaded From XXXClub.to .nfo') target=PosixPath('/home/xircon/dmnts/twotb/Downloads/.thumbnails/GotFilled.26.06.30.Kali.Roses.XXX.1080p.MP4-NBQ[XC]/Torrent Downloaded From XXXClub.to .nfo') bytes=34 elapsed_seconds=0.001
2026-07-06T13:17:02.687 thread=140369358833344 event=copy.directory.done operation='copy' source=PosixPath('/home/xircon/dmnts/twotb/Downloads/Completed/GotFilled.26.06.30.Kali.Roses.XXX.1080p.MP4-NBQ[XC]') target=PosixPath('/home/xircon/dmnts/twotb/Downloads/.thumbnails/GotFilled.26.06.30.Kali.Roses.XXX.1080p.MP4-NBQ[XC]') elapsed_seconds=1.327
2026-07-06T13:17:02.688 thread=140369358833344 event=operation.target.done operation='copy' source=PosixPath('/home/xircon/dmnts/twotb/Downloads/Completed/GotFilled.26.06.30.Kali.Roses.XXX.1080p.MP4-NBQ[XC]') target=PosixPath('/home/xircon/dmnts/twotb/Downloads/.thumbnails/GotFilled.26.06.30.Kali.Roses.XXX.1080p.MP4-NBQ[XC]') done_bytes=843337976
2026-07-06T13:17:02.688 thread=140369358833344 event=operation.worker.done operation='copy' completed=1 elapsed_seconds=1.329 done_bytes=843337976
2026-07-06T13:17:02.689 thread=140370492091328 event=operation.completed.signal pane='Left' operation='copy' completed=1
2026-07-06T13:17:02.689 thread=140370492091328 event=operation.end active=0 queued=0
2026-07-06T13:17:02.689 thread=140370492091328 event=operation.finish pane='Left' operation='copy' completed=1 warning=None
2026-07-06T13:17:05.209 thread=140370492091328 event=pane.filesystem_tint left=PosixPath('/home/xircon/dmnts/twotb/Downloads/.thumbnails') right=PosixPath('/home/xircon/dmnts/twotb/Downloads/Completed') left_fs=66309 right_fs=66309 different=False
2026-07-06T13:17:18.856 thread=140370492091328 event=operation.begin active=1 queued=0
2026-07-06T13:17:19.828 thread=140370492091328 event=operation.end active=0 queued=0
2026-07-06T13:22:33.104 thread=140370492091328 event=pane.filesystem_tint left=PosixPath('/home/xircon/dmnts/twotb/Downloads/.thumbnails') right=PosixPath('/home/xircon/dmnts/twotb/Downloads/Completed/720p') left_fs=66309 right_fs=66309 different=False
2026-07-06T13:22:38.241 thread=140370492091328 event=pane.filesystem_tint left=PosixPath('/home/xircon/dmnts/twotb/Downloads/.thumbnails') right=PosixPath('/home/xircon/dmnts/twotb/Downloads/Completed/720p/s01') left_fs=66309 right_fs=66309 different=False
2026-07-06T13:22:40.492 thread=140370492091328 event=pane.filesystem_tint left=PosixPath('/home/xircon/dmnts/twotb/Downloads/.thumbnails') right=PosixPath('/home/xircon/dmnts/twotb/Downloads/Completed/720p') left_fs=66309 right_fs=66309 different=False
2026-07-06T13:22:41.391 thread=140370492091328 event=pane.filesystem_tint left=PosixPath('/home/xircon/dmnts/twotb/Downloads/.thumbnails') right=PosixPath('/home/xircon/dmnts/twotb/Downloads/Completed') left_fs=66309 right_fs=66309 different=False
2026-07-06T13:24:34.964 thread=140370492091328 event=pane.filesystem_tint left=PosixPath('/home/xircon/dmnts/twotb/Downloads/.thumbnails') right=PosixPath('/home/xircon/.local/share/Trash/files') left_fs=66309 right_fs=66306 different=True
2026-07-06T13:25:06.881 thread=140370492091328 event=pane.filesystem_tint left=PosixPath('/home/xircon/dmnts/twotb/Downloads') right=PosixPath('/home/xircon/.local/share/Trash/files') left_fs=66309 right_fs=66306 different=True
2026-07-06T13:25:06.973 thread=140370492091328 event=pane.filesystem_tint left=PosixPath('/home/xircon/dmnts/twotb/Downloads') right=PosixPath('/home/xircon/.local/share/Trash/files') left_fs=66309 right_fs=66306 different=True
2026-07-06T13:25:14.378 thread=140370492091328 event=pane.filesystem_tint left=PosixPath('/home/xircon/dmnts/twotb/Downloads/Temp-Torrent') right=PosixPath('/home/xircon/.local/share/Trash/files') left_fs=66309 right_fs=66306 different=True
2026-07-06T13:25:17.534 thread=140370492091328 event=pane.filesystem_tint left=PosixPath('/home/xircon/dmnts/twotb/Downloads/Temp-Torrent/WowGirls.23.07.29.Diana.Heaven.Dianas.Wetness.XXX.1080p.MP4-NBQ[XC]') right=PosixPath('/home/xircon/.local/share/Trash/files') left_fs=66309 right_fs=66306 different=True
2026-07-06T13:25:58.787 thread=140370492091328 event=pane.filesystem_tint left=PosixPath('/home/xircon/.local/share/Trash/files') right=PosixPath('/home/xircon/.local/share/Trash/files') left_fs=66306 right_fs=66306 different=False
2026-07-06T13:26:21.120 thread=140370492091328 event=side_panel.width.changed width=157
2026-07-06T13:26:21.121 thread=140370492091328 event=side_panel.width.changed width=157
2026-07-06T13:26:21.188 thread=140370492091328 event=side_panel.width.changed width=160
2026-07-06T13:26:21.188 thread=140370492091328 event=side_panel.width.changed width=160
2026-07-06T13:26:21.233 thread=140370492091328 event=side_panel.width.changed width=168
2026-07-06T13:26:21.234 thread=140370492091328 event=side_panel.width.changed width=168
2026-07-06T13:26:21.283 thread=140370492091328 event=side_panel.width.changed width=177
2026-07-06T13:26:21.283 thread=140370492091328 event=side_panel.width.changed width=177
2026-07-06T13:26:21.334 thread=140370492091328 event=side_panel.width.changed width=198
2026-07-06T13:26:21.335 thread=140370492091328 event=side_panel.width.changed width=198
2026-07-06T13:26:21.384 thread=140370492091328 event=side_panel.width.changed width=219
2026-07-06T13:26:21.384 thread=140370492091328 event=side_panel.width.changed width=219
2026-07-06T13:26:21.435 thread=140370492091328 event=side_panel.width.changed width=239
2026-07-06T13:26:21.436 thread=140370492091328 event=side_panel.width.changed width=239
2026-07-06T13:26:21.483 thread=140370492091328 event=side_panel.width.changed width=263
2026-07-06T13:26:21.483 thread=140370492091328 event=side_panel.width.changed width=263
2026-07-06T13:26:21.530 thread=140370492091328 event=side_panel.width.changed width=284
2026-07-06T13:26:21.530 thread=140370492091328 event=side_panel.width.changed width=284
2026-07-06T13:26:21.579 thread=140370492091328 event=side_panel.width.changed width=306
2026-07-06T13:26:21.579 thread=140370492091328 event=side_panel.width.changed width=306
2026-07-06T13:26:21.628 thread=140370492091328 event=side_panel.width.changed width=322
2026-07-06T13:26:21.628 thread=140370492091328 event=side_panel.width.changed width=322
2026-07-06T13:26:21.676 thread=140370492091328 event=side_panel.width.changed width=331
2026-07-06T13:26:21.677 thread=140370492091328 event=side_panel.width.changed width=331
2026-07-06T13:26:21.725 thread=140370492091328 event=side_panel.width.changed width=334
2026-07-06T13:26:21.725 thread=140370492091328 event=side_panel.width.changed width=334
2026-07-06T13:26:21.818 thread=140370492091328 event=side_panel.width.changed width=333
2026-07-06T13:26:21.818 thread=140370492091328 event=side_panel.width.changed width=333
2026-07-06T13:26:21.862 thread=140370492091328 event=side_panel.width.changed width=332
2026-07-06T13:26:21.863 thread=140370492091328 event=side_panel.width.changed width=332
2026-07-06T13:26:21.909 thread=140370492091328 event=side_panel.width.changed width=331
2026-07-06T13:26:21.909 thread=140370492091328 event=side_panel.width.changed width=331
2026-07-06T13:26:21.945 thread=140370492091328 event=side_panel.width.changed width=328
2026-07-06T13:26:21.946 thread=140370492091328 event=side_panel.width.changed width=328
2026-07-06T13:26:22.002 thread=140370492091328 event=side_panel.width.changed width=326
2026-07-06T13:26:22.002 thread=140370492091328 event=side_panel.width.changed width=326
2026-07-06T13:26:22.052 thread=140370492091328 event=side_panel.width.changed width=319
2026-07-06T13:26:22.052 thread=140370492091328 event=side_panel.width.changed width=319
2026-07-06T13:26:22.100 thread=140370492091328 event=side_panel.width.changed width=314
2026-07-06T13:26:22.101 thread=140370492091328 event=side_panel.width.changed width=314
2026-07-06T13:26:22.150 thread=140370492091328 event=side_panel.width.changed width=310
2026-07-06T13:26:22.150 thread=140370492091328 event=side_panel.width.changed width=310
2026-07-06T13:26:22.198 thread=140370492091328 event=side_panel.width.changed width=308
2026-07-06T13:26:22.198 thread=140370492091328 event=side_panel.width.changed width=308
2026-07-06T13:26:22.270 thread=140370492091328 event=side_panel.width.changed width=310
2026-07-06T13:26:22.270 thread=140370492091328 event=side_panel.width.changed width=310
2026-07-06T13:26:22.315 thread=140370492091328 event=side_panel.width.changed width=313
2026-07-06T13:26:22.316 thread=140370492091328 event=side_panel.width.changed width=313
2026-07-06T13:26:46.364 thread=140370492091328 event=pane.filesystem_tint left=PosixPath('/home/xircon/.local/share/Trash/files') right=PosixPath('/home/xircon/.local/share/Trash/files') left_fs=66306 right_fs=66306 different=False
2026-07-06T13:26:46.380 thread=140370492091328 event=pane.filesystem_tint left=PosixPath('/home/xircon/.local/share/Trash/files') right=PosixPath('/home/xircon/.local/share/Trash/files') left_fs=66306 right_fs=66306 different=False
2026-07-06T13:27:17.173 thread=140370492091328 event=pane.filesystem_tint left=PosixPath('/home/xircon/.local/share/Trash/files') right=PosixPath('/home/xircon/.local/share/Trash/files') left_fs=66306 right_fs=66306 different=False
2026-07-06T13:27:19.967 thread=140370492091328 event=pane.filesystem_tint left=PosixPath('/home/xircon/.local/share/Trash/files') right=PosixPath('/home/xircon/.local/share/Trash/files') left_fs=66306 right_fs=66306 different=False
2026-07-06T13:42:51.715 thread=140370492091328 event=pane.filesystem_tint left=PosixPath('/home/xircon/dmnts/twotb/Downloads/Completed') right=PosixPath('/home/xircon/.local/share/Trash/files') left_fs=66309 right_fs=66306 different=True
2026-07-06T13:42:58.876 thread=140370492091328 event=pane.filesystem_tint left=PosixPath('/home/xircon/dmnts/twotb/Downloads/Completed') right=PosixPath('/home/xircon/.local/share/Trash/files') left_fs=66309 right_fs=66306 different=True
2026-07-06T13:42:58.937 thread=140370492091328 event=pane.filesystem_tint left=PosixPath('/home/xircon/dmnts/twotb/Downloads/Completed') right=PosixPath('/home/xircon/dmnts/htpc-mech/TV') left_fs=66309 right_fs=108 different=True
2026-07-06T13:43:17.255 thread=140370492091328 event=clipboard.copy pane='Left' count=1 paths=['/home/xircon/dmnts/twotb/Downloads/Completed/720p']
2026-07-06T13:43:21.606 thread=140370492091328 event=pane.filesystem_tint left=PosixPath('/home/xircon/dmnts/twotb/Downloads/Completed/zz-TV') right=PosixPath('/home/xircon/dmnts/htpc-mech/TV') left_fs=66309 right_fs=108 different=True
2026-07-06T13:43:23.195 thread=140370492091328 event=clipboard.paste pane='Left' source='internal' operation='copy' count=1 destination=PosixPath('/home/xircon/dmnts/twotb/Downloads/Completed/zz-TV') paths=['/home/xircon/dmnts/twotb/Downloads/Completed/720p']
2026-07-06T13:43:23.195 thread=140370492091328 event=copy.request pane='Left' count=1 destination=PosixPath('/home/xircon/dmnts/twotb/Downloads/Completed/zz-TV') paths=['/home/xircon/dmnts/twotb/Downloads/Completed/720p']
2026-07-06T13:43:23.196 thread=140370492091328 event=collision.none source=PosixPath('/home/xircon/dmnts/twotb/Downloads/Completed/720p') destination=PosixPath('/home/xircon/dmnts/twotb/Downloads/Completed/zz-TV/720p')
2026-07-06T13:43:23.196 thread=140370492091328 event=copy.start_dialog pane='Left' targets=[('/home/xircon/dmnts/twotb/Downloads/Completed/720p', '/home/xircon/dmnts/twotb/Downloads/Completed/zz-TV/720p')]
2026-07-06T13:43:23.196 thread=140370492091328 event=operation.dialog.create pane='Left' operation='copy' targets=1 title='Copying files...'
2026-07-06T13:43:23.196 thread=140370492091328 event=operation.begin active=1 queued=0
2026-07-06T13:43:23.199 thread=140370492091328 event=operation.thread.started pane='Left' operation='copy' targets=1
2026-07-06T13:43:23.199 thread=140369358833344 event=operation.worker.start operation='copy' targets=1
2026-07-06T13:43:23.203 thread=140369358833344 event=operation.worker.sized operation='copy' total_bytes=40815633763 total_units=622798
2026-07-06T13:43:23.203 thread=140369358833344 event=operation.target.start operation='copy' source=PosixPath('/home/xircon/dmnts/twotb/Downloads/Completed/720p') target=PosixPath('/home/xircon/dmnts/twotb/Downloads/Completed/zz-TV/720p')
2026-07-06T13:43:23.204 thread=140369358833344 event=copy.directory.start operation='copy' source=PosixPath('/home/xircon/dmnts/twotb/Downloads/Completed/720p') target=PosixPath('/home/xircon/dmnts/twotb/Downloads/Completed/zz-TV/720p')
2026-07-06T13:43:23.207 thread=140369358833344 event=copy.file.start operation='copy' source=PosixPath('/home/xircon/dmnts/twotb/Downloads/Completed/720p/s01/The_Mentalist_S01E22_x265_720p_BluRay_30NAMA.mkv') target=PosixPath('/home/xircon/dmnts/twotb/Downloads/Completed/zz-TV/720p/s01/The_Mentalist_S01E22_x265_720p_BluRay_30NAMA.mkv')
2026-07-06T13:43:23.799 thread=140369358833344 event=copy.file.done operation='copy' source=PosixPath('/home/xircon/dmnts/twotb/Downloads/Completed/720p/s01/The_Mentalist_S01E22_x265_720p_BluRay_30NAMA.mkv') target=PosixPath('/home/xircon/dmnts/twotb/Downloads/Completed/zz-TV/720p/s01/The_Mentalist_S01E22_x265_720p_BluRay_30NAMA.mkv') bytes=278607333 elapsed_seconds=0.592
2026-07-06T13:43:23.799 thread=140369358833344 event=copy.file.start operation='copy' source=PosixPath('/home/xircon/dmnts/twotb/Downloads/Completed/720p/s01/The_Mentalist_S01E01_x265_720p_BluRay_30NAMA.mkv') target=PosixPath('/home/xircon/dmnts/twotb/Downloads/Completed/zz-TV/720p/s01/The_Mentalist_S01E01_x265_720p_BluRay_30NAMA.mkv')
2026-07-06T13:43:24.397 thread=140369358833344 event=copy.file.done operation='copy' source=PosixPath('/home/xircon/dmnts/twotb/Downloads/Completed/720p/s01/The_Mentalist_S01E01_x265_720p_BluRay_30NAMA.mkv') target=PosixPath('/home/xircon/dmnts/twotb/Downloads/Completed/zz-TV/720p/s01/The_Mentalist_S01E01_x265_720p_BluRay_30NAMA.mkv') bytes=286617254 elapsed_seconds=0.598
2026-07-06T13:43:24.398 thread=140369358833344 event=copy.file.start operation='copy' source=PosixPath('/home/xircon/dmnts/twotb/Downloads/Completed/720p/s01/The_Mentalist_S01E09_x265_720p_BluRay_30NAMA.mkv') target=PosixPath('/home/xircon/dmnts/twotb/Downloads/Completed/zz-TV/720p/s01/The_Mentalist_S01E09_x265_720p_BluRay_30NAMA.mkv')
2026-07-06T13:43:24.975 thread=140369358833344 event=copy.file.done operation='copy' source=PosixPath('/home/xircon/dmnts/twotb/Downloads/Completed/720p/s01/The_Mentalist_S01E09_x265_720p_BluRay_30NAMA.mkv') target=PosixPath('/home/xircon/dmnts/twotb/Downloads/Completed/zz-TV/720p/s01/The_Mentalist_S01E09_x265_720p_BluRay_30NAMA.mkv') bytes=280042071 elapsed_seconds=0.578
2026-07-06T13:43:24.976 thread=140369358833344 event=copy.file.start operation='copy' source=PosixPath('/home/xircon/dmnts/twotb/Downloads/Completed/720p/s01/The_Mentalist_S01E11_x265_720p_BluRay_30NAMA.mkv') target=PosixPath('/home/xircon/dmnts/twotb/Downloads/Completed/zz-TV/720p/s01/The_Mentalist_S01E11_x265_720p_BluRay_30NAMA.mkv')
2026-07-06T13:43:25.524 thread=140369358833344 event=copy.file.done operation='copy' source=PosixPath('/home/xircon/dmnts/twotb/Downloads/Completed/720p/s01/The_Mentalist_S01E11_x265_720p_BluRay_30NAMA.mkv') target=PosixPath('/home/xircon/dmnts/twotb/Downloads/Completed/zz-TV/720p/s01/The_Mentalist_S01E11_x265_720p_BluRay_30NAMA.mkv') bytes=279470760 elapsed_seconds=0.549
2026-07-06T13:43:25.525 thread=140369358833344 event=copy.file.start operation='copy' source=PosixPath('/home/xircon/dmnts/twotb/Downloads/Completed/720p/s01/The_Mentalist_S01E20_x265_720p_BluRay_30NAMA.mkv') target=PosixPath('/home/xircon/dmnts/twotb/Downloads/Completed/zz-TV/720p/s01/The_Mentalist_S01E20_x265_720p_BluRay_30NAMA.mkv')
2026-07-06T13:43:26.073 thread=140369358833344 event=copy.file.done operation='copy' source=PosixPath('/home/xircon/dmnts/twotb/Downloads/Completed/720p/s01/The_Mentalist_S01E20_x265_720p_BluRay_30NAMA.mkv') target=PosixPath('/home/xircon/dmnts/twotb/Downloads/Completed/zz-TV/720p/s01/The_Mentalist_S01E20_x265_720p_BluRay_30NAMA.mkv') bytes=276510746 elapsed_seconds=0.549
2026-07-06T13:43:26.074 thread=140369358833344 event=copy.file.start operation='copy' source=PosixPath('/home/xircon/dmnts/twotb/Downloads/Completed/720p/s01/The_Mentalist_S01E18_x265_720p_BluRay_30NAMA.mkv') target=PosixPath('/home/xircon/dmnts/twotb/Downloads/Completed/zz-TV/720p/s01/The_Mentalist_S01E18_x265_720p_BluRay_30NAMA.mkv')
2026-07-06T13:43:26.608 thread=140369358833344 event=copy.file.done operation='copy' source=PosixPath('/home/xircon/dmnts/twotb/Downloads/Completed/720p/s01/The_Mentalist_S01E18_x265_720p_BluRay_30NAMA.mkv') target=PosixPath('/home/xircon/dmnts/twotb/Downloads/Completed/zz-TV/720p/s01/The_Mentalist_S01E18_x265_720p_BluRay_30NAMA.mkv') bytes=270888295 elapsed_seconds=0.535
2026-07-06T13:43:26.609 thread=140369358833344 event=copy.file.start operation='copy' source=PosixPath('/home/xircon/dmnts/twotb/Downloads/Completed/720p/s01/The_Mentalist_S01E06_x265_720p_BluRay_30NAMA.mkv') target=PosixPath('/home/xircon/dmnts/twotb/Downloads/Completed/zz-TV/720p/s01/The_Mentalist_S01E06_x265_720p_BluRay_30NAMA.mkv')
2026-07-06T13:43:27.152 thread=140369358833344 event=copy.file.done operation='copy' source=PosixPath('/home/xircon/dmnts/twotb/Downloads/Completed/720p/s01/The_Mentalist_S01E06_x265_720p_BluRay_30NAMA.mkv') target=PosixPath('/home/xircon/dmnts/twotb/Downloads/Completed/zz-TV/720p/s01/The_Mentalist_S01E06_x265_720p_BluRay_30NAMA.mkv') bytes=279713681 elapsed_seconds=0.544
2026-07-06T13:43:27.153 thread=140369358833344 event=copy.file.start operation='copy' source=PosixPath('/home/xircon/dmnts/twotb/Downloads/Completed/720p/s01/The_Mentalist_S01E05_x265_720p_BluRay_30NAMA.mkv') target=PosixPath('/home/xircon/dmnts/twotb/Downloads/Completed/zz-TV/720p/s01/The_Mentalist_S01E05_x265_720p_BluRay_30NAMA.mkv')
2026-07-06T13:43:27.713 thread=140369358833344 event=copy.file.done operation='copy' source=PosixPath('/home/xircon/dmnts/twotb/Downloads/Completed/720p/s01/The_Mentalist_S01E05_x265_720p_BluRay_30NAMA.mkv') target=PosixPath('/home/xircon/dmnts/twotb/Downloads/Completed/zz-TV/720p/s01/The_Mentalist_S01E05_x265_720p_BluRay_30NAMA.mkv') bytes=278782312 elapsed_seconds=0.56
2026-07-06T13:43:27.714 thread=140369358833344 event=copy.file.start operation='copy' source=PosixPath('/home/xircon/dmnts/twotb/Downloads/Completed/720p/s01/The_Mentalist_S01E10_x265_720p_BluRay_30NAMA.mkv') target=PosixPath('/home/xircon/dmnts/twotb/Downloads/Completed/zz-TV/720p/s01/The_Mentalist_S01E10_x265_720p_BluRay_30NAMA.mkv')
2026-07-06T13:43:28.250 thread=140369358833344 event=copy.file.done operation='copy' source=PosixPath('/home/xircon/dmnts/twotb/Downloads/Completed/720p/s01/The_Mentalist_S01E10_x265_720p_BluRay_30NAMA.mkv') target=PosixPath('/home/xircon/dmnts/twotb/Downloads/Completed/zz-TV/720p/s01/The_Mentalist_S01E10_x265_720p_BluRay_30NAMA.mkv') bytes=268625087 elapsed_seconds=0.535
2026-07-06T13:43:28.250 thread=140369358833344 event=copy.file.start operation='copy' source=PosixPath('/home/xircon/dmnts/twotb/Downloads/Completed/720p/s01/The_Mentalist_S01E03_x265_720p_BluRay_30NAMA.mkv') target=PosixPath('/home/xircon/dmnts/twotb/Downloads/Completed/zz-TV/720p/s01/The_Mentalist_S01E03_x265_720p_BluRay_30NAMA.mkv')
2026-07-06T13:43:28.792 thread=140369358833344 event=copy.file.done operation='copy' source=PosixPath('/home/xircon/dmnts/twotb/Downloads/Completed/720p/s01/The_Mentalist_S01E03_x265_720p_BluRay_30NAMA.mkv') target=PosixPath('/home/xircon/dmnts/twotb/Downloads/Completed/zz-TV/720p/s01/The_Mentalist_S01E03_x265_720p_BluRay_30NAMA.mkv') bytes=276574417 elapsed_seconds=0.542
2026-07-06T13:43:28.793 thread=140369358833344 event=copy.file.start operation='copy' source=PosixPath('/home/xircon/dmnts/twotb/Downloads/Completed/720p/s01/The_Mentalist_S01E12_x265_720p_BluRay_30NAMA.mkv') target=PosixPath('/home/xircon/dmnts/twotb/Downloads/Completed/zz-TV/720p/s01/The_Mentalist_S01E12_x265_720p_BluRay_30NAMA.mkv')
2026-07-06T13:43:29.326 thread=140369358833344 event=copy.file.done operation='copy' source=PosixPath('/home/xircon/dmnts/twotb/Downloads/Completed/720p/s01/The_Mentalist_S01E12_x265_720p_BluRay_30NAMA.mkv') target=PosixPath('/home/xircon/dmnts/twotb/Downloads/Completed/zz-TV/720p/s01/The_Mentalist_S01E12_x265_720p_BluRay_30NAMA.mkv') bytes=269450809 elapsed_seconds=0.533
2026-07-06T13:43:29.326 thread=140369358833344 event=copy.file.start operation='copy' source=PosixPath('/home/xircon/dmnts/twotb/Downloads/Completed/720p/s01/The_Mentalist_S01E07_x265_720p_BluRay_30NAMA.mkv') target=PosixPath('/home/xircon/dmnts/twotb/Downloads/Completed/zz-TV/720p/s01/The_Mentalist_S01E07_x265_720p_BluRay_30NAMA.mkv')
2026-07-06T13:43:29.891 thread=140369358833344 event=copy.file.done operation='copy' source=PosixPath('/home/xircon/dmnts/twotb/Downloads/Completed/720p/s01/The_Mentalist_S01E07_x265_720p_BluRay_30NAMA.mkv') target=PosixPath('/home/xircon/dmnts/twotb/Downloads/Completed/zz-TV/720p/s01/The_Mentalist_S01E07_x265_720p_BluRay_30NAMA.mkv') bytes=278081918 elapsed_seconds=0.564
2026-07-06T13:43:29.891 thread=140369358833344 event=copy.file.start operation='copy' source=PosixPath('/home/xircon/dmnts/twotb/Downloads/Completed/720p/s01/The_Mentalist_S01E21_x265_720p_BluRay_30NAMA.mkv') target=PosixPath('/home/xircon/dmnts/twotb/Downloads/Completed/zz-TV/720p/s01/The_Mentalist_S01E21_x265_720p_BluRay_30NAMA.mkv')
2026-07-06T13:43:30.439 thread=140369358833344 event=copy.file.done operation='copy' source=PosixPath('/home/xircon/dmnts/twotb/Downloads/Completed/720p/s01/The_Mentalist_S01E21_x265_720p_BluRay_30NAMA.mkv') target=PosixPath('/home/xircon/dmnts/twotb/Downloads/Completed/zz-TV/720p/s01/The_Mentalist_S01E21_x265_720p_BluRay_30NAMA.mkv') bytes=278770921 elapsed_seconds=0.548
2026-07-06T13:43:30.440 thread=140369358833344 event=copy.file.start operation='copy' source=PosixPath('/home/xircon/dmnts/twotb/Downloads/Completed/720p/s01/The_Mentalist_S01E19_x265_720p_BluRay_30NAMA.mkv') target=PosixPath('/home/xircon/dmnts/twotb/Downloads/Completed/zz-TV/720p/s01/The_Mentalist_S01E19_x265_720p_BluRay_30NAMA.mkv')
2026-07-06T13:43:30.976 thread=140369358833344 event=copy.file.done operation='copy' source=PosixPath('/home/xircon/dmnts/twotb/Downloads/Completed/720p/s01/The_Mentalist_S01E19_x265_720p_BluRay_30NAMA.mkv') target=PosixPath('/home/xircon/dmnts/twotb/Downloads/Completed/zz-TV/720p/s01/The_Mentalist_S01E19_x265_720p_BluRay_30NAMA.mkv') bytes=270435285 elapsed_seconds=0.536
2026-07-06T13:43:30.976 thread=140369358833344 event=copy.file.start operation='copy' source=PosixPath('/home/xircon/dmnts/twotb/Downloads/Completed/720p/s01/The_Mentalist_S01E02_x265_720p_BluRay_30NAMA.mkv') target=PosixPath('/home/xircon/dmnts/twotb/Downloads/Completed/zz-TV/720p/s01/The_Mentalist_S01E02_x265_720p_BluRay_30NAMA.mkv')
2026-07-06T13:43:31.529 thread=140369358833344 event=copy.file.done operation='copy' source=PosixPath('/home/xircon/dmnts/twotb/Downloads/Completed/720p/s01/The_Mentalist_S01E02_x265_720p_BluRay_30NAMA.mkv') target=PosixPath('/home/xircon/dmnts/twotb/Downloads/Completed/zz-TV/720p/s01/The_Mentalist_S01E02_x265_720p_BluRay_30NAMA.mkv') bytes=276661627 elapsed_seconds=0.553
2026-07-06T13:43:31.529 thread=140369358833344 event=copy.file.start operation='copy' source=PosixPath('/home/xircon/dmnts/twotb/Downloads/Completed/720p/s01/The_Mentalist_S01E15_x265_720p_BluRay_30NAMA.mkv') target=PosixPath('/home/xircon/dmnts/twotb/Downloads/Completed/zz-TV/720p/s01/The_Mentalist_S01E15_x265_720p_BluRay_30NAMA.mkv')
2026-07-06T13:43:32.069 thread=140369358833344 event=copy.file.done operation='copy' source=PosixPath('/home/xircon/dmnts/twotb/Downloads/Completed/720p/s01/The_Mentalist_S01E15_x265_720p_BluRay_30NAMA.mkv') target=PosixPath('/home/xircon/dmnts/twotb/Downloads/Completed/zz-TV/720p/s01/The_Mentalist_S01E15_x265_720p_BluRay_30NAMA.mkv') bytes=277051804 elapsed_seconds=0.539
2026-07-06T13:43:32.069 thread=140369358833344 event=copy.file.start operation='copy' source=PosixPath('/home/xircon/dmnts/twotb/Downloads/Completed/720p/s01/The_Mentalist_S01E23_x265_720p_BluRay_30NAMA.mkv') target=PosixPath('/home/xircon/dmnts/twotb/Downloads/Completed/zz-TV/720p/s01/The_Mentalist_S01E23_x265_720p_BluRay_30NAMA.mkv')
2026-07-06T13:43:32.624 thread=140369358833344 event=copy.file.done operation='copy' source=PosixPath('/home/xircon/dmnts/twotb/Downloads/Completed/720p/s01/The_Mentalist_S01E23_x265_720p_BluRay_30NAMA.mkv') target=PosixPath('/home/xircon/dmnts/twotb/Downloads/Completed/zz-TV/720p/s01/The_Mentalist_S01E23_x265_720p_BluRay_30NAMA.mkv') bytes=280369184 elapsed_seconds=0.555
2026-07-06T13:43:32.625 thread=140369358833344 event=copy.file.start operation='copy' source=PosixPath('/home/xircon/dmnts/twotb/Downloads/Completed/720p/s01/The_Mentalist_S01E17_x265_720p_BluRay_30NAMA.mkv') target=PosixPath('/home/xircon/dmnts/twotb/Downloads/Completed/zz-TV/720p/s01/The_Mentalist_S01E17_x265_720p_BluRay_30NAMA.mkv')
2026-07-06T13:43:33.169 thread=140369358833344 event=copy.file.done operation='copy' source=PosixPath('/home/xircon/dmnts/twotb/Downloads/Completed/720p/s01/The_Mentalist_S01E17_x265_720p_BluRay_30NAMA.mkv') target=PosixPath('/home/xircon/dmnts/twotb/Downloads/Completed/zz-TV/720p/s01/The_Mentalist_S01E17_x265_720p_BluRay_30NAMA.mkv') bytes=270305027 elapsed_seconds=0.544
2026-07-06T13:43:33.169 thread=140369358833344 event=copy.file.start operation='copy' source=PosixPath('/home/xircon/dmnts/twotb/Downloads/Completed/720p/s01/The_Mentalist_S01E14_x265_720p_BluRay_30NAMA.mkv') target=PosixPath('/home/xircon/dmnts/twotb/Downloads/Completed/zz-TV/720p/s01/The_Mentalist_S01E14_x265_720p_BluRay_30NAMA.mkv')
2026-07-06T13:43:33.722 thread=140369358833344 event=copy.file.done operation='copy' source=PosixPath('/home/xircon/dmnts/twotb/Downloads/Completed/720p/s01/The_Mentalist_S01E14_x265_720p_BluRay_30NAMA.mkv') target=PosixPath('/home/xircon/dmnts/twotb/Downloads/Completed/zz-TV/720p/s01/The_Mentalist_S01E14_x265_720p_BluRay_30NAMA.mkv') bytes=278967239 elapsed_seconds=0.553
2026-07-06T13:43:33.722 thread=140369358833344 event=copy.file.start operation='copy' source=PosixPath('/home/xircon/dmnts/twotb/Downloads/Completed/720p/s01/The_Mentalist_S01E04_x265_720p_BluRay_30NAMA.mkv') target=PosixPath('/home/xircon/dmnts/twotb/Downloads/Completed/zz-TV/720p/s01/The_Mentalist_S01E04_x265_720p_BluRay_30NAMA.mkv')
2026-07-06T13:43:34.272 thread=140369358833344 event=copy.file.done operation='copy' source=PosixPath('/home/xircon/dmnts/twotb/Downloads/Completed/720p/s01/The_Mentalist_S01E04_x265_720p_BluRay_30NAMA.mkv') target=PosixPath('/home/xircon/dmnts/twotb/Downloads/Completed/zz-TV/720p/s01/The_Mentalist_S01E04_x265_720p_BluRay_30NAMA.mkv') bytes=275889864 elapsed_seconds=0.549
2026-07-06T13:43:34.273 thread=140369358833344 event=copy.file.start operation='copy' source=PosixPath('/home/xircon/dmnts/twotb/Downloads/Completed/720p/s01/The_Mentalist_S01E08_x265_720p_BluRay_30NAMA.mkv') target=PosixPath('/home/xircon/dmnts/twotb/Downloads/Completed/zz-TV/720p/s01/The_Mentalist_S01E08_x265_720p_BluRay_30NAMA.mkv')
2026-07-06T13:43:34.806 thread=140369358833344 event=copy.file.done operation='copy' source=PosixPath('/home/xircon/dmnts/twotb/Downloads/Completed/720p/s01/The_Mentalist_S01E08_x265_720p_BluRay_30NAMA.mkv') target=PosixPath('/home/xircon/dmnts/twotb/Downloads/Completed/zz-TV/720p/s01/The_Mentalist_S01E08_x265_720p_BluRay_30NAMA.mkv') bytes=268079805 elapsed_seconds=0.533
2026-07-06T13:43:34.807 thread=140369358833344 event=copy.file.start operation='copy' source=PosixPath('/home/xircon/dmnts/twotb/Downloads/Completed/720p/s01/The_Mentalist_S01E16_x265_720p_BluRay_30NAMA.mkv') target=PosixPath('/home/xircon/dmnts/twotb/Downloads/Completed/zz-TV/720p/s01/The_Mentalist_S01E16_x265_720p_BluRay_30NAMA.mkv')
2026-07-06T13:43:35.363 thread=140369358833344 event=copy.file.done operation='copy' source=PosixPath('/home/xircon/dmnts/twotb/Downloads/Completed/720p/s01/The_Mentalist_S01E16_x265_720p_BluRay_30NAMA.mkv') target=PosixPath('/home/xircon/dmnts/twotb/Downloads/Completed/zz-TV/720p/s01/The_Mentalist_S01E16_x265_720p_BluRay_30NAMA.mkv') bytes=279713323 elapsed_seconds=0.557
2026-07-06T13:43:35.364 thread=140369358833344 event=copy.file.start operation='copy' source=PosixPath('/home/xircon/dmnts/twotb/Downloads/Completed/720p/s01/The_Mentalist_S01E13_x265_720p_BluRay_30NAMA.mkv') target=PosixPath('/home/xircon/dmnts/twotb/Downloads/Completed/zz-TV/720p/s01/The_Mentalist_S01E13_x265_720p_BluRay_30NAMA.mkv')
2026-07-06T13:43:35.902 thread=140369358833344 event=copy.file.done operation='copy' source=PosixPath('/home/xircon/dmnts/twotb/Downloads/Completed/720p/s01/The_Mentalist_S01E13_x265_720p_BluRay_30NAMA.mkv') target=PosixPath('/home/xircon/dmnts/twotb/Downloads/Completed/zz-TV/720p/s01/The_Mentalist_S01E13_x265_720p_BluRay_30NAMA.mkv') bytes=271781823 elapsed_seconds=0.539
2026-07-06T13:43:35.903 thread=140369358833344 event=copy.file.start operation='copy' source=PosixPath('/home/xircon/dmnts/twotb/Downloads/Completed/720p/s06/The_Mentalist_S06E07_x265_720p_WEB-DL_30NAMA.mkv') target=PosixPath('/home/xircon/dmnts/twotb/Downloads/Completed/zz-TV/720p/s06/The_Mentalist_S06E07_x265_720p_WEB-DL_30NAMA.mkv')
2026-07-06T13:43:36.411 thread=140369358833344 event=copy.file.done operation='copy' source=PosixPath('/home/xircon/dmnts/twotb/Downloads/Completed/720p/s06/The_Mentalist_S06E07_x265_720p_WEB-DL_30NAMA.mkv') target=PosixPath('/home/xircon/dmnts/twotb/Downloads/Completed/zz-TV/720p/s06/The_Mentalist_S06E07_x265_720p_WEB-DL_30NAMA.mkv') bytes=259507046 elapsed_seconds=0.508
2026-07-06T13:43:36.411 thread=140369358833344 event=copy.file.start operation='copy' source=PosixPath('/home/xircon/dmnts/twotb/Downloads/Completed/720p/s06/The_Mentalist_S06E12_x265_720p_WEB-DL_30NAMA.mkv') target=PosixPath('/home/xircon/dmnts/twotb/Downloads/Completed/zz-TV/720p/s06/The_Mentalist_S06E12_x265_720p_WEB-DL_30NAMA.mkv')
2026-07-06T13:43:36.939 thread=140369358833344 event=copy.file.done operation='copy' source=PosixPath('/home/xircon/dmnts/twotb/Downloads/Completed/720p/s06/The_Mentalist_S06E12_x265_720p_WEB-DL_30NAMA.mkv') target=PosixPath('/home/xircon/dmnts/twotb/Downloads/Completed/zz-TV/720p/s06/The_Mentalist_S06E12_x265_720p_WEB-DL_30NAMA.mkv') bytes=261137320 elapsed_seconds=0.528
2026-07-06T13:43:36.939 thread=140369358833344 event=copy.file.start operation='copy' source=PosixPath('/home/xircon/dmnts/twotb/Downloads/Completed/720p/s06/The_Mentalist_S06E05_x265_720p_WEB-DL_30NAMA.mkv') target=PosixPath('/home/xircon/dmnts/twotb/Downloads/Completed/zz-TV/720p/s06/The_Mentalist_S06E05_x265_720p_WEB-DL_30NAMA.mkv')
2026-07-06T13:43:37.452 thread=140369358833344 event=copy.file.done operation='copy' source=PosixPath('/home/xircon/dmnts/twotb/Downloads/Completed/720p/s06/The_Mentalist_S06E05_x265_720p_WEB-DL_30NAMA.mkv') target=PosixPath('/home/xircon/dmnts/twotb/Downloads/Completed/zz-TV/720p/s06/The_Mentalist_S06E05_x265_720p_WEB-DL_30NAMA.mkv') bytes=263166715 elapsed_seconds=0.512
2026-07-06T13:43:37.452 thread=140369358833344 event=copy.file.start operation='copy' source=PosixPath('/home/xircon/dmnts/twotb/Downloads/Completed/720p/s06/The_Mentalist_S06E21_x265_720p_WEB-DL_30NAMA.mkv') target=PosixPath('/home/xircon/dmnts/twotb/Downloads/Completed/zz-TV/720p/s06/The_Mentalist_S06E21_x265_720p_WEB-DL_30NAMA.mkv')
2026-07-06T13:43:37.981 thread=140369358833344 event=copy.file.done operation='copy' source=PosixPath('/home/xircon/dmnts/twotb/Downloads/Completed/720p/s06/The_Mentalist_S06E21_x265_720p_WEB-DL_30NAMA.mkv') target=PosixPath('/home/xircon/dmnts/twotb/Downloads/Completed/zz-TV/720p/s06/The_Mentalist_S06E21_x265_720p_WEB-DL_30NAMA.mkv') bytes=264956199 elapsed_seconds=0.529
2026-07-06T13:43:37.981 thread=140369358833344 event=copy.file.start operation='copy' source=PosixPath('/home/xircon/dmnts/twotb/Downloads/Completed/720p/s06/The_Mentalist_S06E04_x265_720p_WEB-DL_30NAMA.mkv') target=PosixPath('/home/xircon/dmnts/twotb/Downloads/Completed/zz-TV/720p/s06/The_Mentalist_S06E04_x265_720p_WEB-DL_30NAMA.mkv')
2026-07-06T13:43:38.516 thread=140369358833344 event=copy.file.done operation='copy' source=PosixPath('/home/xircon/dmnts/twotb/Downloads/Completed/720p/s06/The_Mentalist_S06E04_x265_720p_WEB-DL_30NAMA.mkv') target=PosixPath('/home/xircon/dmnts/twotb/Downloads/Completed/zz-TV/720p/s06/The_Mentalist_S06E04_x265_720p_WEB-DL_30NAMA.mkv') bytes=273040396 elapsed_seconds=0.535
2026-07-06T13:43:38.516 thread=140369358833344 event=copy.file.start operation='copy' source=PosixPath('/home/xircon/dmnts/twotb/Downloads/Completed/720p/s06/The_Mentalist_S06E14_x265_720p_WEB-DL_30NAMA.mkv') target=PosixPath('/home/xircon/dmnts/twotb/Downloads/Completed/zz-TV/720p/s06/The_Mentalist_S06E14_x265_720p_WEB-DL_30NAMA.mkv')
2026-07-06T13:43:39.050 thread=140369358833344 event=copy.file.done operation='copy' source=PosixPath('/home/xircon/dmnts/twotb/Downloads/Completed/720p/s06/The_Mentalist_S06E14_x265_720p_WEB-DL_30NAMA.mkv') target=PosixPath('/home/xircon/dmnts/twotb/Downloads/Completed/zz-TV/720p/s06/The_Mentalist_S06E14_x265_720p_WEB-DL_30NAMA.mkv') bytes=270034187 elapsed_seconds=0.534
2026-07-06T13:43:39.050 thread=140369358833344 event=copy.file.start operation='copy' source=PosixPath('/home/xircon/dmnts/twotb/Downloads/Completed/720p/s06/The_Mentalist_S06E10_x265_720p_WEB-DL_30NAMA.mkv') target=PosixPath('/home/xircon/dmnts/twotb/Downloads/Completed/zz-TV/720p/s06/The_Mentalist_S06E10_x265_720p_WEB-DL_30NAMA.mkv')
2026-07-06T13:43:39.598 thread=140369358833344 event=copy.file.done operation='copy' source=PosixPath('/home/xircon/dmnts/twotb/Downloads/Completed/720p/s06/The_Mentalist_S06E10_x265_720p_WEB-DL_30NAMA.mkv') target=PosixPath('/home/xircon/dmnts/twotb/Downloads/Completed/zz-TV/720p/s06/The_Mentalist_S06E10_x265_720p_WEB-DL_30NAMA.mkv') bytes=273163118 elapsed_seconds=0.547
2026-07-06T13:43:39.598 thread=140369358833344 event=copy.file.start operation='copy' source=PosixPath('/home/xircon/dmnts/twotb/Downloads/Completed/720p/s06/The_Mentalist_S06E16_x265_720p_WEB-DL_30NAMA.mkv') target=PosixPath('/home/xircon/dmnts/twotb/Downloads/Completed/zz-TV/720p/s06/The_Mentalist_S06E16_x265_720p_WEB-DL_30NAMA.mkv')
2026-07-06T13:43:40.109 thread=140369358833344 event=copy.file.done operation='copy' source=PosixPath('/home/xircon/dmnts/twotb/Downloads/Completed/720p/s06/The_Mentalist_S06E16_x265_720p_WEB-DL_30NAMA.mkv') target=PosixPath('/home/xircon/dmnts/twotb/Downloads/Completed/zz-TV/720p/s06/The_Mentalist_S06E16_x265_720p_WEB-DL_30NAMA.mkv') bytes=260824904 elapsed_seconds=0.511
2026-07-06T13:43:40.109 thread=140369358833344 event=copy.file.start operation='copy' source=PosixPath('/home/xircon/dmnts/twotb/Downloads/Completed/720p/s06/The_Mentalist_S06E06_x265_720p_WEB-DL_30NAMA.mkv') target=PosixPath('/home/xircon/dmnts/twotb/Downloads/Completed/zz-TV/720p/s06/The_Mentalist_S06E06_x265_720p_WEB-DL_30NAMA.mkv')
2026-07-06T13:43:40.643 thread=140369358833344 event=copy.file.done operation='copy' source=PosixPath('/home/xircon/dmnts/twotb/Downloads/Completed/720p/s06/The_Mentalist_S06E06_x265_720p_WEB-DL_30NAMA.mkv') target=PosixPath('/home/xircon/dmnts/twotb/Downloads/Completed/zz-TV/720p/s06/The_Mentalist_S06E06_x265_720p_WEB-DL_30NAMA.mkv') bytes=273686262 elapsed_seconds=0.534
2026-07-06T13:43:40.643 thread=140369358833344 event=copy.file.start operation='copy' source=PosixPath('/home/xircon/dmnts/twotb/Downloads/Completed/720p/s06/The_Mentalist_S06E22_x265_720p_WEB-DL_30NAMA.mkv') target=PosixPath('/home/xircon/dmnts/twotb/Downloads/Completed/zz-TV/720p/s06/The_Mentalist_S06E22_x265_720p_WEB-DL_30NAMA.mkv')
2026-07-06T13:43:41.172 thread=140369358833344 event=copy.file.done operation='copy' source=PosixPath('/home/xircon/dmnts/twotb/Downloads/Completed/720p/s06/The_Mentalist_S06E22_x265_720p_WEB-DL_30NAMA.mkv') target=PosixPath('/home/xircon/dmnts/twotb/Downloads/Completed/zz-TV/720p/s06/The_Mentalist_S06E22_x265_720p_WEB-DL_30NAMA.mkv') bytes=272213418 elapsed_seconds=0.529
2026-07-06T13:43:41.172 thread=140369358833344 event=copy.file.start operation='copy' source=PosixPath('/home/xircon/dmnts/twotb/Downloads/Completed/720p/s06/The_Mentalist_S06E17_x265_720p_WEB-DL_30NAMA.mkv') target=PosixPath('/home/xircon/dmnts/twotb/Downloads/Completed/zz-TV/720p/s06/The_Mentalist_S06E17_x265_720p_WEB-DL_30NAMA.mkv')
2026-07-06T13:43:41.718 thread=140369358833344 event=copy.file.done operation='copy' source=PosixPath('/home/xircon/dmnts/twotb/Downloads/Completed/720p/s06/The_Mentalist_S06E17_x265_720p_WEB-DL_30NAMA.mkv') target=PosixPath('/home/xircon/dmnts/twotb/Downloads/Completed/zz-TV/720p/s06/The_Mentalist_S06E17_x265_720p_WEB-DL_30NAMA.mkv') bytes=268762332 elapsed_seconds=0.546
2026-07-06T13:43:41.718 thread=140369358833344 event=copy.file.start operation='copy' source=PosixPath('/home/xircon/dmnts/twotb/Downloads/Completed/720p/s06/The_Mentalist_S06E01_x265_720p_WEB-DL_30NAMA.mkv') target=PosixPath('/home/xircon/dmnts/twotb/Downloads/Completed/zz-TV/720p/s06/The_Mentalist_S06E01_x265_720p_WEB-DL_30NAMA.mkv')
2026-07-06T13:43:42.228 thread=140369358833344 event=copy.file.done operation='copy' source=PosixPath('/home/xircon/dmnts/twotb/Downloads/Completed/720p/s06/The_Mentalist_S06E01_x265_720p_WEB-DL_30NAMA.mkv') target=PosixPath('/home/xircon/dmnts/twotb/Downloads/Completed/zz-TV/720p/s06/The_Mentalist_S06E01_x265_720p_WEB-DL_30NAMA.mkv') bytes=264378583 elapsed_seconds=0.509
2026-07-06T13:43:42.228 thread=140369358833344 event=copy.file.start operation='copy' source=PosixPath('/home/xircon/dmnts/twotb/Downloads/Completed/720p/s06/The_Mentalist_S06E20_x265_720p_WEB-DL_30NAMA.mkv') target=PosixPath('/home/xircon/dmnts/twotb/Downloads/Completed/zz-TV/720p/s06/The_Mentalist_S06E20_x265_720p_WEB-DL_30NAMA.mkv')
2026-07-06T13:43:42.748 thread=140369358833344 event=copy.file.done operation='copy' source=PosixPath('/home/xircon/dmnts/twotb/Downloads/Completed/720p/s06/The_Mentalist_S06E20_x265_720p_WEB-DL_30NAMA.mkv') target=PosixPath('/home/xircon/dmnts/twotb/Downloads/Completed/zz-TV/720p/s06/The_Mentalist_S06E20_x265_720p_WEB-DL_30NAMA.mkv') bytes=263623214 elapsed_seconds=0.52
2026-07-06T13:43:42.748 thread=140369358833344 event=copy.file.start operation='copy' source=PosixPath('/home/xircon/dmnts/twotb/Downloads/Completed/720p/s06/The_Mentalist_S06E03_x265_720p_WEB-DL_30NAMA.mkv') target=PosixPath('/home/xircon/dmnts/twotb/Downloads/Completed/zz-TV/720p/s06/The_Mentalist_S06E03_x265_720p_WEB-DL_30NAMA.mkv')
2026-07-06T13:43:43.265 thread=140369358833344 event=copy.file.done operation='copy' source=PosixPath('/home/xircon/dmnts/twotb/Downloads/Completed/720p/s06/The_Mentalist_S06E03_x265_720p_WEB-DL_30NAMA.mkv') target=PosixPath('/home/xircon/dmnts/twotb/Downloads/Completed/zz-TV/720p/s06/The_Mentalist_S06E03_x265_720p_WEB-DL_30NAMA.mkv') bytes=266385128 elapsed_seconds=0.517
2026-07-06T13:43:43.265 thread=140369358833344 event=copy.file.start operation='copy' source=PosixPath('/home/xircon/dmnts/twotb/Downloads/Completed/720p/s06/The_Mentalist_S06E19_x265_720p_WEB-DL_30NAMA.mkv') target=PosixPath('/home/xircon/dmnts/twotb/Downloads/Completed/zz-TV/720p/s06/The_Mentalist_S06E19_x265_720p_WEB-DL_30NAMA.mkv')
2026-07-06T13:43:43.799 thread=140369358833344 event=copy.file.done operation='copy' source=PosixPath('/home/xircon/dmnts/twotb/Downloads/Completed/720p/s06/The_Mentalist_S06E19_x265_720p_WEB-DL_30NAMA.mkv') target=PosixPath('/home/xircon/dmnts/twotb/Downloads/Completed/zz-TV/720p/s06/The_Mentalist_S06E19_x265_720p_WEB-DL_30NAMA.mkv') bytes=272916408 elapsed_seconds=0.533
2026-07-06T13:43:43.801 thread=140369358833344 event=copy.file.start operation='copy' source=PosixPath('/home/xircon/dmnts/twotb/Downloads/Completed/720p/s06/The_Mentalist_S06E02_x265_720p_WEB-DL_30NAMA.mkv') target=PosixPath('/home/xircon/dmnts/twotb/Downloads/Completed/zz-TV/720p/s06/The_Mentalist_S06E02_x265_720p_WEB-DL_30NAMA.mkv')
2026-07-06T13:43:44.328 thread=140369358833344 event=copy.file.done operation='copy' source=PosixPath('/home/xircon/dmnts/twotb/Downloads/Completed/720p/s06/The_Mentalist_S06E02_x265_720p_WEB-DL_30NAMA.mkv') target=PosixPath('/home/xircon/dmnts/twotb/Downloads/Completed/zz-TV/720p/s06/The_Mentalist_S06E02_x265_720p_WEB-DL_30NAMA.mkv') bytes=264315743 elapsed_seconds=0.527
2026-07-06T13:43:44.328 thread=140369358833344 event=copy.file.start operation='copy' source=PosixPath('/home/xircon/dmnts/twotb/Downloads/Completed/720p/s06/The_Mentalist_S06E15_x265_720p_WEB-DL_30NAMA.mkv') target=PosixPath('/home/xircon/dmnts/twotb/Downloads/Completed/zz-TV/720p/s06/The_Mentalist_S06E15_x265_720p_WEB-DL_30NAMA.mkv')
2026-07-06T13:43:44.857 thread=140369358833344 event=copy.file.done operation='copy' source=PosixPath('/home/xircon/dmnts/twotb/Downloads/Completed/720p/s06/The_Mentalist_S06E15_x265_720p_WEB-DL_30NAMA.mkv') target=PosixPath('/home/xircon/dmnts/twotb/Downloads/Completed/zz-TV/720p/s06/The_Mentalist_S06E15_x265_720p_WEB-DL_30NAMA.mkv') bytes=274126741 elapsed_seconds=0.53
2026-07-06T13:43:44.858 thread=140369358833344 event=copy.file.start operation='copy' source=PosixPath('/home/xircon/dmnts/twotb/Downloads/Completed/720p/s06/The_Mentalist_S06E11_x265_720p_WEB-DL_30NAMA.mkv') target=PosixPath('/home/xircon/dmnts/twotb/Downloads/Completed/zz-TV/720p/s06/The_Mentalist_S06E11_x265_720p_WEB-DL_30NAMA.mkv')
2026-07-06T13:43:45.390 thread=140369358833344 event=copy.file.done operation='copy' source=PosixPath('/home/xircon/dmnts/twotb/Downloads/Completed/720p/s06/The_Mentalist_S06E11_x265_720p_WEB-DL_30NAMA.mkv') target=PosixPath('/home/xircon/dmnts/twotb/Downloads/Completed/zz-TV/720p/s06/The_Mentalist_S06E11_x265_720p_WEB-DL_30NAMA.mkv') bytes=272470348 elapsed_seconds=0.533
2026-07-06T13:43:45.391 thread=140369358833344 event=copy.file.start operation='copy' source=PosixPath('/home/xircon/dmnts/twotb/Downloads/Completed/720p/s06/The_Mentalist_S06E18_x265_720p_WEB-DL_30NAMA.mkv') target=PosixPath('/home/xircon/dmnts/twotb/Downloads/Completed/zz-TV/720p/s06/The_Mentalist_S06E18_x265_720p_WEB-DL_30NAMA.mkv')
2026-07-06T13:43:45.928 thread=140369358833344 event=copy.file.done operation='copy' source=PosixPath('/home/xircon/dmnts/twotb/Downloads/Completed/720p/s06/The_Mentalist_S06E18_x265_720p_WEB-DL_30NAMA.mkv') target=PosixPath('/home/xircon/dmnts/twotb/Downloads/Completed/zz-TV/720p/s06/The_Mentalist_S06E18_x265_720p_WEB-DL_30NAMA.mkv') bytes=272579835 elapsed_seconds=0.538
2026-07-06T13:43:45.929 thread=140369358833344 event=copy.file.start operation='copy' source=PosixPath('/home/xircon/dmnts/twotb/Downloads/Completed/720p/s06/The_Mentalist_S06E08_x265_720p_WEB-DL_30NAMA.mkv') target=PosixPath('/home/xircon/dmnts/twotb/Downloads/Completed/zz-TV/720p/s06/The_Mentalist_S06E08_x265_720p_WEB-DL_30NAMA.mkv')
2026-07-06T13:43:46.474 thread=140369358833344 event=copy.file.done operation='copy' source=PosixPath('/home/xircon/dmnts/twotb/Downloads/Completed/720p/s06/The_Mentalist_S06E08_x265_720p_WEB-DL_30NAMA.mkv') target=PosixPath('/home/xircon/dmnts/twotb/Downloads/Completed/zz-TV/720p/s06/The_Mentalist_S06E08_x265_720p_WEB-DL_30NAMA.mkv') bytes=274196837 elapsed_seconds=0.545
2026-07-06T13:43:46.474 thread=140369358833344 event=copy.file.start operation='copy' source=PosixPath('/home/xircon/dmnts/twotb/Downloads/Completed/720p/s06/The_Mentalist_S06E09_x265_720p_WEB-DL_30NAMA.mkv') target=PosixPath('/home/xircon/dmnts/twotb/Downloads/Completed/zz-TV/720p/s06/The_Mentalist_S06E09_x265_720p_WEB-DL_30NAMA.mkv')
2026-07-06T13:43:47.004 thread=140369358833344 event=copy.file.done operation='copy' source=PosixPath('/home/xircon/dmnts/twotb/Downloads/Completed/720p/s06/The_Mentalist_S06E09_x265_720p_WEB-DL_30NAMA.mkv') target=PosixPath('/home/xircon/dmnts/twotb/Downloads/Completed/zz-TV/720p/s06/The_Mentalist_S06E09_x265_720p_WEB-DL_30NAMA.mkv') bytes=273183453 elapsed_seconds=0.53
2026-07-06T13:43:47.004 thread=140369358833344 event=copy.file.start operation='copy' source=PosixPath('/home/xircon/dmnts/twotb/Downloads/Completed/720p/s06/The_Mentalist_S06E13_x265_720p_WEB-DL_30NAMA.mkv') target=PosixPath('/home/xircon/dmnts/twotb/Downloads/Completed/zz-TV/720p/s06/The_Mentalist_S06E13_x265_720p_WEB-DL_30NAMA.mkv')
2026-07-06T13:43:47.544 thread=140369358833344 event=copy.file.done operation='copy' source=PosixPath('/home/xircon/dmnts/twotb/Downloads/Completed/720p/s06/The_Mentalist_S06E13_x265_720p_WEB-DL_30NAMA.mkv') target=PosixPath('/home/xircon/dmnts/twotb/Downloads/Completed/zz-TV/720p/s06/The_Mentalist_S06E13_x265_720p_WEB-DL_30NAMA.mkv') bytes=272421018 elapsed_seconds=0.54
2026-07-06T13:43:47.549 thread=140369358833344 event=copy.file.start operation='copy' source=PosixPath('/home/xircon/dmnts/twotb/Downloads/Completed/720p/s03/The_Mentalist_S03E15_x265_720p_WEB-DL_30NAMA.mkv') target=PosixPath('/home/xircon/dmnts/twotb/Downloads/Completed/zz-TV/720p/s03/The_Mentalist_S03E15_x265_720p_WEB-DL_30NAMA.mkv')
2026-07-06T13:43:48.075 thread=140369358833344 event=copy.file.done operation='copy' source=PosixPath('/home/xircon/dmnts/twotb/Downloads/Completed/720p/s03/The_Mentalist_S03E15_x265_720p_WEB-DL_30NAMA.mkv') target=PosixPath('/home/xircon/dmnts/twotb/Downloads/Completed/zz-TV/720p/s03/The_Mentalist_S03E15_x265_720p_WEB-DL_30NAMA.mkv') bytes=269541270 elapsed_seconds=0.526
2026-07-06T13:43:48.075 thread=140369358833344 event=copy.file.start operation='copy' source=PosixPath('/home/xircon/dmnts/twotb/Downloads/Completed/720p/s03/The_Mentalist_S03E19_x265_720p_WEB-DL_30NAMA.mkv') target=PosixPath('/home/xircon/dmnts/twotb/Downloads/Completed/zz-TV/720p/s03/The_Mentalist_S03E19_x265_720p_WEB-DL_30NAMA.mkv')
2026-07-06T13:43:48.605 thread=140369358833344 event=copy.file.done operation='copy' source=PosixPath('/home/xircon/dmnts/twotb/Downloads/Completed/720p/s03/The_Mentalist_S03E19_x265_720p_WEB-DL_30NAMA.mkv') target=PosixPath('/home/xircon/dmnts/twotb/Downloads/Completed/zz-TV/720p/s03/The_Mentalist_S03E19_x265_720p_WEB-DL_30NAMA.mkv') bytes=272354118 elapsed_seconds=0.53
2026-07-06T13:43:48.606 thread=140369358833344 event=copy.file.start operation='copy' source=PosixPath('/home/xircon/dmnts/twotb/Downloads/Completed/720p/s03/The_Mentalist_S03E21_x265_720p_WEB-DL_30NAMA.mkv') target=PosixPath('/home/xircon/dmnts/twotb/Downloads/Completed/zz-TV/720p/s03/The_Mentalist_S03E21_x265_720p_WEB-DL_30NAMA.mkv')
2026-07-06T13:43:49.155 thread=140369358833344 event=copy.file.done operation='copy' source=PosixPath('/home/xircon/dmnts/twotb/Downloads/Completed/720p/s03/The_Mentalist_S03E21_x265_720p_WEB-DL_30NAMA.mkv') target=PosixPath('/home/xircon/dmnts/twotb/Downloads/Completed/zz-TV/720p/s03/The_Mentalist_S03E21_x265_720p_WEB-DL_30NAMA.mkv') bytes=272288206 elapsed_seconds=0.549
2026-07-06T13:43:49.155 thread=140369358833344 event=copy.file.start operation='copy' source=PosixPath('/home/xircon/dmnts/twotb/Downloads/Completed/720p/s03/The_Mentalist_S03E13_x265_720p_WEB-DL_30NAMA.mkv') target=PosixPath('/home/xircon/dmnts/twotb/Downloads/Completed/zz-TV/720p/s03/The_Mentalist_S03E13_x265_720p_WEB-DL_30NAMA.mkv')
2026-07-06T13:43:49.688 thread=140369358833344 event=copy.file.done operation='copy' source=PosixPath('/home/xircon/dmnts/twotb/Downloads/Completed/720p/s03/The_Mentalist_S03E13_x265_720p_WEB-DL_30NAMA.mkv') target=PosixPath('/home/xircon/dmnts/twotb/Downloads/Completed/zz-TV/720p/s03/The_Mentalist_S03E13_x265_720p_WEB-DL_30NAMA.mkv') bytes=270017594 elapsed_seconds=0.533
2026-07-06T13:43:49.689 thread=140369358833344 event=copy.file.start operation='copy' source=PosixPath('/home/xircon/dmnts/twotb/Downloads/Completed/720p/s03/The_Mentalist_S03E04_x265_720p_WEB-DL_30NAMA.mkv') target=PosixPath('/home/xircon/dmnts/twotb/Downloads/Completed/zz-TV/720p/s03/The_Mentalist_S03E04_x265_720p_WEB-DL_30NAMA.mkv')
2026-07-06T13:43:50.227 thread=140369358833344 event=copy.file.done operation='copy' source=PosixPath('/home/xircon/dmnts/twotb/Downloads/Completed/720p/s03/The_Mentalist_S03E04_x265_720p_WEB-DL_30NAMA.mkv') target=PosixPath('/home/xircon/dmnts/twotb/Downloads/Completed/zz-TV/720p/s03/The_Mentalist_S03E04_x265_720p_WEB-DL_30NAMA.mkv') bytes=272273227 elapsed_seconds=0.538
2026-07-06T13:43:50.227 thread=140369358833344 event=copy.file.start operation='copy' source=PosixPath('/home/xircon/dmnts/twotb/Downloads/Completed/720p/s03/The_Mentalist_S03E02_x265_720p_WEB-DL_30NAMA.mkv') target=PosixPath('/home/xircon/dmnts/twotb/Downloads/Completed/zz-TV/720p/s03/The_Mentalist_S03E02_x265_720p_WEB-DL_30NAMA.mkv')
2026-07-06T13:43:50.785 thread=140369358833344 event=copy.file.done operation='copy' source=PosixPath('/home/xircon/dmnts/twotb/Downloads/Completed/720p/s03/The_Mentalist_S03E02_x265_720p_WEB-DL_30NAMA.mkv') target=PosixPath('/home/xircon/dmnts/twotb/Downloads/Completed/zz-TV/720p/s03/The_Mentalist_S03E02_x265_720p_WEB-DL_30NAMA.mkv') bytes=272391594 elapsed_seconds=0.558
2026-07-06T13:43:50.785 thread=140369358833344 event=copy.file.start operation='copy' source=PosixPath('/home/xircon/dmnts/twotb/Downloads/Completed/720p/s03/The_Mentalist_S03E08_x265_720p_WEB-DL_30NAMA.mkv') target=PosixPath('/home/xircon/dmnts/twotb/Downloads/Completed/zz-TV/720p/s03/The_Mentalist_S03E08_x265_720p_WEB-DL_30NAMA.mkv')
2026-07-06T13:43:51.322 thread=140369358833344 event=copy.file.done operation='copy' source=PosixPath('/home/xircon/dmnts/twotb/Downloads/Completed/720p/s03/The_Mentalist_S03E08_x265_720p_WEB-DL_30NAMA.mkv') target=PosixPath('/home/xircon/dmnts/twotb/Downloads/Completed/zz-TV/720p/s03/The_Mentalist_S03E08_x265_720p_WEB-DL_30NAMA.mkv') bytes=266705790 elapsed_seconds=0.537
2026-07-06T13:43:51.322 thread=140369358833344 event=copy.file.start operation='copy' source=PosixPath('/home/xircon/dmnts/twotb/Downloads/Completed/720p/s03/The_Mentalist_S03E11_x265_720p_WEB-DL_30NAMA.mkv') target=PosixPath('/home/xircon/dmnts/twotb/Downloads/Completed/zz-TV/720p/s03/The_Mentalist_S03E11_x265_720p_WEB-DL_30NAMA.mkv')
2026-07-06T13:43:51.844 thread=140369358833344 event=copy.file.done operation='copy' source=PosixPath('/home/xircon/dmnts/twotb/Downloads/Completed/720p/s03/The_Mentalist_S03E11_x265_720p_WEB-DL_30NAMA.mkv') target=PosixPath('/home/xircon/dmnts/twotb/Downloads/Completed/zz-TV/720p/s03/The_Mentalist_S03E11_x265_720p_WEB-DL_30NAMA.mkv') bytes=272287978 elapsed_seconds=0.522
2026-07-06T13:43:51.845 thread=140369358833344 event=copy.file.start operation='copy' source=PosixPath('/home/xircon/dmnts/twotb/Downloads/Completed/720p/s03/The_Mentalist_S03E09_x265_720p_WEB-DL_30NAMA.mkv') target=PosixPath('/home/xircon/dmnts/twotb/Downloads/Completed/zz-TV/720p/s03/The_Mentalist_S03E09_x265_720p_WEB-DL_30NAMA.mkv')
2026-07-06T13:43:52.379 thread=140369358833344 event=copy.file.done operation='copy' source=PosixPath('/home/xircon/dmnts/twotb/Downloads/Completed/720p/s03/The_Mentalist_S03E09_x265_720p_WEB-DL_30NAMA.mkv') target=PosixPath('/home/xircon/dmnts/twotb/Downloads/Completed/zz-TV/720p/s03/The_Mentalist_S03E09_x265_720p_WEB-DL_30NAMA.mkv') bytes=271563274 elapsed_seconds=0.535
2026-07-06T13:43:52.380 thread=140369358833344 event=copy.file.start operation='copy' source=PosixPath('/home/xircon/dmnts/twotb/Downloads/Completed/720p/s03/The_Mentalist_S03E20_x265_720p_WEB-DL_30NAMA.mkv') target=PosixPath('/home/xircon/dmnts/twotb/Downloads/Completed/zz-TV/720p/s03/The_Mentalist_S03E20_x265_720p_WEB-DL_30NAMA.mkv')
2026-07-06T13:43:52.902 thread=140369358833344 event=copy.file.done operation='copy' source=PosixPath('/home/xircon/dmnts/twotb/Downloads/Completed/720p/s03/The_Mentalist_S03E20_x265_720p_WEB-DL_30NAMA.mkv') target=PosixPath('/home/xircon/dmnts/twotb/Downloads/Completed/zz-TV/720p/s03/The_Mentalist_S03E20_x265_720p_WEB-DL_30NAMA.mkv') bytes=268893857 elapsed_seconds=0.522
2026-07-06T13:43:52.903 thread=140369358833344 event=copy.file.start operation='copy' source=PosixPath('/home/xircon/dmnts/twotb/Downloads/Completed/720p/s03/The_Mentalist_S03E17_x265_720p_WEB-DL_30NAMA.mkv') target=PosixPath('/home/xircon/dmnts/twotb/Downloads/Completed/zz-TV/720p/s03/The_Mentalist_S03E17_x265_720p_WEB-DL_30NAMA.mkv')
2026-07-06T13:43:53.442 thread=140369358833344 event=copy.file.done operation='copy' source=PosixPath('/home/xircon/dmnts/twotb/Downloads/Completed/720p/s03/The_Mentalist_S03E17_x265_720p_WEB-DL_30NAMA.mkv') target=PosixPath('/home/xircon/dmnts/twotb/Downloads/Completed/zz-TV/720p/s03/The_Mentalist_S03E17_x265_720p_WEB-DL_30NAMA.mkv') bytes=268599823 elapsed_seconds=0.539
2026-07-06T13:43:53.442 thread=140369358833344 event=copy.file.start operation='copy' source=PosixPath('/home/xircon/dmnts/twotb/Downloads/Completed/720p/s03/The_Mentalist_S03E22_x265_720p_WEB-DL_30NAMA.mkv') target=PosixPath('/home/xircon/dmnts/twotb/Downloads/Completed/zz-TV/720p/s03/The_Mentalist_S03E22_x265_720p_WEB-DL_30NAMA.mkv')
2026-07-06T13:43:53.971 thread=140369358833344 event=copy.file.done operation='copy' source=PosixPath('/home/xircon/dmnts/twotb/Downloads/Completed/720p/s03/The_Mentalist_S03E22_x265_720p_WEB-DL_30NAMA.mkv') target=PosixPath('/home/xircon/dmnts/twotb/Downloads/Completed/zz-TV/720p/s03/The_Mentalist_S03E22_x265_720p_WEB-DL_30NAMA.mkv') bytes=272609661 elapsed_seconds=0.529
2026-07-06T13:43:53.971 thread=140369358833344 event=copy.file.start operation='copy' source=PosixPath('/home/xircon/dmnts/twotb/Downloads/Completed/720p/s03/The_Mentalist_S03E07_x265_720p_WEB-DL_30NAMA.mkv') target=PosixPath('/home/xircon/dmnts/twotb/Downloads/Completed/zz-TV/720p/s03/The_Mentalist_S03E07_x265_720p_WEB-DL_30NAMA.mkv')
2026-07-06T13:43:54.494 thread=140369358833344 event=copy.file.done operation='copy' source=PosixPath('/home/xircon/dmnts/twotb/Downloads/Completed/720p/s03/The_Mentalist_S03E07_x265_720p_WEB-DL_30NAMA.mkv') target=PosixPath('/home/xircon/dmnts/twotb/Downloads/Completed/zz-TV/720p/s03/The_Mentalist_S03E07_x265_720p_WEB-DL_30NAMA.mkv') bytes=261802300 elapsed_seconds=0.523
2026-07-06T13:43:54.494 thread=140369358833344 event=copy.file.start operation='copy' source=PosixPath('/home/xircon/dmnts/twotb/Downloads/Completed/720p/s03/The_Mentalist_S03E01_x265_720p_WEB-DL_30NAMA.mkv') target=PosixPath('/home/xircon/dmnts/twotb/Downloads/Completed/zz-TV/720p/s03/The_Mentalist_S03E01_x265_720p_WEB-DL_30NAMA.mkv')
2026-07-06T13:43:55.048 thread=140369358833344 event=copy.file.done operation='copy' source=PosixPath('/home/xircon/dmnts/twotb/Downloads/Completed/720p/s03/The_Mentalist_S03E01_x265_720p_WEB-DL_30NAMA.mkv') target=PosixPath('/home/xircon/dmnts/twotb/Downloads/Completed/zz-TV/720p/s03/The_Mentalist_S03E01_x265_720p_WEB-DL_30NAMA.mkv') bytes=272656061 elapsed_seconds=0.553
2026-07-06T13:43:55.048 thread=140369358833344 event=copy.file.start operation='copy' source=PosixPath('/home/xircon/dmnts/twotb/Downloads/Completed/720p/s03/The_Mentalist_S03E10_x265_720p_WEB-DL_30NAMA.mkv') target=PosixPath('/home/xircon/dmnts/twotb/Downloads/Completed/zz-TV/720p/s03/The_Mentalist_S03E10_x265_720p_WEB-DL_30NAMA.mkv')
2026-07-06T13:43:55.569 thread=140369358833344 event=copy.file.done operation='copy' source=PosixPath('/home/xircon/dmnts/twotb/Downloads/Completed/720p/s03/The_Mentalist_S03E10_x265_720p_WEB-DL_30NAMA.mkv') target=PosixPath('/home/xircon/dmnts/twotb/Downloads/Completed/zz-TV/720p/s03/The_Mentalist_S03E10_x265_720p_WEB-DL_30NAMA.mkv') bytes=267247742 elapsed_seconds=0.521
2026-07-06T13:43:55.569 thread=140369358833344 event=copy.file.start operation='copy' source=PosixPath('/home/xircon/dmnts/twotb/Downloads/Completed/720p/s03/The_Mentalist_S03E18_x265_720p_WEB-DL_30NAMA.mkv') target=PosixPath('/home/xircon/dmnts/twotb/Downloads/Completed/zz-TV/720p/s03/The_Mentalist_S03E18_x265_720p_WEB-DL_30NAMA.mkv')
2026-07-06T13:43:56.106 thread=140369358833344 event=copy.file.done operation='copy' source=PosixPath('/home/xircon/dmnts/twotb/Downloads/Completed/720p/s03/The_Mentalist_S03E18_x265_720p_WEB-DL_30NAMA.mkv') target=PosixPath('/home/xircon/dmnts/twotb/Downloads/Completed/zz-TV/720p/s03/The_Mentalist_S03E18_x265_720p_WEB-DL_30NAMA.mkv') bytes=270125915 elapsed_seconds=0.536
2026-07-06T13:43:56.106 thread=140369358833344 event=copy.file.start operation='copy' source=PosixPath('/home/xircon/dmnts/twotb/Downloads/Completed/720p/s03/The_Mentalist_S03E23E24_x265_720p_WEB-DL_30NAMA.mkv') target=PosixPath('/home/xircon/dmnts/twotb/Downloads/Completed/zz-TV/720p/s03/The_Mentalist_S03E23E24_x265_720p_WEB-DL_30NAMA.mkv')
2026-07-06T13:43:57.177 thread=140369358833344 event=copy.file.done operation='copy' source=PosixPath('/home/xircon/dmnts/twotb/Downloads/Completed/720p/s03/The_Mentalist_S03E23E24_x265_720p_WEB-DL_30NAMA.mkv') target=PosixPath('/home/xircon/dmnts/twotb/Downloads/Completed/zz-TV/720p/s03/The_Mentalist_S03E23E24_x265_720p_WEB-DL_30NAMA.mkv') bytes=540045151 elapsed_seconds=1.071
2026-07-06T13:43:57.178 thread=140369358833344 event=copy.file.start operation='copy' source=PosixPath('/home/xircon/dmnts/twotb/Downloads/Completed/720p/s03/The_Mentalist_S03E06_x265_720p_WEB-DL_30NAMA.mkv') target=PosixPath('/home/xircon/dmnts/twotb/Downloads/Completed/zz-TV/720p/s03/The_Mentalist_S03E06_x265_720p_WEB-DL_30NAMA.mkv')
2026-07-06T13:43:57.725 thread=140369358833344 event=copy.file.done operation='copy' source=PosixPath('/home/xircon/dmnts/twotb/Downloads/Completed/720p/s03/The_Mentalist_S03E06_x265_720p_WEB-DL_30NAMA.mkv') target=PosixPath('/home/xircon/dmnts/twotb/Downloads/Completed/zz-TV/720p/s03/The_Mentalist_S03E06_x265_720p_WEB-DL_30NAMA.mkv') bytes=272209537 elapsed_seconds=0.548
2026-07-06T13:43:57.726 thread=140369358833344 event=copy.file.start operation='copy' source=PosixPath('/home/xircon/dmnts/twotb/Downloads/Completed/720p/s03/The_Mentalist_S03E03_x265_720p_WEB-DL_30NAMA.mkv') target=PosixPath('/home/xircon/dmnts/twotb/Downloads/Completed/zz-TV/720p/s03/The_Mentalist_S03E03_x265_720p_WEB-DL_30NAMA.mkv')
2026-07-06T13:43:58.281 thread=140369358833344 event=copy.file.done operation='copy' source=PosixPath('/home/xircon/dmnts/twotb/Downloads/Completed/720p/s03/The_Mentalist_S03E03_x265_720p_WEB-DL_30NAMA.mkv') target=PosixPath('/home/xircon/dmnts/twotb/Downloads/Completed/zz-TV/720p/s03/The_Mentalist_S03E03_x265_720p_WEB-DL_30NAMA.mkv') bytes=271571917 elapsed_seconds=0.555
2026-07-06T13:43:58.281 thread=140369358833344 event=copy.file.start operation='copy' source=PosixPath('/home/xircon/dmnts/twotb/Downloads/Completed/720p/s03/The_Mentalist_S03E16_x265_720p_WEB-DL_30NAMA.mkv') target=PosixPath('/home/xircon/dmnts/twotb/Downloads/Completed/zz-TV/720p/s03/The_Mentalist_S03E16_x265_720p_WEB-DL_30NAMA.mkv')
2026-07-06T13:43:58.808 thread=140369358833344 event=copy.file.done operation='copy' source=PosixPath('/home/xircon/dmnts/twotb/Downloads/Completed/720p/s03/The_Mentalist_S03E16_x265_720p_WEB-DL_30NAMA.mkv') target=PosixPath('/home/xircon/dmnts/twotb/Downloads/Completed/zz-TV/720p/s03/The_Mentalist_S03E16_x265_720p_WEB-DL_30NAMA.mkv') bytes=272783479 elapsed_seconds=0.527
2026-07-06T13:43:58.809 thread=140369358833344 event=copy.file.start operation='copy' source=PosixPath('/home/xircon/dmnts/twotb/Downloads/Completed/720p/s03/The_Mentalist_S03E12_x265_720p_WEB-DL_30NAMA.mkv') target=PosixPath('/home/xircon/dmnts/twotb/Downloads/Completed/zz-TV/720p/s03/The_Mentalist_S03E12_x265_720p_WEB-DL_30NAMA.mkv')
2026-07-06T13:43:59.342 thread=140369358833344 event=copy.file.done operation='copy' source=PosixPath('/home/xircon/dmnts/twotb/Downloads/Completed/720p/s03/The_Mentalist_S03E12_x265_720p_WEB-DL_30NAMA.mkv') target=PosixPath('/home/xircon/dmnts/twotb/Downloads/Completed/zz-TV/720p/s03/The_Mentalist_S03E12_x265_720p_WEB-DL_30NAMA.mkv') bytes=268607510 elapsed_seconds=0.533
2026-07-06T13:43:59.342 thread=140369358833344 event=copy.file.start operation='copy' source=PosixPath('/home/xircon/dmnts/twotb/Downloads/Completed/720p/s03/The_Mentalist_S03E05_x265_720p_WEB-DL_30NAMA.mkv') target=PosixPath('/home/xircon/dmnts/twotb/Downloads/Completed/zz-TV/720p/s03/The_Mentalist_S03E05_x265_720p_WEB-DL_30NAMA.mkv')
2026-07-06T13:43:59.861 thread=140369358833344 event=copy.file.done operation='copy' source=PosixPath('/home/xircon/dmnts/twotb/Downloads/Completed/720p/s03/The_Mentalist_S03E05_x265_720p_WEB-DL_30NAMA.mkv') target=PosixPath('/home/xircon/dmnts/twotb/Downloads/Completed/zz-TV/720p/s03/The_Mentalist_S03E05_x265_720p_WEB-DL_30NAMA.mkv') bytes=260403355 elapsed_seconds=0.519
2026-07-06T13:43:59.862 thread=140369358833344 event=copy.file.start operation='copy' source=PosixPath('/home/xircon/dmnts/twotb/Downloads/Completed/720p/s03/The_Mentalist_S03E14_x265_720p_WEB-DL_30NAMA.mkv') target=PosixPath('/home/xircon/dmnts/twotb/Downloads/Completed/zz-TV/720p/s03/The_Mentalist_S03E14_x265_720p_WEB-DL_30NAMA.mkv')
2026-07-06T13:44:00.397 thread=140369358833344 event=copy.file.done operation='copy' source=PosixPath('/home/xircon/dmnts/twotb/Downloads/Completed/720p/s03/The_Mentalist_S03E14_x265_720p_WEB-DL_30NAMA.mkv') target=PosixPath('/home/xircon/dmnts/twotb/Downloads/Completed/zz-TV/720p/s03/The_Mentalist_S03E14_x265_720p_WEB-DL_30NAMA.mkv') bytes=272818281 elapsed_seconds=0.534
2026-07-06T13:44:00.397 thread=140369358833344 event=copy.file.start operation='copy' source=PosixPath('/home/xircon/dmnts/twotb/Downloads/Completed/720p/s02/The_Mentalist_S02E16_x265_720p_WEB-DL_30NAMA.mkv') target=PosixPath('/home/xircon/dmnts/twotb/Downloads/Completed/zz-TV/720p/s02/The_Mentalist_S02E16_x265_720p_WEB-DL_30NAMA.mkv')
2026-07-06T13:44:00.952 thread=140369358833344 event=copy.file.done operation='copy' source=PosixPath('/home/xircon/dmnts/twotb/Downloads/Completed/720p/s02/The_Mentalist_S02E16_x265_720p_WEB-DL_30NAMA.mkv') target=PosixPath('/home/xircon/dmnts/twotb/Downloads/Completed/zz-TV/720p/s02/The_Mentalist_S02E16_x265_720p_WEB-DL_30NAMA.mkv') bytes=276154345 elapsed_seconds=0.554
2026-07-06T13:44:00.952 thread=140369358833344 event=copy.file.start operation='copy' source=PosixPath('/home/xircon/dmnts/twotb/Downloads/Completed/720p/s02/The_Mentalist_S02E04_x265_720p_WEB-DL_30NAMA.mkv') target=PosixPath('/home/xircon/dmnts/twotb/Downloads/Completed/zz-TV/720p/s02/The_Mentalist_S02E04_x265_720p_WEB-DL_30NAMA.mkv')
2026-07-06T13:44:01.483 thread=140369358833344 event=copy.file.done operation='copy' source=PosixPath('/home/xircon/dmnts/twotb/Downloads/Completed/720p/s02/The_Mentalist_S02E04_x265_720p_WEB-DL_30NAMA.mkv') target=PosixPath('/home/xircon/dmnts/twotb/Downloads/Completed/zz-TV/720p/s02/The_Mentalist_S02E04_x265_720p_WEB-DL_30NAMA.mkv') bytes=270282853 elapsed_seconds=0.531
2026-07-06T13:44:01.483 thread=140369358833344 event=copy.file.start operation='copy' source=PosixPath('/home/xircon/dmnts/twotb/Downloads/Completed/720p/s02/The_Mentalist_S02E18_x265_720p_WEB-DL_30NAMA.mkv') target=PosixPath('/home/xircon/dmnts/twotb/Downloads/Completed/zz-TV/720p/s02/The_Mentalist_S02E18_x265_720p_WEB-DL_30NAMA.mkv')
2026-07-06T13:44:02.033 thread=140369358833344 event=copy.file.done operation='copy' source=PosixPath('/home/xircon/dmnts/twotb/Downloads/Completed/720p/s02/The_Mentalist_S02E18_x265_720p_WEB-DL_30NAMA.mkv') target=PosixPath('/home/xircon/dmnts/twotb/Downloads/Completed/zz-TV/720p/s02/The_Mentalist_S02E18_x265_720p_WEB-DL_30NAMA.mkv') bytes=274319167 elapsed_seconds=0.55
2026-07-06T13:44:02.033 thread=140369358833344 event=copy.file.start operation='copy' source=PosixPath('/home/xircon/dmnts/twotb/Downloads/Completed/720p/s02/The_Mentalist_S02E10_x265_720p_WEB-DL_30NAMA.mkv') target=PosixPath('/home/xircon/dmnts/twotb/Downloads/Completed/zz-TV/720p/s02/The_Mentalist_S02E10_x265_720p_WEB-DL_30NAMA.mkv')
2026-07-06T13:44:02.565 thread=140369358833344 event=copy.file.done operation='copy' source=PosixPath('/home/xircon/dmnts/twotb/Downloads/Completed/720p/s02/The_Mentalist_S02E10_x265_720p_WEB-DL_30NAMA.mkv') target=PosixPath('/home/xircon/dmnts/twotb/Downloads/Completed/zz-TV/720p/s02/The_Mentalist_S02E10_x265_720p_WEB-DL_30NAMA.mkv') bytes=273673592 elapsed_seconds=0.531
2026-07-06T13:44:02.565 thread=140369358833344 event=copy.file.start operation='copy' source=PosixPath('/home/xircon/dmnts/twotb/Downloads/Completed/720p/s02/The_Mentalist_S02E20_x265_720p_WEB-DL_30NAMA.mkv') target=PosixPath('/home/xircon/dmnts/twotb/Downloads/Completed/zz-TV/720p/s02/The_Mentalist_S02E20_x265_720p_WEB-DL_30NAMA.mkv')
2026-07-06T13:44:03.123 thread=140369358833344 event=copy.file.done operation='copy' source=PosixPath('/home/xircon/dmnts/twotb/Downloads/Completed/720p/s02/The_Mentalist_S02E20_x265_720p_WEB-DL_30NAMA.mkv') target=PosixPath('/home/xircon/dmnts/twotb/Downloads/Completed/zz-TV/720p/s02/The_Mentalist_S02E20_x265_720p_WEB-DL_30NAMA.mkv') bytes=273368433 elapsed_seconds=0.558
2026-07-06T13:44:03.123 thread=140369358833344 event=copy.file.start operation='copy' source=PosixPath('/home/xircon/dmnts/twotb/Downloads/Completed/720p/s02/The_Mentalist_S02E15_x265_720p_WEB-DL_30NAMA.mkv') target=PosixPath('/home/xircon/dmnts/twotb/Downloads/Completed/zz-TV/720p/s02/The_Mentalist_S02E15_x265_720p_WEB-DL_30NAMA.mkv')
2026-07-06T13:44:03.649 thread=140369358833344 event=copy.file.done operation='copy' source=PosixPath('/home/xircon/dmnts/twotb/Downloads/Completed/720p/s02/The_Mentalist_S02E15_x265_720p_WEB-DL_30NAMA.mkv') target=PosixPath('/home/xircon/dmnts/twotb/Downloads/Completed/zz-TV/720p/s02/The_Mentalist_S02E15_x265_720p_WEB-DL_30NAMA.mkv') bytes=270797660 elapsed_seconds=0.526
2026-07-06T13:44:03.649 thread=140369358833344 event=copy.file.start operation='copy' source=PosixPath('/home/xircon/dmnts/twotb/Downloads/Completed/720p/s02/The_Mentalist_S02E17_x265_720p_WEB-DL_30NAMA.mkv') target=PosixPath('/home/xircon/dmnts/twotb/Downloads/Completed/zz-TV/720p/s02/The_Mentalist_S02E17_x265_720p_WEB-DL_30NAMA.mkv')
2026-07-06T13:44:04.187 thread=140369358833344 event=copy.file.done operation='copy' source=PosixPath('/home/xircon/dmnts/twotb/Downloads/Completed/720p/s02/The_Mentalist_S02E17_x265_720p_WEB-DL_30NAMA.mkv') target=PosixPath('/home/xircon/dmnts/twotb/Downloads/Completed/zz-TV/720p/s02/The_Mentalist_S02E17_x265_720p_WEB-DL_30NAMA.mkv') bytes=274907665 elapsed_seconds=0.538
2026-07-06T13:44:04.187 thread=140369358833344 event=copy.file.start operation='copy' source=PosixPath('/home/xircon/dmnts/twotb/Downloads/Completed/720p/s02/The_Mentalist_S02E22_x265_720p_WEB-DL_30NAMA.mkv') target=PosixPath('/home/xircon/dmnts/twotb/Downloads/Completed/zz-TV/720p/s02/The_Mentalist_S02E22_x265_720p_WEB-DL_30NAMA.mkv')
2026-07-06T13:44:04.718 thread=140369358833344 event=copy.file.done operation='copy' source=PosixPath('/home/xircon/dmnts/twotb/Downloads/Completed/720p/s02/The_Mentalist_S02E22_x265_720p_WEB-DL_30NAMA.mkv') target=PosixPath('/home/xircon/dmnts/twotb/Downloads/Completed/zz-TV/720p/s02/The_Mentalist_S02E22_x265_720p_WEB-DL_30NAMA.mkv') bytes=271521738 elapsed_seconds=0.531
2026-07-06T13:44:04.719 thread=140369358833344 event=copy.file.start operation='copy' source=PosixPath('/home/xircon/dmnts/twotb/Downloads/Completed/720p/s02/The_Mentalist_S02E08_x265_720p_WEB-DL_30NAMA.mkv') target=PosixPath('/home/xircon/dmnts/twotb/Downloads/Completed/zz-TV/720p/s02/The_Mentalist_S02E08_x265_720p_WEB-DL_30NAMA.mkv')
2026-07-06T13:44:05.274 thread=140369358833344 event=copy.file.done operation='copy' source=PosixPath('/home/xircon/dmnts/twotb/Downloads/Completed/720p/s02/The_Mentalist_S02E08_x265_720p_WEB-DL_30NAMA.mkv') target=PosixPath('/home/xircon/dmnts/twotb/Downloads/Completed/zz-TV/720p/s02/The_Mentalist_S02E08_x265_720p_WEB-DL_30NAMA.mkv') bytes=274751271 elapsed_seconds=0.555
2026-07-06T13:44:05.274 thread=140369358833344 event=copy.file.start operation='copy' source=PosixPath('/home/xircon/dmnts/twotb/Downloads/Completed/720p/s02/The_Mentalist_S02E02_x265_720p_WEB-DL_30NAMA.mkv') target=PosixPath('/home/xircon/dmnts/twotb/Downloads/Completed/zz-TV/720p/s02/The_Mentalist_S02E02_x265_720p_WEB-DL_30NAMA.mkv')
2026-07-06T13:44:05.816 thread=140369358833344 event=copy.file.done operation='copy' source=PosixPath('/home/xircon/dmnts/twotb/Downloads/Completed/720p/s02/The_Mentalist_S02E02_x265_720p_WEB-DL_30NAMA.mkv') target=PosixPath('/home/xircon/dmnts/twotb/Downloads/Completed/zz-TV/720p/s02/The_Mentalist_S02E02_x265_720p_WEB-DL_30NAMA.mkv') bytes=274358397 elapsed_seconds=0.542
2026-07-06T13:44:05.816 thread=140369358833344 event=copy.file.start operation='copy' source=PosixPath('/home/xircon/dmnts/twotb/Downloads/Completed/720p/s02/The_Mentalist_S02E21_x265_720p_WEB-DL_30NAMA.mkv') target=PosixPath('/home/xircon/dmnts/twotb/Downloads/Completed/zz-TV/720p/s02/The_Mentalist_S02E21_x265_720p_WEB-DL_30NAMA.mkv')
2026-07-06T13:44:06.340 thread=140369358833344 event=copy.file.done operation='copy' source=PosixPath('/home/xircon/dmnts/twotb/Downloads/Completed/720p/s02/The_Mentalist_S02E21_x265_720p_WEB-DL_30NAMA.mkv') target=PosixPath('/home/xircon/dmnts/twotb/Downloads/Completed/zz-TV/720p/s02/The_Mentalist_S02E21_x265_720p_WEB-DL_30NAMA.mkv') bytes=273335950 elapsed_seconds=0.524
2026-07-06T13:44:06.340 thread=140369358833344 event=copy.file.start operation='copy' source=PosixPath('/home/xircon/dmnts/twotb/Downloads/Completed/720p/s02/The_Mentalist_S02E12_x265_720p_WEB-DL_30NAMA.mkv') target=PosixPath('/home/xircon/dmnts/twotb/Downloads/Completed/zz-TV/720p/s02/The_Mentalist_S02E12_x265_720p_WEB-DL_30NAMA.mkv')
2026-07-06T13:44:06.853 thread=140369358833344 event=copy.file.done operation='copy' source=PosixPath('/home/xircon/dmnts/twotb/Downloads/Completed/720p/s02/The_Mentalist_S02E12_x265_720p_WEB-DL_30NAMA.mkv') target=PosixPath('/home/xircon/dmnts/twotb/Downloads/Completed/zz-TV/720p/s02/The_Mentalist_S02E12_x265_720p_WEB-DL_30NAMA.mkv') bytes=263966445 elapsed_seconds=0.513
2026-07-06T13:44:06.854 thread=140369358833344 event=copy.file.start operation='copy' source=PosixPath('/home/xircon/dmnts/twotb/Downloads/Completed/720p/s02/The_Mentalist_S02E05_x265_720p_WEB-DL_30NAMA.mkv') target=PosixPath('/home/xircon/dmnts/twotb/Downloads/Completed/zz-TV/720p/s02/The_Mentalist_S02E05_x265_720p_WEB-DL_30NAMA.mkv')
2026-07-06T13:44:07.393 thread=140369358833344 event=copy.file.done operation='copy' source=PosixPath('/home/xircon/dmnts/twotb/Downloads/Completed/720p/s02/The_Mentalist_S02E05_x265_720p_WEB-DL_30NAMA.mkv') target=PosixPath('/home/xircon/dmnts/twotb/Downloads/Completed/zz-TV/720p/s02/The_Mentalist_S02E05_x265_720p_WEB-DL_30NAMA.mkv') bytes=274415563 elapsed_seconds=0.539
2026-07-06T13:44:07.393 thread=140369358833344 event=copy.file.start operation='copy' source=PosixPath('/home/xircon/dmnts/twotb/Downloads/Completed/720p/s02/The_Mentalist_S02E03_x265_720p_WEB-DL_30NAMA.mkv') target=PosixPath('/home/xircon/dmnts/twotb/Downloads/Completed/zz-TV/720p/s02/The_Mentalist_S02E03_x265_720p_WEB-DL_30NAMA.mkv')
2026-07-06T13:44:07.950 thread=140369358833344 event=copy.file.done operation='copy' source=PosixPath('/home/xircon/dmnts/twotb/Downloads/Completed/720p/s02/The_Mentalist_S02E03_x265_720p_WEB-DL_30NAMA.mkv') target=PosixPath('/home/xircon/dmnts/twotb/Downloads/Completed/zz-TV/720p/s02/The_Mentalist_S02E03_x265_720p_WEB-DL_30NAMA.mkv') bytes=273716743 elapsed_seconds=0.556
2026-07-06T13:44:07.950 thread=140369358833344 event=copy.file.start operation='copy' source=PosixPath('/home/xircon/dmnts/twotb/Downloads/Completed/720p/s02/The_Mentalist_S02E19_x265_720p_WEB-DL_30NAMA.mkv') target=PosixPath('/home/xircon/dmnts/twotb/Downloads/Completed/zz-TV/720p/s02/The_Mentalist_S02E19_x265_720p_WEB-DL_30NAMA.mkv')
2026-07-06T13:44:08.498 thread=140369358833344 event=copy.file.done operation='copy' source=PosixPath('/home/xircon/dmnts/twotb/Downloads/Completed/720p/s02/The_Mentalist_S02E19_x265_720p_WEB-DL_30NAMA.mkv') target=PosixPath('/home/xircon/dmnts/twotb/Downloads/Completed/zz-TV/720p/s02/The_Mentalist_S02E19_x265_720p_WEB-DL_30NAMA.mkv') bytes=275821361 elapsed_seconds=0.548
2026-07-06T13:44:08.498 thread=140369358833344 event=copy.file.start operation='copy' source=PosixPath('/home/xircon/dmnts/twotb/Downloads/Completed/720p/s02/The_Mentalist_S02E23_x265_720p_WEB-DL_30NAMA.mkv') target=PosixPath('/home/xircon/dmnts/twotb/Downloads/Completed/zz-TV/720p/s02/The_Mentalist_S02E23_x265_720p_WEB-DL_30NAMA.mkv')
2026-07-06T13:44:09.043 thread=140369358833344 event=copy.file.done operation='copy' source=PosixPath('/home/xircon/dmnts/twotb/Downloads/Completed/720p/s02/The_Mentalist_S02E23_x265_720p_WEB-DL_30NAMA.mkv') target=PosixPath('/home/xircon/dmnts/twotb/Downloads/Completed/zz-TV/720p/s02/The_Mentalist_S02E23_x265_720p_WEB-DL_30NAMA.mkv') bytes=275590406 elapsed_seconds=0.545
2026-07-06T13:44:09.043 thread=140369358833344 event=copy.file.start operation='copy' source=PosixPath('/home/xircon/dmnts/twotb/Downloads/Completed/720p/s02/The_Mentalist_S02E06_x265_720p_WEB-DL_30NAMA.mkv') target=PosixPath('/home/xircon/dmnts/twotb/Downloads/Completed/zz-TV/720p/s02/The_Mentalist_S02E06_x265_720p_WEB-DL_30NAMA.mkv')
2026-07-06T13:44:09.600 thread=140369358833344 event=copy.file.done operation='copy' source=PosixPath('/home/xircon/dmnts/twotb/Downloads/Completed/720p/s02/The_Mentalist_S02E06_x265_720p_WEB-DL_30NAMA.mkv') target=PosixPath('/home/xircon/dmnts/twotb/Downloads/Completed/zz-TV/720p/s02/The_Mentalist_S02E06_x265_720p_WEB-DL_30NAMA.mkv') bytes=275215768 elapsed_seconds=0.557
2026-07-06T13:44:09.600 thread=140369358833344 event=copy.file.start operation='copy' source=PosixPath('/home/xircon/dmnts/twotb/Downloads/Completed/720p/s02/The_Mentalist_S02E14_x265_720p_WEB-DL_30NAMA.mkv') target=PosixPath('/home/xircon/dmnts/twotb/Downloads/Completed/zz-TV/720p/s02/The_Mentalist_S02E14_x265_720p_WEB-DL_30NAMA.mkv')
2026-07-06T13:44:10.146 thread=140369358833344 event=copy.file.done operation='copy' source=PosixPath('/home/xircon/dmnts/twotb/Downloads/Completed/720p/s02/The_Mentalist_S02E14_x265_720p_WEB-DL_30NAMA.mkv') target=PosixPath('/home/xircon/dmnts/twotb/Downloads/Completed/zz-TV/720p/s02/The_Mentalist_S02E14_x265_720p_WEB-DL_30NAMA.mkv') bytes=275739640 elapsed_seconds=0.547
2026-07-06T13:44:10.147 thread=140369358833344 event=copy.file.start operation='copy' source=PosixPath('/home/xircon/dmnts/twotb/Downloads/Completed/720p/s02/The_Mentalist_S02E11_x265_720p_WEB-DL_30NAMA.mkv') target=PosixPath('/home/xircon/dmnts/twotb/Downloads/Completed/zz-TV/720p/s02/The_Mentalist_S02E11_x265_720p_WEB-DL_30NAMA.mkv')
2026-07-06T13:44:10.690 thread=140369358833344 event=copy.file.done operation='copy' source=PosixPath('/home/xircon/dmnts/twotb/Downloads/Completed/720p/s02/The_Mentalist_S02E11_x265_720p_WEB-DL_30NAMA.mkv') target=PosixPath('/home/xircon/dmnts/twotb/Downloads/Completed/zz-TV/720p/s02/The_Mentalist_S02E11_x265_720p_WEB-DL_30NAMA.mkv') bytes=271195577 elapsed_seconds=0.544
2026-07-06T13:44:10.693 thread=140369358833344 event=copy.file.start operation='copy' source=PosixPath('/home/xircon/dmnts/twotb/Downloads/Completed/720p/s02/The_Mentalist_S02E09_x265_720p_WEB-DL_30NAMA.mkv') target=PosixPath('/home/xircon/dmnts/twotb/Downloads/Completed/zz-TV/720p/s02/The_Mentalist_S02E09_x265_720p_WEB-DL_30NAMA.mkv')
2026-07-06T13:44:11.201 thread=140369358833344 event=copy.file.done operation='copy' source=PosixPath('/home/xircon/dmnts/twotb/Downloads/Completed/720p/s02/The_Mentalist_S02E09_x265_720p_WEB-DL_30NAMA.mkv') target=PosixPath('/home/xircon/dmnts/twotb/Downloads/Completed/zz-TV/720p/s02/The_Mentalist_S02E09_x265_720p_WEB-DL_30NAMA.mkv') bytes=259493505 elapsed_seconds=0.508
2026-07-06T13:44:11.202 thread=140369358833344 event=copy.file.start operation='copy' source=PosixPath('/home/xircon/dmnts/twotb/Downloads/Completed/720p/s02/The_Mentalist_S02E13_x265_720p_WEB-DL_30NAMA.mkv') target=PosixPath('/home/xircon/dmnts/twotb/Downloads/Completed/zz-TV/720p/s02/The_Mentalist_S02E13_x265_720p_WEB-DL_30NAMA.mkv')
2026-07-06T13:44:11.720 thread=140369358833344 event=copy.file.done operation='copy' source=PosixPath('/home/xircon/dmnts/twotb/Downloads/Completed/720p/s02/The_Mentalist_S02E13_x265_720p_WEB-DL_30NAMA.mkv') target=PosixPath('/home/xircon/dmnts/twotb/Downloads/Completed/zz-TV/720p/s02/The_Mentalist_S02E13_x265_720p_WEB-DL_30NAMA.mkv') bytes=266118926 elapsed_seconds=0.519
2026-07-06T13:44:11.721 thread=140369358833344 event=copy.file.start operation='copy' source=PosixPath('/home/xircon/dmnts/twotb/Downloads/Completed/720p/s02/The_Mentalist_S02E01_x265_720p_WEB-DL_30NAMA.mkv') target=PosixPath('/home/xircon/dmnts/twotb/Downloads/Completed/zz-TV/720p/s02/The_Mentalist_S02E01_x265_720p_WEB-DL_30NAMA.mkv')
2026-07-06T13:44:12.247 thread=140369358833344 event=copy.file.done operation='copy' source=PosixPath('/home/xircon/dmnts/twotb/Downloads/Completed/720p/s02/The_Mentalist_S02E01_x265_720p_WEB-DL_30NAMA.mkv') target=PosixPath('/home/xircon/dmnts/twotb/Downloads/Completed/zz-TV/720p/s02/The_Mentalist_S02E01_x265_720p_WEB-DL_30NAMA.mkv') bytes=274488519 elapsed_seconds=0.527
2026-07-06T13:44:12.248 thread=140369358833344 event=copy.file.start operation='copy' source=PosixPath('/home/xircon/dmnts/twotb/Downloads/Completed/720p/s02/The_Mentalist_S02E07_x265_720p_WEB-DL_30NAMA.mkv') target=PosixPath('/home/xircon/dmnts/twotb/Downloads/Completed/zz-TV/720p/s02/The_Mentalist_S02E07_x265_720p_WEB-DL_30NAMA.mkv')
2026-07-06T13:44:13.527 thread=140369358833344 event=copy.file.done operation='copy' source=PosixPath('/home/xircon/dmnts/twotb/Downloads/Completed/720p/s02/The_Mentalist_S02E07_x265_720p_WEB-DL_30NAMA.mkv') target=PosixPath('/home/xircon/dmnts/twotb/Downloads/Completed/zz-TV/720p/s02/The_Mentalist_S02E07_x265_720p_WEB-DL_30NAMA.mkv') bytes=271472761 elapsed_seconds=1.279
2026-07-06T13:44:13.528 thread=140369358833344 event=copy.file.start operation='copy' source=PosixPath('/home/xircon/dmnts/twotb/Downloads/Completed/720p/s05/The_Mentalist_S05E13_x265_720p_WEB-DL_30NAMA.mkv') target=PosixPath('/home/xircon/dmnts/twotb/Downloads/Completed/zz-TV/720p/s05/The_Mentalist_S05E13_x265_720p_WEB-DL_30NAMA.mkv')
2026-07-06T13:44:14.060 thread=140369358833344 event=copy.file.done operation='copy' source=PosixPath('/home/xircon/dmnts/twotb/Downloads/Completed/720p/s05/The_Mentalist_S05E13_x265_720p_WEB-DL_30NAMA.mkv') target=PosixPath('/home/xircon/dmnts/twotb/Downloads/Completed/zz-TV/720p/s05/The_Mentalist_S05E13_x265_720p_WEB-DL_30NAMA.mkv') bytes=269366469 elapsed_seconds=0.532
2026-07-06T13:44:14.060 thread=140369358833344 event=copy.file.start operation='copy' source=PosixPath('/home/xircon/dmnts/twotb/Downloads/Completed/720p/s05/The_Mentalist_S05E20_x265_720p_WEB-DL_30NAMA.mkv') target=PosixPath('/home/xircon/dmnts/twotb/Downloads/Completed/zz-TV/720p/s05/The_Mentalist_S05E20_x265_720p_WEB-DL_30NAMA.mkv')
2026-07-06T13:44:14.591 thread=140369358833344 event=copy.file.done operation='copy' source=PosixPath('/home/xircon/dmnts/twotb/Downloads/Completed/720p/s05/The_Mentalist_S05E20_x265_720p_WEB-DL_30NAMA.mkv') target=PosixPath('/home/xircon/dmnts/twotb/Downloads/Completed/zz-TV/720p/s05/The_Mentalist_S05E20_x265_720p_WEB-DL_30NAMA.mkv') bytes=273089998 elapsed_seconds=0.531
2026-07-06T13:44:14.591 thread=140369358833344 event=copy.file.start operation='copy' source=PosixPath('/home/xircon/dmnts/twotb/Downloads/Completed/720p/s05/The_Mentalist_S05E18_x265_720p_WEB-DL_30NAMA.mkv') target=PosixPath('/home/xircon/dmnts/twotb/Downloads/Completed/zz-TV/720p/s05/The_Mentalist_S05E18_x265_720p_WEB-DL_30NAMA.mkv')
2026-07-06T13:44:15.133 thread=140369358833344 event=copy.file.done operation='copy' source=PosixPath('/home/xircon/dmnts/twotb/Downloads/Completed/720p/s05/The_Mentalist_S05E18_x265_720p_WEB-DL_30NAMA.mkv') target=PosixPath('/home/xircon/dmnts/twotb/Downloads/Completed/zz-TV/720p/s05/The_Mentalist_S05E18_x265_720p_WEB-DL_30NAMA.mkv') bytes=271242290 elapsed_seconds=0.542
2026-07-06T13:44:15.134 thread=140369358833344 event=copy.file.start operation='copy' source=PosixPath('/home/xircon/dmnts/twotb/Downloads/Completed/720p/s05/The_Mentalist_S05E04_x265_720p_WEB-DL_30NAMA.mkv') target=PosixPath('/home/xircon/dmnts/twotb/Downloads/Completed/zz-TV/720p/s05/The_Mentalist_S05E04_x265_720p_WEB-DL_30NAMA.mkv')
2026-07-06T13:44:15.656 thread=140369358833344 event=copy.file.done operation='copy' source=PosixPath('/home/xircon/dmnts/twotb/Downloads/Completed/720p/s05/The_Mentalist_S05E04_x265_720p_WEB-DL_30NAMA.mkv') target=PosixPath('/home/xircon/dmnts/twotb/Downloads/Completed/zz-TV/720p/s05/The_Mentalist_S05E04_x265_720p_WEB-DL_30NAMA.mkv') bytes=263513758 elapsed_seconds=0.522
2026-07-06T13:44:15.657 thread=140369358833344 event=copy.file.start operation='copy' source=PosixPath('/home/xircon/dmnts/twotb/Downloads/Completed/720p/s05/The_Mentalist_S05E12_x265_720p_WEB-DL_30NAMA.mkv') target=PosixPath('/home/xircon/dmnts/twotb/Downloads/Completed/zz-TV/720p/s05/The_Mentalist_S05E12_x265_720p_WEB-DL_30NAMA.mkv')
2026-07-06T13:44:16.167 thread=140369358833344 event=copy.file.done operation='copy' source=PosixPath('/home/xircon/dmnts/twotb/Downloads/Completed/720p/s05/The_Mentalist_S05E12_x265_720p_WEB-DL_30NAMA.mkv') target=PosixPath('/home/xircon/dmnts/twotb/Downloads/Completed/zz-TV/720p/s05/The_Mentalist_S05E12_x265_720p_WEB-DL_30NAMA.mkv') bytes=265496026 elapsed_seconds=0.511
2026-07-06T13:44:16.167 thread=140369358833344 event=copy.file.start operation='copy' source=PosixPath('/home/xircon/dmnts/twotb/Downloads/Completed/720p/s05/The_Mentalist_S05E01_x265_720p_WEB-DL_30NAMA.mkv') target=PosixPath('/home/xircon/dmnts/twotb/Downloads/Completed/zz-TV/720p/s05/The_Mentalist_S05E01_x265_720p_WEB-DL_30NAMA.mkv')
2026-07-06T13:44:16.683 thread=140369358833344 event=copy.file.done operation='copy' source=PosixPath('/home/xircon/dmnts/twotb/Downloads/Completed/720p/s05/The_Mentalist_S05E01_x265_720p_WEB-DL_30NAMA.mkv') target=PosixPath('/home/xircon/dmnts/twotb/Downloads/Completed/zz-TV/720p/s05/The_Mentalist_S05E01_x265_720p_WEB-DL_30NAMA.mkv') bytes=262771183 elapsed_seconds=0.516
2026-07-06T13:44:16.683 thread=140369358833344 event=copy.file.start operation='copy' source=PosixPath('/home/xircon/dmnts/twotb/Downloads/Completed/720p/s05/The_Mentalist_S05E09_x265_720p_WEB-DL_30NAMA.mkv') target=PosixPath('/home/xircon/dmnts/twotb/Downloads/Completed/zz-TV/720p/s05/The_Mentalist_S05E09_x265_720p_WEB-DL_30NAMA.mkv')
2026-07-06T13:44:17.201 thread=140369358833344 event=copy.file.done operation='copy' source=PosixPath('/home/xircon/dmnts/twotb/Downloads/Completed/720p/s05/The_Mentalist_S05E09_x265_720p_WEB-DL_30NAMA.mkv') target=PosixPath('/home/xircon/dmnts/twotb/Downloads/Completed/zz-TV/720p/s05/The_Mentalist_S05E09_x265_720p_WEB-DL_30NAMA.mkv') bytes=272231363 elapsed_seconds=0.518
2026-07-06T13:44:17.202 thread=140369358833344 event=copy.file.start operation='copy' source=PosixPath('/home/xircon/dmnts/twotb/Downloads/Completed/720p/s05/The_Mentalist_S05E21_x265_720p_WEB-DL_30NAMA.mkv') target=PosixPath('/home/xircon/dmnts/twotb/Downloads/Completed/zz-TV/720p/s05/The_Mentalist_S05E21_x265_720p_WEB-DL_30NAMA.mkv')
2026-07-06T13:44:17.730 thread=140369358833344 event=copy.file.done operation='copy' source=PosixPath('/home/xircon/dmnts/twotb/Downloads/Completed/720p/s05/The_Mentalist_S05E21_x265_720p_WEB-DL_30NAMA.mkv') target=PosixPath('/home/xircon/dmnts/twotb/Downloads/Completed/zz-TV/720p/s05/The_Mentalist_S05E21_x265_720p_WEB-DL_30NAMA.mkv') bytes=268830833 elapsed_seconds=0.528
2026-07-06T13:44:17.730 thread=140369358833344 event=copy.file.start operation='copy' source=PosixPath('/home/xircon/dmnts/twotb/Downloads/Completed/720p/s05/The_Mentalist_S05E10_x265_720p_WEB-DL_30NAMA.mkv') target=PosixPath('/home/xircon/dmnts/twotb/Downloads/Completed/zz-TV/720p/s05/The_Mentalist_S05E10_x265_720p_WEB-DL_30NAMA.mkv')
2026-07-06T13:44:18.290 thread=140369358833344 event=copy.file.done operation='copy' source=PosixPath('/home/xircon/dmnts/twotb/Downloads/Completed/720p/s05/The_Mentalist_S05E10_x265_720p_WEB-DL_30NAMA.mkv') target=PosixPath('/home/xircon/dmnts/twotb/Downloads/Completed/zz-TV/720p/s05/The_Mentalist_S05E10_x265_720p_WEB-DL_30NAMA.mkv') bytes=272293471 elapsed_seconds=0.56
2026-07-06T13:44:18.290 thread=140369358833344 event=copy.file.start operation='copy' source=PosixPath('/home/xircon/dmnts/twotb/Downloads/Completed/720p/s05/The_Mentalist_S05E07_x265_720p_WEB-DL_30NAMA.mkv') target=PosixPath('/home/xircon/dmnts/twotb/Downloads/Completed/zz-TV/720p/s05/The_Mentalist_S05E07_x265_720p_WEB-DL_30NAMA.mkv')
2026-07-06T13:44:18.808 thread=140369358833344 event=copy.file.done operation='copy' source=PosixPath('/home/xircon/dmnts/twotb/Downloads/Completed/720p/s05/The_Mentalist_S05E07_x265_720p_WEB-DL_30NAMA.mkv') target=PosixPath('/home/xircon/dmnts/twotb/Downloads/Completed/zz-TV/720p/s05/The_Mentalist_S05E07_x265_720p_WEB-DL_30NAMA.mkv') bytes=264805705 elapsed_seconds=0.517
2026-07-06T13:44:18.808 thread=140369358833344 event=copy.file.start operation='copy' source=PosixPath('/home/xircon/dmnts/twotb/Downloads/Completed/720p/s05/The_Mentalist_S05E06_x265_720p_WEB-DL_30NAMA.mkv') target=PosixPath('/home/xircon/dmnts/twotb/Downloads/Completed/zz-TV/720p/s05/The_Mentalist_S05E06_x265_720p_WEB-DL_30NAMA.mkv')
2026-07-06T13:44:19.312 thread=140369358833344 event=copy.file.done operation='copy' source=PosixPath('/home/xircon/dmnts/twotb/Downloads/Completed/720p/s05/The_Mentalist_S05E06_x265_720p_WEB-DL_30NAMA.mkv') target=PosixPath('/home/xircon/dmnts/twotb/Downloads/Completed/zz-TV/720p/s05/The_Mentalist_S05E06_x265_720p_WEB-DL_30NAMA.mkv') bytes=259389274 elapsed_seconds=0.504
2026-07-06T13:44:19.312 thread=140369358833344 event=copy.file.start operation='copy' source=PosixPath('/home/xircon/dmnts/twotb/Downloads/Completed/720p/s05/The_Mentalist_S05E22_x265_720p_WEB-DL_30NAMA.mkv') target=PosixPath('/home/xircon/dmnts/twotb/Downloads/Completed/zz-TV/720p/s05/The_Mentalist_S05E22_x265_720p_WEB-DL_30NAMA.mkv')
2026-07-06T13:44:19.838 thread=140369358833344 event=copy.file.done operation='copy' source=PosixPath('/home/xircon/dmnts/twotb/Downloads/Completed/720p/s05/The_Mentalist_S05E22_x265_720p_WEB-DL_30NAMA.mkv') target=PosixPath('/home/xircon/dmnts/twotb/Downloads/Completed/zz-TV/720p/s05/The_Mentalist_S05E22_x265_720p_WEB-DL_30NAMA.mkv') bytes=271899058 elapsed_seconds=0.526
2026-07-06T13:44:19.838 thread=140369358833344 event=copy.file.start operation='copy' source=PosixPath('/home/xircon/dmnts/twotb/Downloads/Completed/720p/s05/The_Mentalist_S05E05_x265_720p_WEB-DL_30NAMA.mkv') target=PosixPath('/home/xircon/dmnts/twotb/Downloads/Completed/zz-TV/720p/s05/The_Mentalist_S05E05_x265_720p_WEB-DL_30NAMA.mkv')
2026-07-06T13:44:20.385 thread=140369358833344 event=copy.file.done operation='copy' source=PosixPath('/home/xircon/dmnts/twotb/Downloads/Completed/720p/s05/The_Mentalist_S05E05_x265_720p_WEB-DL_30NAMA.mkv') target=PosixPath('/home/xircon/dmnts/twotb/Downloads/Completed/zz-TV/720p/s05/The_Mentalist_S05E05_x265_720p_WEB-DL_30NAMA.mkv') bytes=273462636 elapsed_seconds=0.546
2026-07-06T13:44:20.385 thread=140369358833344 event=copy.file.start operation='copy' source=PosixPath('/home/xircon/dmnts/twotb/Downloads/Completed/720p/s05/The_Mentalist_S05E14_x265_720p_WEB-DL_30NAMA.mkv') target=PosixPath('/home/xircon/dmnts/twotb/Downloads/Completed/zz-TV/720p/s05/The_Mentalist_S05E14_x265_720p_WEB-DL_30NAMA.mkv')
2026-07-06T13:44:20.888 thread=140369358833344 event=copy.file.done operation='copy' source=PosixPath('/home/xircon/dmnts/twotb/Downloads/Completed/720p/s05/The_Mentalist_S05E14_x265_720p_WEB-DL_30NAMA.mkv') target=PosixPath('/home/xircon/dmnts/twotb/Downloads/Completed/zz-TV/720p/s05/The_Mentalist_S05E14_x265_720p_WEB-DL_30NAMA.mkv') bytes=255519144 elapsed_seconds=0.503
2026-07-06T13:44:20.888 thread=140369358833344 event=copy.file.start operation='copy' source=PosixPath('/home/xircon/dmnts/twotb/Downloads/Completed/720p/s05/The_Mentalist_S05E15_x265_720p_WEB-DL_30NAMA.mkv') target=PosixPath('/home/xircon/dmnts/twotb/Downloads/Completed/zz-TV/720p/s05/The_Mentalist_S05E15_x265_720p_WEB-DL_30NAMA.mkv')
2026-07-06T13:44:21.423 thread=140369358833344 event=copy.file.done operation='copy' source=PosixPath('/home/xircon/dmnts/twotb/Downloads/Completed/720p/s05/The_Mentalist_S05E15_x265_720p_WEB-DL_30NAMA.mkv') target=PosixPath('/home/xircon/dmnts/twotb/Downloads/Completed/zz-TV/720p/s05/The_Mentalist_S05E15_x265_720p_WEB-DL_30NAMA.mkv') bytes=265143336 elapsed_seconds=0.535
2026-07-06T13:44:21.423 thread=140369358833344 event=copy.file.start operation='copy' source=PosixPath('/home/xircon/dmnts/twotb/Downloads/Completed/720p/s05/The_Mentalist_S05E11_x265_720p_WEB-DL_30NAMA.mkv') target=PosixPath('/home/xircon/dmnts/twotb/Downloads/Completed/zz-TV/720p/s05/The_Mentalist_S05E11_x265_720p_WEB-DL_30NAMA.mkv')
2026-07-06T13:44:21.942 thread=140369358833344 event=copy.file.done operation='copy' source=PosixPath('/home/xircon/dmnts/twotb/Downloads/Completed/720p/s05/The_Mentalist_S05E11_x265_720p_WEB-DL_30NAMA.mkv') target=PosixPath('/home/xircon/dmnts/twotb/Downloads/Completed/zz-TV/720p/s05/The_Mentalist_S05E11_x265_720p_WEB-DL_30NAMA.mkv') bytes=269276936 elapsed_seconds=0.518
2026-07-06T13:44:21.942 thread=140369358833344 event=copy.file.start operation='copy' source=PosixPath('/home/xircon/dmnts/twotb/Downloads/Completed/720p/s05/The_Mentalist_S05E19_x265_720p_WEB-DL_30NAMA.mkv') target=PosixPath('/home/xircon/dmnts/twotb/Downloads/Completed/zz-TV/720p/s05/The_Mentalist_S05E19_x265_720p_WEB-DL_30NAMA.mkv')
2026-07-06T13:44:22.458 thread=140369358833344 event=copy.file.done operation='copy' source=PosixPath('/home/xircon/dmnts/twotb/Downloads/Completed/720p/s05/The_Mentalist_S05E19_x265_720p_WEB-DL_30NAMA.mkv') target=PosixPath('/home/xircon/dmnts/twotb/Downloads/Completed/zz-TV/720p/s05/The_Mentalist_S05E19_x265_720p_WEB-DL_30NAMA.mkv') bytes=270398307 elapsed_seconds=0.516
2026-07-06T13:44:22.458 thread=140369358833344 event=copy.file.start operation='copy' source=PosixPath('/home/xircon/dmnts/twotb/Downloads/Completed/720p/s05/The_Mentalist_S05E02_x265_720p_WEB-DL_30NAMA.mkv') target=PosixPath('/home/xircon/dmnts/twotb/Downloads/Completed/zz-TV/720p/s05/The_Mentalist_S05E02_x265_720p_WEB-DL_30NAMA.mkv')
2026-07-06T13:44:22.992 thread=140369358833344 event=copy.file.done operation='copy' source=PosixPath('/home/xircon/dmnts/twotb/Downloads/Completed/720p/s05/The_Mentalist_S05E02_x265_720p_WEB-DL_30NAMA.mkv') target=PosixPath('/home/xircon/dmnts/twotb/Downloads/Completed/zz-TV/720p/s05/The_Mentalist_S05E02_x265_720p_WEB-DL_30NAMA.mkv') bytes=271589608 elapsed_seconds=0.534
2026-07-06T13:44:22.992 thread=140369358833344 event=copy.file.start operation='copy' source=PosixPath('/home/xircon/dmnts/twotb/Downloads/Completed/720p/s05/The_Mentalist_S05E16_x265_720p_WEB-DL_30NAMA.mkv') target=PosixPath('/home/xircon/dmnts/twotb/Downloads/Completed/zz-TV/720p/s05/The_Mentalist_S05E16_x265_720p_WEB-DL_30NAMA.mkv')
2026-07-06T13:44:23.530 thread=140369358833344 event=copy.file.done operation='copy' source=PosixPath('/home/xircon/dmnts/twotb/Downloads/Completed/720p/s05/The_Mentalist_S05E16_x265_720p_WEB-DL_30NAMA.mkv') target=PosixPath('/home/xircon/dmnts/twotb/Downloads/Completed/zz-TV/720p/s05/The_Mentalist_S05E16_x265_720p_WEB-DL_30NAMA.mkv') bytes=273494637 elapsed_seconds=0.538
2026-07-06T13:44:23.530 thread=140369358833344 event=copy.file.start operation='copy' source=PosixPath('/home/xircon/dmnts/twotb/Downloads/Completed/720p/s05/The_Mentalist_S05E17_x265_720p_WEB-DL_30NAMA.mkv') target=PosixPath('/home/xircon/dmnts/twotb/Downloads/Completed/zz-TV/720p/s05/The_Mentalist_S05E17_x265_720p_WEB-DL_30NAMA.mkv')
2026-07-06T13:44:24.075 thread=140369358833344 event=copy.file.done operation='copy' source=PosixPath('/home/xircon/dmnts/twotb/Downloads/Completed/720p/s05/The_Mentalist_S05E17_x265_720p_WEB-DL_30NAMA.mkv') target=PosixPath('/home/xircon/dmnts/twotb/Downloads/Completed/zz-TV/720p/s05/The_Mentalist_S05E17_x265_720p_WEB-DL_30NAMA.mkv') bytes=273566475 elapsed_seconds=0.545
2026-07-06T13:44:24.075 thread=140369358833344 event=copy.file.start operation='copy' source=PosixPath('/home/xircon/dmnts/twotb/Downloads/Completed/720p/s05/The_Mentalist_S05E03_x265_720p_WEB-DL_30NAMA.mkv') target=PosixPath('/home/xircon/dmnts/twotb/Downloads/Completed/zz-TV/720p/s05/The_Mentalist_S05E03_x265_720p_WEB-DL_30NAMA.mkv')
2026-07-06T13:44:24.601 thread=140369358833344 event=copy.file.done operation='copy' source=PosixPath('/home/xircon/dmnts/twotb/Downloads/Completed/720p/s05/The_Mentalist_S05E03_x265_720p_WEB-DL_30NAMA.mkv') target=PosixPath('/home/xircon/dmnts/twotb/Downloads/Completed/zz-TV/720p/s05/The_Mentalist_S05E03_x265_720p_WEB-DL_30NAMA.mkv') bytes=271862634 elapsed_seconds=0.526
2026-07-06T13:44:24.601 thread=140369358833344 event=copy.file.start operation='copy' source=PosixPath('/home/xircon/dmnts/twotb/Downloads/Completed/720p/s05/The_Mentalist_S05E08_x265_720p_WEB-DL_30NAMA.mkv') target=PosixPath('/home/xircon/dmnts/twotb/Downloads/Completed/zz-TV/720p/s05/The_Mentalist_S05E08_x265_720p_WEB-DL_30NAMA.mkv')
2026-07-06T13:44:25.136 thread=140369358833344 event=copy.file.done operation='copy' source=PosixPath('/home/xircon/dmnts/twotb/Downloads/Completed/720p/s05/The_Mentalist_S05E08_x265_720p_WEB-DL_30NAMA.mkv') target=PosixPath('/home/xircon/dmnts/twotb/Downloads/Completed/zz-TV/720p/s05/The_Mentalist_S05E08_x265_720p_WEB-DL_30NAMA.mkv') bytes=273631896 elapsed_seconds=0.535
2026-07-06T13:44:25.139 thread=140369358833344 event=copy.file.start operation='copy' source=PosixPath('/home/xircon/dmnts/twotb/Downloads/Completed/720p/s07/The_Mentalist_S07E03_x265_720p_WEB-DL_30NAMA.mkv') target=PosixPath('/home/xircon/dmnts/twotb/Downloads/Completed/zz-TV/720p/s07/The_Mentalist_S07E03_x265_720p_WEB-DL_30NAMA.mkv')
2026-07-06T13:44:25.685 thread=140369358833344 event=copy.file.done operation='copy' source=PosixPath('/home/xircon/dmnts/twotb/Downloads/Completed/720p/s07/The_Mentalist_S07E03_x265_720p_WEB-DL_30NAMA.mkv') target=PosixPath('/home/xircon/dmnts/twotb/Downloads/Completed/zz-TV/720p/s07/The_Mentalist_S07E03_x265_720p_WEB-DL_30NAMA.mkv') bytes=271673086 elapsed_seconds=0.546
2026-07-06T13:44:25.685 thread=140369358833344 event=copy.file.start operation='copy' source=PosixPath('/home/xircon/dmnts/twotb/Downloads/Completed/720p/s07/The_Mentalist_S07E09_x265_720p_WEB-DL_30NAMA.mkv') target=PosixPath('/home/xircon/dmnts/twotb/Downloads/Completed/zz-TV/720p/s07/The_Mentalist_S07E09_x265_720p_WEB-DL_30NAMA.mkv')
2026-07-06T13:44:26.187 thread=140369358833344 event=copy.file.done operation='copy' source=PosixPath('/home/xircon/dmnts/twotb/Downloads/Completed/720p/s07/The_Mentalist_S07E09_x265_720p_WEB-DL_30NAMA.mkv') target=PosixPath('/home/xircon/dmnts/twotb/Downloads/Completed/zz-TV/720p/s07/The_Mentalist_S07E09_x265_720p_WEB-DL_30NAMA.mkv') bytes=263637004 elapsed_seconds=0.502
2026-07-06T13:44:26.187 thread=140369358833344 event=copy.file.start operation='copy' source=PosixPath('/home/xircon/dmnts/twotb/Downloads/Completed/720p/s07/The_Mentalist_S07E12E13_x265_720p_WEB-DL_30NAMA.mkv') target=PosixPath('/home/xircon/dmnts/twotb/Downloads/Completed/zz-TV/720p/s07/The_Mentalist_S07E12E13_x265_720p_WEB-DL_30NAMA.mkv')
2026-07-06T13:44:27.215 thread=140369358833344 event=copy.file.done operation='copy' source=PosixPath('/home/xircon/dmnts/twotb/Downloads/Completed/720p/s07/The_Mentalist_S07E12E13_x265_720p_WEB-DL_30NAMA.mkv') target=PosixPath('/home/xircon/dmnts/twotb/Downloads/Completed/zz-TV/720p/s07/The_Mentalist_S07E12E13_x265_720p_WEB-DL_30NAMA.mkv') bytes=528405584 elapsed_seconds=1.027
2026-07-06T13:44:27.215 thread=140369358833344 event=copy.file.start operation='copy' source=PosixPath('/home/xircon/dmnts/twotb/Downloads/Completed/720p/s07/The_Mentalist_S07E10_x265_720p_WEB-DL_30NAMA.mkv') target=PosixPath('/home/xircon/dmnts/twotb/Downloads/Completed/zz-TV/720p/s07/The_Mentalist_S07E10_x265_720p_WEB-DL_30NAMA.mkv')
2026-07-06T13:44:27.733 thread=140369358833344 event=copy.file.done operation='copy' source=PosixPath('/home/xircon/dmnts/twotb/Downloads/Completed/720p/s07/The_Mentalist_S07E10_x265_720p_WEB-DL_30NAMA.mkv') target=PosixPath('/home/xircon/dmnts/twotb/Downloads/Completed/zz-TV/720p/s07/The_Mentalist_S07E10_x265_720p_WEB-DL_30NAMA.mkv') bytes=262710962 elapsed_seconds=0.517
2026-07-06T13:44:27.733 thread=140369358833344 event=copy.file.start operation='copy' source=PosixPath('/home/xircon/dmnts/twotb/Downloads/Completed/720p/s07/The_Mentalist_S07E05_x265_720p_WEB-DL_30NAMA.mkv') target=PosixPath('/home/xircon/dmnts/twotb/Downloads/Completed/zz-TV/720p/s07/The_Mentalist_S07E05_x265_720p_WEB-DL_30NAMA.mkv')
2026-07-06T13:44:28.251 thread=140369358833344 event=copy.file.done operation='copy' source=PosixPath('/home/xircon/dmnts/twotb/Downloads/Completed/720p/s07/The_Mentalist_S07E05_x265_720p_WEB-DL_30NAMA.mkv') target=PosixPath('/home/xircon/dmnts/twotb/Downloads/Completed/zz-TV/720p/s07/The_Mentalist_S07E05_x265_720p_WEB-DL_30NAMA.mkv') bytes=258084901 elapsed_seconds=0.518
2026-07-06T13:44:28.251 thread=140369358833344 event=copy.file.start operation='copy' source=PosixPath('/home/xircon/dmnts/twotb/Downloads/Completed/720p/s07/The_Mentalist_S07E04_x265_720p_WEB-DL_30NAMA.mkv') target=PosixPath('/home/xircon/dmnts/twotb/Downloads/Completed/zz-TV/720p/s07/The_Mentalist_S07E04_x265_720p_WEB-DL_30NAMA.mkv')
2026-07-06T13:44:28.777 thread=140369358833344 event=copy.file.done operation='copy' source=PosixPath('/home/xircon/dmnts/twotb/Downloads/Completed/720p/s07/The_Mentalist_S07E04_x265_720p_WEB-DL_30NAMA.mkv') target=PosixPath('/home/xircon/dmnts/twotb/Downloads/Completed/zz-TV/720p/s07/The_Mentalist_S07E04_x265_720p_WEB-DL_30NAMA.mkv') bytes=262228957 elapsed_seconds=0.526
2026-07-06T13:44:28.777 thread=140369358833344 event=copy.file.start operation='copy' source=PosixPath('/home/xircon/dmnts/twotb/Downloads/Completed/720p/s07/The_Mentalist_S07E02_x265_720p_WEB-DL_30NAMA.mkv') target=PosixPath('/home/xircon/dmnts/twotb/Downloads/Completed/zz-TV/720p/s07/The_Mentalist_S07E02_x265_720p_WEB-DL_30NAMA.mkv')
2026-07-06T13:44:29.291 thread=140369358833344 event=copy.file.done operation='copy' source=PosixPath('/home/xircon/dmnts/twotb/Downloads/Completed/720p/s07/The_Mentalist_S07E02_x265_720p_WEB-DL_30NAMA.mkv') target=PosixPath('/home/xircon/dmnts/twotb/Downloads/Completed/zz-TV/720p/s07/The_Mentalist_S07E02_x265_720p_WEB-DL_30NAMA.mkv') bytes=261906143 elapsed_seconds=0.514
2026-07-06T13:44:29.291 thread=140369358833344 event=copy.file.start operation='copy' source=PosixPath('/home/xircon/dmnts/twotb/Downloads/Completed/720p/s07/The_Mentalist_S07E07_x265_720p_WEB-DL_30NAMA.mkv') target=PosixPath('/home/xircon/dmnts/twotb/Downloads/Completed/zz-TV/720p/s07/The_Mentalist_S07E07_x265_720p_WEB-DL_30NAMA.mkv')
2026-07-06T13:44:29.831 thread=140369358833344 event=copy.file.done operation='copy' source=PosixPath('/home/xircon/dmnts/twotb/Downloads/Completed/720p/s07/The_Mentalist_S07E07_x265_720p_WEB-DL_30NAMA.mkv') target=PosixPath('/home/xircon/dmnts/twotb/Downloads/Completed/zz-TV/720p/s07/The_Mentalist_S07E07_x265_720p_WEB-DL_30NAMA.mkv') bytes=273453523 elapsed_seconds=0.539
2026-07-06T13:44:29.831 thread=140369358833344 event=copy.file.start operation='copy' source=PosixPath('/home/xircon/dmnts/twotb/Downloads/Completed/720p/s07/The_Mentalist_S07E01_x265_720p_WEB-DL_30NAMA.mkv') target=PosixPath('/home/xircon/dmnts/twotb/Downloads/Completed/zz-TV/720p/s07/The_Mentalist_S07E01_x265_720p_WEB-DL_30NAMA.mkv')
2026-07-06T13:44:30.353 thread=140369358833344 event=copy.file.done operation='copy' source=PosixPath('/home/xircon/dmnts/twotb/Downloads/Completed/720p/s07/The_Mentalist_S07E01_x265_720p_WEB-DL_30NAMA.mkv') target=PosixPath('/home/xircon/dmnts/twotb/Downloads/Completed/zz-TV/720p/s07/The_Mentalist_S07E01_x265_720p_WEB-DL_30NAMA.mkv') bytes=273260082 elapsed_seconds=0.523
2026-07-06T13:44:30.354 thread=140369358833344 event=copy.file.start operation='copy' source=PosixPath('/home/xircon/dmnts/twotb/Downloads/Completed/720p/s07/The_Mentalist_S07E08_x265_720p_WEB-DL_30NAMA.mkv') target=PosixPath('/home/xircon/dmnts/twotb/Downloads/Completed/zz-TV/720p/s07/The_Mentalist_S07E08_x265_720p_WEB-DL_30NAMA.mkv')
2026-07-06T13:44:30.874 thread=140369358833344 event=copy.file.done operation='copy' source=PosixPath('/home/xircon/dmnts/twotb/Downloads/Completed/720p/s07/The_Mentalist_S07E08_x265_720p_WEB-DL_30NAMA.mkv') target=PosixPath('/home/xircon/dmnts/twotb/Downloads/Completed/zz-TV/720p/s07/The_Mentalist_S07E08_x265_720p_WEB-DL_30NAMA.mkv') bytes=267462729 elapsed_seconds=0.52
2026-07-06T13:44:30.874 thread=140369358833344 event=copy.file.start operation='copy' source=PosixPath('/home/xircon/dmnts/twotb/Downloads/Completed/720p/s07/The_Mentalist_S07E06_x265_720p_WEB-DL_30NAMA.mkv') target=PosixPath('/home/xircon/dmnts/twotb/Downloads/Completed/zz-TV/720p/s07/The_Mentalist_S07E06_x265_720p_WEB-DL_30NAMA.mkv')
2026-07-06T13:44:31.393 thread=140369358833344 event=copy.file.done operation='copy' source=PosixPath('/home/xircon/dmnts/twotb/Downloads/Completed/720p/s07/The_Mentalist_S07E06_x265_720p_WEB-DL_30NAMA.mkv') target=PosixPath('/home/xircon/dmnts/twotb/Downloads/Completed/zz-TV/720p/s07/The_Mentalist_S07E06_x265_720p_WEB-DL_30NAMA.mkv') bytes=264364023 elapsed_seconds=0.519
2026-07-06T13:44:31.393 thread=140369358833344 event=copy.file.start operation='copy' source=PosixPath('/home/xircon/dmnts/twotb/Downloads/Completed/720p/s07/The_Mentalist_S07E11_x265_720p_WEB-DL_30NAMA.mkv') target=PosixPath('/home/xircon/dmnts/twotb/Downloads/Completed/zz-TV/720p/s07/The_Mentalist_S07E11_x265_720p_WEB-DL_30NAMA.mkv')
2026-07-06T13:44:31.918 thread=140369358833344 event=copy.file.done operation='copy' source=PosixPath('/home/xircon/dmnts/twotb/Downloads/Completed/720p/s07/The_Mentalist_S07E11_x265_720p_WEB-DL_30NAMA.mkv') target=PosixPath('/home/xircon/dmnts/twotb/Downloads/Completed/zz-TV/720p/s07/The_Mentalist_S07E11_x265_720p_WEB-DL_30NAMA.mkv') bytes=265434532 elapsed_seconds=0.524
2026-07-06T13:44:31.918 thread=140369358833344 event=copy.file.start operation='copy' source=PosixPath('/home/xircon/dmnts/twotb/Downloads/Completed/720p/s04/The_Mentalist_S04E23_x265_720p_WEB-DL_30NAMA.mkv') target=PosixPath('/home/xircon/dmnts/twotb/Downloads/Completed/zz-TV/720p/s04/The_Mentalist_S04E23_x265_720p_WEB-DL_30NAMA.mkv')
2026-07-06T13:44:32.456 thread=140369358833344 event=copy.file.done operation='copy' source=PosixPath('/home/xircon/dmnts/twotb/Downloads/Completed/720p/s04/The_Mentalist_S04E23_x265_720p_WEB-DL_30NAMA.mkv') target=PosixPath('/home/xircon/dmnts/twotb/Downloads/Completed/zz-TV/720p/s04/The_Mentalist_S04E23_x265_720p_WEB-DL_30NAMA.mkv') bytes=269750199 elapsed_seconds=0.537
2026-07-06T13:44:32.456 thread=140369358833344 event=copy.file.start operation='copy' source=PosixPath('/home/xircon/dmnts/twotb/Downloads/Completed/720p/s04/The_Mentalist_S04E02_x265_720p_WEB-DL_30NAMA.mkv') target=PosixPath('/home/xircon/dmnts/twotb/Downloads/Completed/zz-TV/720p/s04/The_Mentalist_S04E02_x265_720p_WEB-DL_30NAMA.mkv')
2026-07-06T13:44:32.995 thread=140369358833344 event=copy.file.done operation='copy' source=PosixPath('/home/xircon/dmnts/twotb/Downloads/Completed/720p/s04/The_Mentalist_S04E02_x265_720p_WEB-DL_30NAMA.mkv') target=PosixPath('/home/xircon/dmnts/twotb/Downloads/Completed/zz-TV/720p/s04/The_Mentalist_S04E02_x265_720p_WEB-DL_30NAMA.mkv') bytes=270604799 elapsed_seconds=0.539
2026-07-06T13:44:32.995 thread=140369358833344 event=copy.file.start operation='copy' source=PosixPath('/home/xircon/dmnts/twotb/Downloads/Completed/720p/s04/The_Mentalist_S04E07_x265_720p_WEB-DL_30NAMA.mkv') target=PosixPath('/home/xircon/dmnts/twotb/Downloads/Completed/zz-TV/720p/s04/The_Mentalist_S04E07_x265_720p_WEB-DL_30NAMA.mkv')
2026-07-06T13:44:33.540 thread=140369358833344 event=copy.file.done operation='copy' source=PosixPath('/home/xircon/dmnts/twotb/Downloads/Completed/720p/s04/The_Mentalist_S04E07_x265_720p_WEB-DL_30NAMA.mkv') target=PosixPath('/home/xircon/dmnts/twotb/Downloads/Completed/zz-TV/720p/s04/The_Mentalist_S04E07_x265_720p_WEB-DL_30NAMA.mkv') bytes=273099845 elapsed_seconds=0.545
2026-07-06T13:44:33.540 thread=140369358833344 event=copy.file.start operation='copy' source=PosixPath('/home/xircon/dmnts/twotb/Downloads/Completed/720p/s04/The_Mentalist_S04E15_x265_720p_WEB-DL_30NAMA.mkv') target=PosixPath('/home/xircon/dmnts/twotb/Downloads/Completed/zz-TV/720p/s04/The_Mentalist_S04E15_x265_720p_WEB-DL_30NAMA.mkv')
2026-07-06T13:44:34.059 thread=140369358833344 event=copy.file.done operation='copy' source=PosixPath('/home/xircon/dmnts/twotb/Downloads/Completed/720p/s04/The_Mentalist_S04E15_x265_720p_WEB-DL_30NAMA.mkv') target=PosixPath('/home/xircon/dmnts/twotb/Downloads/Completed/zz-TV/720p/s04/The_Mentalist_S04E15_x265_720p_WEB-DL_30NAMA.mkv') bytes=265825752 elapsed_seconds=0.519
2026-07-06T13:44:34.059 thread=140369358833344 event=copy.file.start operation='copy' source=PosixPath('/home/xircon/dmnts/twotb/Downloads/Completed/720p/s04/The_Mentalist_S04E04_x265_720p_WEB-DL_30NAMA.mkv') target=PosixPath('/home/xircon/dmnts/twotb/Downloads/Completed/zz-TV/720p/s04/The_Mentalist_S04E04_x265_720p_WEB-DL_30NAMA.mkv')
2026-07-06T13:44:34.603 thread=140369358833344 event=copy.file.done operation='copy' source=PosixPath('/home/xircon/dmnts/twotb/Downloads/Completed/720p/s04/The_Mentalist_S04E04_x265_720p_WEB-DL_30NAMA.mkv') target=PosixPath('/home/xircon/dmnts/twotb/Downloads/Completed/zz-TV/720p/s04/The_Mentalist_S04E04_x265_720p_WEB-DL_30NAMA.mkv') bytes=272763718 elapsed_seconds=0.543
2026-07-06T13:44:34.603 thread=140369358833344 event=copy.file.start operation='copy' source=PosixPath('/home/xircon/dmnts/twotb/Downloads/Completed/720p/s04/The_Mentalist_S04E17_x265_720p_WEB-DL_30NAMA.mkv') target=PosixPath('/home/xircon/dmnts/twotb/Downloads/Completed/zz-TV/720p/s04/The_Mentalist_S04E17_x265_720p_WEB-DL_30NAMA.mkv')
2026-07-06T13:44:35.132 thread=140369358833344 event=copy.file.done operation='copy' source=PosixPath('/home/xircon/dmnts/twotb/Downloads/Completed/720p/s04/The_Mentalist_S04E17_x265_720p_WEB-DL_30NAMA.mkv') target=PosixPath('/home/xircon/dmnts/twotb/Downloads/Completed/zz-TV/720p/s04/The_Mentalist_S04E17_x265_720p_WEB-DL_30NAMA.mkv') bytes=273430606 elapsed_seconds=0.529
2026-07-06T13:44:35.132 thread=140369358833344 event=copy.file.start operation='copy' source=PosixPath('/home/xircon/dmnts/twotb/Downloads/Completed/720p/s04/The_Mentalist_S04E10_x265_720p_WEB-DL_30NAMA.mkv') target=PosixPath('/home/xircon/dmnts/twotb/Downloads/Completed/zz-TV/720p/s04/The_Mentalist_S04E10_x265_720p_WEB-DL_30NAMA.mkv')
2026-07-06T13:44:35.670 thread=140369358833344 event=copy.file.done operation='copy' source=PosixPath('/home/xircon/dmnts/twotb/Downloads/Completed/720p/s04/The_Mentalist_S04E10_x265_720p_WEB-DL_30NAMA.mkv') target=PosixPath('/home/xircon/dmnts/twotb/Downloads/Completed/zz-TV/720p/s04/The_Mentalist_S04E10_x265_720p_WEB-DL_30NAMA.mkv') bytes=271197364 elapsed_seconds=0.538
2026-07-06T13:44:35.670 thread=140369358833344 event=copy.file.start operation='copy' source=PosixPath('/home/xircon/dmnts/twotb/Downloads/Completed/720p/s04/The_Mentalist_S04E24_x265_720p_WEB-DL_30NAMA.mkv') target=PosixPath('/home/xircon/dmnts/twotb/Downloads/Completed/zz-TV/720p/s04/The_Mentalist_S04E24_x265_720p_WEB-DL_30NAMA.mkv')
2026-07-06T13:44:36.208 thread=140369358833344 event=copy.file.done operation='copy' source=PosixPath('/home/xircon/dmnts/twotb/Downloads/Completed/720p/s04/The_Mentalist_S04E24_x265_720p_WEB-DL_30NAMA.mkv') target=PosixPath('/home/xircon/dmnts/twotb/Downloads/Completed/zz-TV/720p/s04/The_Mentalist_S04E24_x265_720p_WEB-DL_30NAMA.mkv') bytes=272635576 elapsed_seconds=0.538
2026-07-06T13:44:36.208 thread=140369358833344 event=copy.file.start operation='copy' source=PosixPath('/home/xircon/dmnts/twotb/Downloads/Completed/720p/s04/The_Mentalist_S04E19_x265_720p_WEB-DL_30NAMA.mkv') target=PosixPath('/home/xircon/dmnts/twotb/Downloads/Completed/zz-TV/720p/s04/The_Mentalist_S04E19_x265_720p_WEB-DL_30NAMA.mkv')
2026-07-06T13:44:36.733 thread=140369358833344 event=copy.file.done operation='copy' source=PosixPath('/home/xircon/dmnts/twotb/Downloads/Completed/720p/s04/The_Mentalist_S04E19_x265_720p_WEB-DL_30NAMA.mkv') target=PosixPath('/home/xircon/dmnts/twotb/Downloads/Completed/zz-TV/720p/s04/The_Mentalist_S04E19_x265_720p_WEB-DL_30NAMA.mkv') bytes=261988286 elapsed_seconds=0.525
2026-07-06T13:44:36.733 thread=140369358833344 event=copy.file.start operation='copy' source=PosixPath('/home/xircon/dmnts/twotb/Downloads/Completed/720p/s04/The_Mentalist_S04E13_x265_720p_WEB-DL_30NAMA.mkv') target=PosixPath('/home/xircon/dmnts/twotb/Downloads/Completed/zz-TV/720p/s04/The_Mentalist_S04E13_x265_720p_WEB-DL_30NAMA.mkv')
2026-07-06T13:44:37.242 thread=140369358833344 event=copy.file.done operation='copy' source=PosixPath('/home/xircon/dmnts/twotb/Downloads/Completed/720p/s04/The_Mentalist_S04E13_x265_720p_WEB-DL_30NAMA.mkv') target=PosixPath('/home/xircon/dmnts/twotb/Downloads/Completed/zz-TV/720p/s04/The_Mentalist_S04E13_x265_720p_WEB-DL_30NAMA.mkv') bytes=260082420 elapsed_seconds=0.508
2026-07-06T13:44:37.242 thread=140369358833344 event=copy.file.start operation='copy' source=PosixPath('/home/xircon/dmnts/twotb/Downloads/Completed/720p/s04/The_Mentalist_S04E05_x265_720p_WEB-DL_30NAMA.mkv') target=PosixPath('/home/xircon/dmnts/twotb/Downloads/Completed/zz-TV/720p/s04/The_Mentalist_S04E05_x265_720p_WEB-DL_30NAMA.mkv')
2026-07-06T13:44:37.751 thread=140369358833344 event=copy.file.done operation='copy' source=PosixPath('/home/xircon/dmnts/twotb/Downloads/Completed/720p/s04/The_Mentalist_S04E05_x265_720p_WEB-DL_30NAMA.mkv') target=PosixPath('/home/xircon/dmnts/twotb/Downloads/Completed/zz-TV/720p/s04/The_Mentalist_S04E05_x265_720p_WEB-DL_30NAMA.mkv') bytes=261966121 elapsed_seconds=0.509
2026-07-06T13:44:37.752 thread=140369358833344 event=copy.file.start operation='copy' source=PosixPath('/home/xircon/dmnts/twotb/Downloads/Completed/720p/s04/The_Mentalist_S04E21_x265_720p_WEB-DL_30NAMA.mkv') target=PosixPath('/home/xircon/dmnts/twotb/Downloads/Completed/zz-TV/720p/s04/The_Mentalist_S04E21_x265_720p_WEB-DL_30NAMA.mkv')
2026-07-06T13:44:38.268 thread=140369358833344 event=copy.file.done operation='copy' source=PosixPath('/home/xircon/dmnts/twotb/Downloads/Completed/720p/s04/The_Mentalist_S04E21_x265_720p_WEB-DL_30NAMA.mkv') target=PosixPath('/home/xircon/dmnts/twotb/Downloads/Completed/zz-TV/720p/s04/The_Mentalist_S04E21_x265_720p_WEB-DL_30NAMA.mkv') bytes=265184481 elapsed_seconds=0.517
2026-07-06T13:44:38.268 thread=140369358833344 event=copy.file.start operation='copy' source=PosixPath('/home/xircon/dmnts/twotb/Downloads/Completed/720p/s04/The_Mentalist_S04E22_x265_720p_WEB-DL_30NAMA.mkv') target=PosixPath('/home/xircon/dmnts/twotb/Downloads/Completed/zz-TV/720p/s04/The_Mentalist_S04E22_x265_720p_WEB-DL_30NAMA.mkv')
2026-07-06T13:44:38.785 thread=140369358833344 event=copy.file.done operation='copy' source=PosixPath('/home/xircon/dmnts/twotb/Downloads/Completed/720p/s04/The_Mentalist_S04E22_x265_720p_WEB-DL_30NAMA.mkv') target=PosixPath('/home/xircon/dmnts/twotb/Downloads/Completed/zz-TV/720p/s04/The_Mentalist_S04E22_x265_720p_WEB-DL_30NAMA.mkv') bytes=271378606 elapsed_seconds=0.517
2026-07-06T13:44:38.785 thread=140369358833344 event=copy.file.start operation='copy' source=PosixPath('/home/xircon/dmnts/twotb/Downloads/Completed/720p/s04/The_Mentalist_S04E01_x265_720p_WEB-DL_30NAMA.mkv') target=PosixPath('/home/xircon/dmnts/twotb/Downloads/Completed/zz-TV/720p/s04/The_Mentalist_S04E01_x265_720p_WEB-DL_30NAMA.mkv')
2026-07-06T13:44:39.315 thread=140369358833344 event=copy.file.done operation='copy' source=PosixPath('/home/xircon/dmnts/twotb/Downloads/Completed/720p/s04/The_Mentalist_S04E01_x265_720p_WEB-DL_30NAMA.mkv') target=PosixPath('/home/xircon/dmnts/twotb/Downloads/Completed/zz-TV/720p/s04/The_Mentalist_S04E01_x265_720p_WEB-DL_30NAMA.mkv') bytes=269844298 elapsed_seconds=0.53
2026-07-06T13:44:39.315 thread=140369358833344 event=copy.file.start operation='copy' source=PosixPath('/home/xircon/dmnts/twotb/Downloads/Completed/720p/s04/The_Mentalist_S04E14_x265_720p_WEB-DL_30NAMA.mkv') target=PosixPath('/home/xircon/dmnts/twotb/Downloads/Completed/zz-TV/720p/s04/The_Mentalist_S04E14_x265_720p_WEB-DL_30NAMA.mkv')
2026-07-06T13:44:39.848 thread=140369358833344 event=copy.file.done operation='copy' source=PosixPath('/home/xircon/dmnts/twotb/Downloads/Completed/720p/s04/The_Mentalist_S04E14_x265_720p_WEB-DL_30NAMA.mkv') target=PosixPath('/home/xircon/dmnts/twotb/Downloads/Completed/zz-TV/720p/s04/The_Mentalist_S04E14_x265_720p_WEB-DL_30NAMA.mkv') bytes=273229746 elapsed_seconds=0.532
2026-07-06T13:44:39.848 thread=140369358833344 event=copy.file.start operation='copy' source=PosixPath('/home/xircon/dmnts/twotb/Downloads/Completed/720p/s04/The_Mentalist_S04E06_x265_720p_WEB-DL_30NAMA.mkv') target=PosixPath('/home/xircon/dmnts/twotb/Downloads/Completed/zz-TV/720p/s04/The_Mentalist_S04E06_x265_720p_WEB-DL_30NAMA.mkv')
2026-07-06T13:44:40.361 thread=140369358833344 event=copy.file.done operation='copy' source=PosixPath('/home/xircon/dmnts/twotb/Downloads/Completed/720p/s04/The_Mentalist_S04E06_x265_720p_WEB-DL_30NAMA.mkv') target=PosixPath('/home/xircon/dmnts/twotb/Downloads/Completed/zz-TV/720p/s04/The_Mentalist_S04E06_x265_720p_WEB-DL_30NAMA.mkv') bytes=261667607 elapsed_seconds=0.513
2026-07-06T13:44:40.361 thread=140369358833344 event=copy.file.start operation='copy' source=PosixPath('/home/xircon/dmnts/twotb/Downloads/Completed/720p/s04/The_Mentalist_S04E09_x265_720p_WEB-DL_30NAMA.mkv') target=PosixPath('/home/xircon/dmnts/twotb/Downloads/Completed/zz-TV/720p/s04/The_Mentalist_S04E09_x265_720p_WEB-DL_30NAMA.mkv')
2026-07-06T13:44:40.882 thread=140369358833344 event=copy.file.done operation='copy' source=PosixPath('/home/xircon/dmnts/twotb/Downloads/Completed/720p/s04/The_Mentalist_S04E09_x265_720p_WEB-DL_30NAMA.mkv') target=PosixPath('/home/xircon/dmnts/twotb/Downloads/Completed/zz-TV/720p/s04/The_Mentalist_S04E09_x265_720p_WEB-DL_30NAMA.mkv') bytes=268722862 elapsed_seconds=0.521
2026-07-06T13:44:40.882 thread=140369358833344 event=copy.file.start operation='copy' source=PosixPath('/home/xircon/dmnts/twotb/Downloads/Completed/720p/s04/The_Mentalist_S04E03_x265_720p_WEB-DL_30NAMA.mkv') target=PosixPath('/home/xircon/dmnts/twotb/Downloads/Completed/zz-TV/720p/s04/The_Mentalist_S04E03_x265_720p_WEB-DL_30NAMA.mkv')
2026-07-06T13:44:41.400 thread=140369358833344 event=copy.file.done operation='copy' source=PosixPath('/home/xircon/dmnts/twotb/Downloads/Completed/720p/s04/The_Mentalist_S04E03_x265_720p_WEB-DL_30NAMA.mkv') target=PosixPath('/home/xircon/dmnts/twotb/Downloads/Completed/zz-TV/720p/s04/The_Mentalist_S04E03_x265_720p_WEB-DL_30NAMA.mkv') bytes=262869144 elapsed_seconds=0.518
2026-07-06T13:44:41.400 thread=140369358833344 event=copy.file.start operation='copy' source=PosixPath('/home/xircon/dmnts/twotb/Downloads/Completed/720p/s04/The_Mentalist_S04E16_x265_720p_WEB-DL_30NAMA.mkv') target=PosixPath('/home/xircon/dmnts/twotb/Downloads/Completed/zz-TV/720p/s04/The_Mentalist_S04E16_x265_720p_WEB-DL_30NAMA.mkv')
2026-07-06T13:44:41.925 thread=140369358833344 event=copy.file.done operation='copy' source=PosixPath('/home/xircon/dmnts/twotb/Downloads/Completed/720p/s04/The_Mentalist_S04E16_x265_720p_WEB-DL_30NAMA.mkv') target=PosixPath('/home/xircon/dmnts/twotb/Downloads/Completed/zz-TV/720p/s04/The_Mentalist_S04E16_x265_720p_WEB-DL_30NAMA.mkv') bytes=271102869 elapsed_seconds=0.525
2026-07-06T13:44:41.927 thread=140369358833344 event=copy.file.start operation='copy' source=PosixPath('/home/xircon/dmnts/twotb/Downloads/Completed/720p/s04/The_Mentalist_S04E08_x265_720p_WEB-DL_30NAMA.mkv') target=PosixPath('/home/xircon/dmnts/twotb/Downloads/Completed/zz-TV/720p/s04/The_Mentalist_S04E08_x265_720p_WEB-DL_30NAMA.mkv')
2026-07-06T13:44:42.460 thread=140369358833344 event=copy.file.done operation='copy' source=PosixPath('/home/xircon/dmnts/twotb/Downloads/Completed/720p/s04/The_Mentalist_S04E08_x265_720p_WEB-DL_30NAMA.mkv') target=PosixPath('/home/xircon/dmnts/twotb/Downloads/Completed/zz-TV/720p/s04/The_Mentalist_S04E08_x265_720p_WEB-DL_30NAMA.mkv') bytes=269655088 elapsed_seconds=0.534
2026-07-06T13:44:42.461 thread=140369358833344 event=copy.file.start operation='copy' source=PosixPath('/home/xircon/dmnts/twotb/Downloads/Completed/720p/s04/The_Mentalist_S04E12_x265_720p_WEB-DL_30NAMA.mkv') target=PosixPath('/home/xircon/dmnts/twotb/Downloads/Completed/zz-TV/720p/s04/The_Mentalist_S04E12_x265_720p_WEB-DL_30NAMA.mkv')
2026-07-06T13:44:42.981 thread=140369358833344 event=copy.file.done operation='copy' source=PosixPath('/home/xircon/dmnts/twotb/Downloads/Completed/720p/s04/The_Mentalist_S04E12_x265_720p_WEB-DL_30NAMA.mkv') target=PosixPath('/home/xircon/dmnts/twotb/Downloads/Completed/zz-TV/720p/s04/The_Mentalist_S04E12_x265_720p_WEB-DL_30NAMA.mkv') bytes=271824957 elapsed_seconds=0.521
2026-07-06T13:44:42.982 thread=140369358833344 event=copy.file.start operation='copy' source=PosixPath('/home/xircon/dmnts/twotb/Downloads/Completed/720p/s04/The_Mentalist_S04E20_x265_720p_WEB-DL_30NAMA.mkv') target=PosixPath('/home/xircon/dmnts/twotb/Downloads/Completed/zz-TV/720p/s04/The_Mentalist_S04E20_x265_720p_WEB-DL_30NAMA.mkv')
2026-07-06T13:44:43.504 thread=140369358833344 event=copy.file.done operation='copy' source=PosixPath('/home/xircon/dmnts/twotb/Downloads/Completed/720p/s04/The_Mentalist_S04E20_x265_720p_WEB-DL_30NAMA.mkv') target=PosixPath('/home/xircon/dmnts/twotb/Downloads/Completed/zz-TV/720p/s04/The_Mentalist_S04E20_x265_720p_WEB-DL_30NAMA.mkv') bytes=269508205 elapsed_seconds=0.523
2026-07-06T13:44:43.504 thread=140369358833344 event=copy.file.start operation='copy' source=PosixPath('/home/xircon/dmnts/twotb/Downloads/Completed/720p/s04/The_Mentalist_S04E18_x265_720p_WEB-DL_30NAMA.mkv') target=PosixPath('/home/xircon/dmnts/twotb/Downloads/Completed/zz-TV/720p/s04/The_Mentalist_S04E18_x265_720p_WEB-DL_30NAMA.mkv')
2026-07-06T13:44:44.050 thread=140369358833344 event=copy.file.done operation='copy' source=PosixPath('/home/xircon/dmnts/twotb/Downloads/Completed/720p/s04/The_Mentalist_S04E18_x265_720p_WEB-DL_30NAMA.mkv') target=PosixPath('/home/xircon/dmnts/twotb/Downloads/Completed/zz-TV/720p/s04/The_Mentalist_S04E18_x265_720p_WEB-DL_30NAMA.mkv') bytes=272270244 elapsed_seconds=0.546
2026-07-06T13:44:44.051 thread=140369358833344 event=copy.file.start operation='copy' source=PosixPath('/home/xircon/dmnts/twotb/Downloads/Completed/720p/s04/The_Mentalist_S04E11_x265_720p_WEB-DL_30NAMA.mkv') target=PosixPath('/home/xircon/dmnts/twotb/Downloads/Completed/zz-TV/720p/s04/The_Mentalist_S04E11_x265_720p_WEB-DL_30NAMA.mkv')
2026-07-06T13:44:44.565 thread=140369358833344 event=copy.file.done operation='copy' source=PosixPath('/home/xircon/dmnts/twotb/Downloads/Completed/720p/s04/The_Mentalist_S04E11_x265_720p_WEB-DL_30NAMA.mkv') target=PosixPath('/home/xircon/dmnts/twotb/Downloads/Completed/zz-TV/720p/s04/The_Mentalist_S04E11_x265_720p_WEB-DL_30NAMA.mkv') bytes=262550692 elapsed_seconds=0.514
2026-07-06T13:44:44.565 thread=140369358833344 event=copy.directory.done operation='copy' source=PosixPath('/home/xircon/dmnts/twotb/Downloads/Completed/720p') target=PosixPath('/home/xircon/dmnts/twotb/Downloads/Completed/zz-TV/720p') elapsed_seconds=81.36
2026-07-06T13:44:44.565 thread=140369358833344 event=operation.target.done operation='copy' source=PosixPath('/home/xircon/dmnts/twotb/Downloads/Completed/720p') target=PosixPath('/home/xircon/dmnts/twotb/Downloads/Completed/zz-TV/720p') done_bytes=40815633763
2026-07-06T13:44:44.565 thread=140369358833344 event=operation.worker.done operation='copy' completed=1 elapsed_seconds=81.366 done_bytes=40815633763
2026-07-06T13:44:44.566 thread=140370492091328 event=operation.completed.signal pane='Left' operation='copy' completed=1
2026-07-06T13:44:44.567 thread=140370492091328 event=operation.end active=0 queued=0
2026-07-06T13:44:44.567 thread=140370492091328 event=operation.finish pane='Left' operation='copy' completed=1 warning=None
2026-07-06T16:38:21.419 thread=140370492091328 event=pane.filesystem_tint left=PosixPath('/home/xircon/dmnts/twotb') right=PosixPath('/home/xircon/dmnts/htpc-mech/TV') left_fs=66309 right_fs=108 different=True
2026-07-06T16:38:28.594 thread=140370492091328 event=pane.filesystem_tint left=PosixPath('/home/xircon/dmnts/twotb') right=PosixPath('/home/xircon/dmnts/htpc-mech') left_fs=66309 right_fs=108 different=True
2026-07-06T16:41:21.527 thread=140370492091328 event=side_panel.width.changed width=151
2026-07-06T16:41:21.528 thread=140370492091328 event=side_panel.width.changed width=151
2026-07-06T16:41:24.634 thread=140370492091328 event=side_panel.width.changed width=151
2026-07-06T16:41:24.635 thread=140370492091328 event=side_panel.width.changed width=151
2026-07-06T16:41:32.599 thread=140370492091328 event=pane.filesystem_tint left=PosixPath('/home/xircon/Pictures') right=PosixPath('/home/xircon/dmnts/htpc-mech') left_fs=66306 right_fs=108 different=True
2026-07-06T16:41:41.201 thread=140370492091328 event=pane.filesystem_tint left=PosixPath('/home/xircon/Pictures/Screenshots') right=PosixPath('/home/xircon/dmnts/htpc-mech') left_fs=66306 right_fs=108 different=True
2026-07-06T16:41:47.551 thread=140370492091328 event=pane.filesystem_tint left=PosixPath('/home/xircon/Pictures') right=PosixPath('/home/xircon/dmnts/htpc-mech') left_fs=66306 right_fs=108 different=True
2026-07-06T16:42:03.130 thread=140370492091328 event=side_panel.width.changed width=151
2026-07-06T16:42:03.130 thread=140370492091328 event=side_panel.width.changed width=151
2026-07-06T16:42:09.138 thread=140370492091328 event=side_panel.width.changed width=151
2026-07-06T16:42:09.139 thread=140370492091328 event=side_panel.width.changed width=151
2026-07-06T16:42:13.577 thread=140370492091328 event=pane.filesystem_tint left=PosixPath('/home/xircon/Pictures/Screenshots') right=PosixPath('/home/xircon/dmnts/htpc-mech') left_fs=66306 right_fs=108 different=True
2026-07-06T16:42:19.806 thread=140370492091328 event=pane.filesystem_tint left=PosixPath('/home/xircon/Pictures') right=PosixPath('/home/xircon/dmnts/htpc-mech') left_fs=66306 right_fs=108 different=True
2026-07-06T16:42:22.887 thread=140370492091328 event=side_panel.width.changed width=151
2026-07-06T16:42:22.888 thread=140370492091328 event=side_panel.width.changed width=151
2026-07-06T16:42:30.858 thread=140370492091328 event=side_panel.width.changed width=151
2026-07-06T16:42:30.859 thread=140370492091328 event=side_panel.width.changed width=151
2026-07-06T16:42:39.982 thread=140370492091328 event=pane.filesystem_tint left=PosixPath('/home/xircon/Pictures/Screenshots') right=PosixPath('/home/xircon/dmnts/htpc-mech') left_fs=66306 right_fs=108 different=True
2026-07-06T16:42:43.474 thread=140370492091328 event=pane.filesystem_tint left=PosixPath('/home/xircon/Pictures') right=PosixPath('/home/xircon/dmnts/htpc-mech') left_fs=66306 right_fs=108 different=True
2026-07-06T16:42:53.901 thread=140370492091328 event=side_panel.width.changed width=151
2026-07-06T16:42:53.901 thread=140370492091328 event=side_panel.width.changed width=151
2026-07-06T16:43:08.342 thread=140370492091328 event=side_panel.width.changed width=151
2026-07-06T16:43:08.343 thread=140370492091328 event=side_panel.width.changed width=151
2026-07-06T16:43:16.168 thread=140370492091328 event=side_panel.width.changed width=151
2026-07-06T16:43:16.169 thread=140370492091328 event=side_panel.width.changed width=151
2026-07-06T16:44:23.131 thread=140370492091328 event=pane.filesystem_tint left=PosixPath('/home/xircon/Pictures/flameshot') right=PosixPath('/home/xircon/dmnts/htpc-mech') left_fs=66306 right_fs=108 different=True
2026-07-06T16:44:47.493 thread=140370492091328 event=pane.filesystem_tint left=PosixPath('/home/xircon/Pictures/flameshot') right=PosixPath('/home/xircon/dmnts/twotb/scripts') left_fs=66306 right_fs=66309 different=True
2026-07-06T16:45:03.748 thread=140370492091328 event=pane.filesystem_tint left=PosixPath('/home/xircon/Pictures/flameshot') right=PosixPath('/home/xircon/dmnts/twotb/scripts/pyside') left_fs=66306 right_fs=66309 different=True
2026-07-06T16:45:13.064 thread=140370492091328 event=pane.filesystem_tint left=PosixPath('/home/xircon/Pictures/flameshot') right=PosixPath('/home/xircon/dmnts/twotb/scripts/pyside/fm') left_fs=66306 right_fs=66309 different=True
2026-07-06T16:45:17.553 thread=140370492091328 event=clipboard.paste pane='Right' source='internal' operation='copy' count=1 destination=PosixPath('/home/xircon/dmnts/twotb/scripts/pyside/fm') paths=['/home/xircon/dmnts/twotb/Downloads/Completed/720p']
2026-07-06T16:45:17.553 thread=140370492091328 event=copy.request pane='Right' count=1 destination=PosixPath('/home/xircon/dmnts/twotb/scripts/pyside/fm') paths=['/home/xircon/dmnts/twotb/Downloads/Completed/720p']
2026-07-06T16:45:17.553 thread=140370492091328 event=collision.none source=PosixPath('/home/xircon/dmnts/twotb/Downloads/Completed/720p') destination=PosixPath('/home/xircon/dmnts/twotb/scripts/pyside/fm/720p')
2026-07-06T16:45:17.553 thread=140370492091328 event=copy.start_dialog pane='Right' targets=[('/home/xircon/dmnts/twotb/Downloads/Completed/720p', '/home/xircon/dmnts/twotb/scripts/pyside/fm/720p')]
2026-07-06T16:45:17.553 thread=140370492091328 event=operation.dialog.create pane='Right' operation='copy' targets=1 title='Copying files...'
2026-07-06T16:45:17.553 thread=140370492091328 event=operation.begin active=1 queued=0
2026-07-06T16:45:17.557 thread=140370492091328 event=operation.thread.started pane='Right' operation='copy' targets=1
2026-07-06T16:45:17.557 thread=140369150858944 event=operation.worker.start operation='copy' targets=1
2026-07-06T16:45:17.560 thread=140369150858944 event=operation.worker.sized operation='copy' total_bytes=40815633763 total_units=622798
2026-07-06T16:45:17.560 thread=140369150858944 event=operation.target.start operation='copy' source=PosixPath('/home/xircon/dmnts/twotb/Downloads/Completed/720p') target=PosixPath('/home/xircon/dmnts/twotb/scripts/pyside/fm/720p')
2026-07-06T16:45:17.561 thread=140369150858944 event=copy.directory.start operation='copy' source=PosixPath('/home/xircon/dmnts/twotb/Downloads/Completed/720p') target=PosixPath('/home/xircon/dmnts/twotb/scripts/pyside/fm/720p')
2026-07-06T16:45:17.563 thread=140369150858944 event=copy.file.start operation='copy' source=PosixPath('/home/xircon/dmnts/twotb/Downloads/Completed/720p/s01/The_Mentalist_S01E22_x265_720p_BluRay_30NAMA.mkv') target=PosixPath('/home/xircon/dmnts/twotb/scripts/pyside/fm/720p/s01/The_Mentalist_S01E22_x265_720p_BluRay_30NAMA.mkv')
2026-07-06T16:45:18.249 thread=140369150858944 event=copy.file.done operation='copy' source=PosixPath('/home/xircon/dmnts/twotb/Downloads/Completed/720p/s01/The_Mentalist_S01E22_x265_720p_BluRay_30NAMA.mkv') target=PosixPath('/home/xircon/dmnts/twotb/scripts/pyside/fm/720p/s01/The_Mentalist_S01E22_x265_720p_BluRay_30NAMA.mkv') bytes=278607333 elapsed_seconds=0.686
2026-07-06T16:45:18.249 thread=140369150858944 event=copy.file.start operation='copy' source=PosixPath('/home/xircon/dmnts/twotb/Downloads/Completed/720p/s01/The_Mentalist_S01E01_x265_720p_BluRay_30NAMA.mkv') target=PosixPath('/home/xircon/dmnts/twotb/scripts/pyside/fm/720p/s01/The_Mentalist_S01E01_x265_720p_BluRay_30NAMA.mkv')
2026-07-06T16:45:19.010 thread=140369150858944 event=copy.file.done operation='copy' source=PosixPath('/home/xircon/dmnts/twotb/Downloads/Completed/720p/s01/The_Mentalist_S01E01_x265_720p_BluRay_30NAMA.mkv') target=PosixPath('/home/xircon/dmnts/twotb/scripts/pyside/fm/720p/s01/The_Mentalist_S01E01_x265_720p_BluRay_30NAMA.mkv') bytes=286617254 elapsed_seconds=0.762
2026-07-06T16:45:19.011 thread=140369150858944 event=copy.file.start operation='copy' source=PosixPath('/home/xircon/dmnts/twotb/Downloads/Completed/720p/s01/The_Mentalist_S01E09_x265_720p_BluRay_30NAMA.mkv') target=PosixPath('/home/xircon/dmnts/twotb/scripts/pyside/fm/720p/s01/The_Mentalist_S01E09_x265_720p_BluRay_30NAMA.mkv')
2026-07-06T16:45:19.726 thread=140369150858944 event=copy.file.done operation='copy' source=PosixPath('/home/xircon/dmnts/twotb/Downloads/Completed/720p/s01/The_Mentalist_S01E09_x265_720p_BluRay_30NAMA.mkv') target=PosixPath('/home/xircon/dmnts/twotb/scripts/pyside/fm/720p/s01/The_Mentalist_S01E09_x265_720p_BluRay_30NAMA.mkv') bytes=280042071 elapsed_seconds=0.715
2026-07-06T16:45:19.726 thread=140369150858944 event=copy.file.start operation='copy' source=PosixPath('/home/xircon/dmnts/twotb/Downloads/Completed/720p/s01/The_Mentalist_S01E11_x265_720p_BluRay_30NAMA.mkv') target=PosixPath('/home/xircon/dmnts/twotb/scripts/pyside/fm/720p/s01/The_Mentalist_S01E11_x265_720p_BluRay_30NAMA.mkv')
2026-07-06T16:45:21.232 thread=140369150858944 event=copy.file.done operation='copy' source=PosixPath('/home/xircon/dmnts/twotb/Downloads/Completed/720p/s01/The_Mentalist_S01E11_x265_720p_BluRay_30NAMA.mkv') target=PosixPath('/home/xircon/dmnts/twotb/scripts/pyside/fm/720p/s01/The_Mentalist_S01E11_x265_720p_BluRay_30NAMA.mkv') bytes=279470760 elapsed_seconds=1.506
2026-07-06T16:45:21.232 thread=140369150858944 event=copy.file.start operation='copy' source=PosixPath('/home/xircon/dmnts/twotb/Downloads/Completed/720p/s01/The_Mentalist_S01E20_x265_720p_BluRay_30NAMA.mkv') target=PosixPath('/home/xircon/dmnts/twotb/scripts/pyside/fm/720p/s01/The_Mentalist_S01E20_x265_720p_BluRay_30NAMA.mkv')
2026-07-06T16:45:21.877 thread=140369150858944 event=copy.file.done operation='copy' source=PosixPath('/home/xircon/dmnts/twotb/Downloads/Completed/720p/s01/The_Mentalist_S01E20_x265_720p_BluRay_30NAMA.mkv') target=PosixPath('/home/xircon/dmnts/twotb/scripts/pyside/fm/720p/s01/The_Mentalist_S01E20_x265_720p_BluRay_30NAMA.mkv') bytes=276510746 elapsed_seconds=0.645
2026-07-06T16:45:21.878 thread=140369150858944 event=copy.file.start operation='copy' source=PosixPath('/home/xircon/dmnts/twotb/Downloads/Completed/720p/s01/The_Mentalist_S01E18_x265_720p_BluRay_30NAMA.mkv') target=PosixPath('/home/xircon/dmnts/twotb/scripts/pyside/fm/720p/s01/The_Mentalist_S01E18_x265_720p_BluRay_30NAMA.mkv')
2026-07-06T16:45:22.410 thread=140369150858944 event=copy.file.done operation='copy' source=PosixPath('/home/xircon/dmnts/twotb/Downloads/Completed/720p/s01/The_Mentalist_S01E18_x265_720p_BluRay_30NAMA.mkv') target=PosixPath('/home/xircon/dmnts/twotb/scripts/pyside/fm/720p/s01/The_Mentalist_S01E18_x265_720p_BluRay_30NAMA.mkv') bytes=270888295 elapsed_seconds=0.532
2026-07-06T16:45:22.410 thread=140369150858944 event=copy.file.start operation='copy' source=PosixPath('/home/xircon/dmnts/twotb/Downloads/Completed/720p/s01/The_Mentalist_S01E06_x265_720p_BluRay_30NAMA.mkv') target=PosixPath('/home/xircon/dmnts/twotb/scripts/pyside/fm/720p/s01/The_Mentalist_S01E06_x265_720p_BluRay_30NAMA.mkv')
2026-07-06T16:45:22.998 thread=140369150858944 event=copy.file.done operation='copy' source=PosixPath('/home/xircon/dmnts/twotb/Downloads/Completed/720p/s01/The_Mentalist_S01E06_x265_720p_BluRay_30NAMA.mkv') target=PosixPath('/home/xircon/dmnts/twotb/scripts/pyside/fm/720p/s01/The_Mentalist_S01E06_x265_720p_BluRay_30NAMA.mkv') bytes=279713681 elapsed_seconds=0.588
2026-07-06T16:45:22.999 thread=140369150858944 event=copy.file.start operation='copy' source=PosixPath('/home/xircon/dmnts/twotb/Downloads/Completed/720p/s01/The_Mentalist_S01E05_x265_720p_BluRay_30NAMA.mkv') target=PosixPath('/home/xircon/dmnts/twotb/scripts/pyside/fm/720p/s01/The_Mentalist_S01E05_x265_720p_BluRay_30NAMA.mkv')
2026-07-06T16:45:23.544 thread=140369150858944 event=copy.file.done operation='copy' source=PosixPath('/home/xircon/dmnts/twotb/Downloads/Completed/720p/s01/The_Mentalist_S01E05_x265_720p_BluRay_30NAMA.mkv') target=PosixPath('/home/xircon/dmnts/twotb/scripts/pyside/fm/720p/s01/The_Mentalist_S01E05_x265_720p_BluRay_30NAMA.mkv') bytes=278782312 elapsed_seconds=0.545
2026-07-06T16:45:23.544 thread=140369150858944 event=copy.file.start operation='copy' source=PosixPath('/home/xircon/dmnts/twotb/Downloads/Completed/720p/s01/The_Mentalist_S01E10_x265_720p_BluRay_30NAMA.mkv') target=PosixPath('/home/xircon/dmnts/twotb/scripts/pyside/fm/720p/s01/The_Mentalist_S01E10_x265_720p_BluRay_30NAMA.mkv')
2026-07-06T16:45:23.796 thread=140370492091328 event=operation.cancel_requested operation='copy' targets=1
2026-07-06T16:45:23.798 thread=140369150858944 event=operation.worker.canceled operation='copy' completed=0
2026-07-06T16:45:23.799 thread=140370492091328 event=operation.canceled.signal pane='Right' operation='copy' completed=0
2026-07-06T16:45:23.800 thread=140370492091328 event=operation.end active=0 queued=0
2026-07-06T16:45:23.800 thread=140370492091328 event=operation.finish pane='Right' operation='copy' completed=0 warning=None
2026-07-06T16:45:32.408 thread=140370492091328 event=clipboard.copy pane='Left' count=1 paths=['/home/xircon/Pictures/flameshot/2026-07-06_16-42.png']
2026-07-06T16:45:36.400 thread=140370492091328 event=clipboard.paste pane='Right' source='internal' operation='copy' count=1 destination=PosixPath('/home/xircon/dmnts/twotb/scripts/pyside/fm') paths=['/home/xircon/Pictures/flameshot/2026-07-06_16-42.png']
2026-07-06T16:45:36.400 thread=140370492091328 event=copy.request pane='Right' count=1 destination=PosixPath('/home/xircon/dmnts/twotb/scripts/pyside/fm') paths=['/home/xircon/Pictures/flameshot/2026-07-06_16-42.png']
2026-07-06T16:45:36.401 thread=140370492091328 event=collision.none source=PosixPath('/home/xircon/Pictures/flameshot/2026-07-06_16-42.png') destination=PosixPath('/home/xircon/dmnts/twotb/scripts/pyside/fm/2026-07-06_16-42.png')
2026-07-06T16:45:36.401 thread=140370492091328 event=copy.start_dialog pane='Right' targets=[('/home/xircon/Pictures/flameshot/2026-07-06_16-42.png', '/home/xircon/dmnts/twotb/scripts/pyside/fm/2026-07-06_16-42.png')]
2026-07-06T16:45:36.401 thread=140370492091328 event=operation.dialog.create pane='Right' operation='copy' targets=1 title='Copying files...'
2026-07-06T16:45:36.401 thread=140370492091328 event=operation.begin active=1 queued=0
2026-07-06T16:45:36.404 thread=140370492091328 event=operation.thread.started pane='Right' operation='copy' targets=1
2026-07-06T16:45:36.404 thread=140369150858944 event=operation.worker.start operation='copy' targets=1
2026-07-06T16:45:36.404 thread=140369150858944 event=operation.worker.sized operation='copy' total_bytes=301049 total_units=5
2026-07-06T16:45:36.405 thread=140369150858944 event=operation.target.start operation='copy' source=PosixPath('/home/xircon/Pictures/flameshot/2026-07-06_16-42.png') target=PosixPath('/home/xircon/dmnts/twotb/scripts/pyside/fm/2026-07-06_16-42.png')
2026-07-06T16:45:36.405 thread=140369150858944 event=copy.file.start operation='copy' source=PosixPath('/home/xircon/Pictures/flameshot/2026-07-06_16-42.png') target=PosixPath('/home/xircon/dmnts/twotb/scripts/pyside/fm/2026-07-06_16-42.png')
2026-07-06T16:45:36.405 thread=140369150858944 event=copy.file.done operation='copy' source=PosixPath('/home/xircon/Pictures/flameshot/2026-07-06_16-42.png') target=PosixPath('/home/xircon/dmnts/twotb/scripts/pyside/fm/2026-07-06_16-42.png') bytes=301049 elapsed_seconds=0.001
2026-07-06T16:45:36.406 thread=140369150858944 event=operation.target.done operation='copy' source=PosixPath('/home/xircon/Pictures/flameshot/2026-07-06_16-42.png') target=PosixPath('/home/xircon/dmnts/twotb/scripts/pyside/fm/2026-07-06_16-42.png') done_bytes=301049
2026-07-06T16:45:36.406 thread=140369150858944 event=operation.worker.done operation='copy' completed=1 elapsed_seconds=0.002 done_bytes=301049
2026-07-06T16:45:36.409 thread=140370492091328 event=operation.completed.signal pane='Right' operation='copy' completed=1
2026-07-06T16:45:36.409 thread=140370492091328 event=operation.end active=0 queued=0
2026-07-06T16:45:36.409 thread=140370492091328 event=operation.finish pane='Right' operation='copy' completed=1 warning=None
2026-07-06T16:45:42.812 thread=140370492091328 event=operation.begin active=1 queued=0
2026-07-06T16:45:47.610 thread=140370492091328 event=operation.end active=0 queued=0
2026-07-06T16:45:55.845 thread=140370492091328 event=operation.begin active=1 queued=0
2026-07-06T16:45:56.515 thread=140370492091328 event=operation.end active=0 queued=0
2026-07-06T21:39:02.586 thread=140370492091328 event=side_panel.width.changed width=151
2026-07-06T21:39:02.591 thread=140370492091328 event=side_panel.width.changed width=151
2026-07-06T21:39:06.460 thread=140370492091328 event=slideshow.open directory=PosixPath('/home/xircon/dmnts/twotb/scripts/pyside/fm') images=2 index=0
2026-07-06T21:39:26.043 thread=140370492091328 event=slideshow.close index=1
2026-07-06T21:39:30.968 thread=140370492091328 event=slideshow.open directory=PosixPath('/home/xircon/Pictures/flameshot') images=56 index=43
